<?xml version="1.0" encoding="utf-8" standalone="yes"?>
<?xml-stylesheet type="text/xsl" href="modx.prosilver.en.xsl"?>
<!--For security purposes, please check: http://www.phpbb.com/mods/ for the latest version of this MOD. Although MODs are checked before being allowed in the MODs Database there is no guarantee that there are no security problems within the MOD. No support will be given for MODs not found within the MODs Database which can be found at http://www.phpbb.com/mods/-->
<mod xmlns:xsi="http://www.w3.org/2001/XMLSchema-instance" xmlns="http://www.phpbb.com/mods/xml/modx-1.2.5.xsd">
	<header>
		<license>http://opensource.org/licenses/gpl-license.php GNU General Public License v2</license>

		<title lang="pl"><![CDATA[Przenoszone kategorie]]></title>
		<title lang="en"><![CDATA[Draggable categories]]></title>

		<description lang="pl"><![CDATA[Kategorie mogą być przenoszenie metodą przeciągnij i upuść.]]></description>
		<description lang="en"><![CDATA[This MOD will allow your members to drag'n drop all categories.]]></description>

		<author-group>
			<author>
				<username>pit</username>
			</author>
		</author-group>

		<mod-version>1.0.1</mod-version>

		<installation>
			<level>easy</level>
			<time>300</time>
		</installation>

	</header>

	<action-group>
		<copy>
			<file from="root/styles/prosilver/template/dbx.js" to="styles/prosilver/template/dbx.js" />
			<file from="root/styles/prosilver/template/dbx-key.js" to="styles/prosilver/template/dbx-key.js" />
			<file from="root/styles/se_sprites/template/dbx.js" to="styles/se_sprites/template/dbx.js" />
			<file from="root/styles/se_sprites/template/dbx-key.js" to="styles/se_sprites/template/dbx-key.js" />
			<file from="root/styles/prosilver/theme/dbx.css" to="styles/prosilver/theme/dbx.css" />
			<file from="root/styles/prosilver/theme/images/move-icon.gif" to="styles/prosilver/theme/images/move-icon.gif" />
			<file from="root/styles/prosilver/theme/images/toggle.gif" to="styles/prosilver/theme/images/toggle.gif" />
			<file from="root/styles/se_sprites/theme/dbx.css" to="styles/se_sprites/theme/dbx.css" />
			<file from="root/styles/se_sprites/theme/images/move-icon.gif" to="styles/se_sprites/theme/images/move-icon.gif" />
			<file from="root/styles/se_sprites/theme/images/toggle.gif" to="styles/se_sprites/theme/images/toggle.gif" />
		</copy>

		<open src="styles/prosilver/template/forumlist_body.html">
			<edit>
				<find><![CDATA[<!-- BEGIN forumrow -->]]></find>
				<action type="before-add"><![CDATA[<div class="dbx-group" id="category">]]></action>
			</edit>
			<edit>
				<find><![CDATA[		<div class="forabg">]]></find>
				<inline-edit>
						<inline-find><![CDATA[forabg]]></inline-find>
						<inline-action type="after-add"><![CDATA[ dbx-box]]></inline-action>
				</inline-edit>
			</edit>
			<edit>
				<find><![CDATA[						<dt><!-- IF forumrow.S_IS_CAT --><a href="{forumrow.U_VIEWFORUM}">{forumrow.FORUM_NAME}</a><!-- ELSE -->{L_FORUM}<!-- ENDIF --></dt>]]></find>
				<action type="replace-with"><![CDATA[						<dt><span class="dbx-handle">&nbsp;</span><!-- IF forumrow.S_IS_CAT --><a href="{forumrow.U_VIEWFORUM}">{forumrow.FORUM_NAME}</a><!-- ELSE -->{L_FORUM}<!-- ENDIF --></dt>]]></action>
			</edit>
			<edit>
				<find><![CDATA[			<ul class="topiclist forums">]]></find>
				<inline-edit>
						<inline-find><![CDATA[forums]]></inline-find>
						<inline-action type="after-add"><![CDATA[ dbx-content]]></inline-action>
				</inline-edit>
			</edit>
			<edit>
				<find><![CDATA[<!-- END forumrow -->]]></find>
				<action type="after-add"><![CDATA[</div>
<script type="text/javascript" src="{T_TEMPLATE_PATH}/dbx-key.js"></script>]]></action>
			</edit>
		</open>

		<open src="styles/prosilver/template/overall_header.html">
			<edit>
				<find><![CDATA[</head>]]></find>
				<action type="before-add"><![CDATA[<script type="text/javascript" src="{T_TEMPLATE_PATH}/dbx.js"></script>]]></action>
			</edit>
		</open>

		<open src="styles/se_sprites/template/overall_header.html">
			<edit>
				<find><![CDATA[</head>]]></find>
				<action type="before-add"><![CDATA[<script type="text/javascript" src="{T_TEMPLATE_PATH}/dbx.js"></script>]]></action>
			</edit>
		</open>

		<open src="styles/prosilver/theme/content.css">
			<edit>
				<find><![CDATA[li.header dt {
	font-weight: bold;
}]]></find>
				<action type="replace-with"><![CDATA[li.header dt {
	font-weight: bold;
	text-align: center;
}]]></action>
			</edit>
		</open>

		<open src="styles/prosilver/theme/stylesheet.css">
			<edit>
				<find><![CDATA[@import url("colours.css");]]></find>
				<action type="after-add"><![CDATA[@import url("dbx.css");]]></action>
			</edit>
		</open>

		<open src="styles/se_sprites/theme/stylesheet.css">
			<edit>
				<find><![CDATA[@import url("sprites.css");]]></find>
				<action type="after-add"><![CDATA[@import url("dbx.css");]]></action>
			</edit>
		</open>

		<diy-instructions lang="en"><![CDATA[Refresh your templates and themes.
Tooltip text can be changed in dbx dbx-key.js.

	'open', 										// word for "open", as in "open this box"
	'close', 										// word for "close", as in "close this box"
	'click-down and drag to move this box', 		// sentence for "move this box" by mouse
	'click to %toggle% this box', 					// pattern-match sentence for "(open|close) this box" by mouse
	
	'use the arrow keys to move this box. ', 		// sentence for "move this box" by keyboard
	'press the enter key to %toggle% this box. ',	// pattern-match sentence-fragment for "(open|close) this box" by keyboard
	
	'%mytitle%  [%dbxtitle%]', 						// pattern-match syntax for title-attribute conflicts

	'hit the enter key to select this target',		// confirm dialog sentence for "selection okay"
	'sorry, this target cannot be selected'			// confirm dialog sentence for "selection not okay"		
]]></diy-instructions>
		<diy-instructions lang="pl"><![CDATA[Odśwież szablony i motywy.
Tekst podpowiedzi można zmienić w dbx dbx-key.js.

	'open', 										// word for "open", as in "open this box"
	'close', 										// word for "close", as in "close this box"
	'click-down and drag to move this box', 		// sentence for "move this box" by mouse
	'click to %toggle% this box', 					// pattern-match sentence for "(open|close) this box" by mouse
	
	'use the arrow keys to move this box. ', 		// sentence for "move this box" by keyboard
	'press the enter key to %toggle% this box. ',	// pattern-match sentence-fragment for "(open|close) this box" by keyboard
	
	'%mytitle%  [%dbxtitle%]', 						// pattern-match syntax for title-attribute conflicts

	'hit the enter key to select this target',		// confirm dialog sentence for "selection okay"
	'sorry, this target cannot be selected'			// confirm dialog sentence for "selection not okay"
]]></diy-instructions>
	</action-group>
</mod>