SET NAMES utf8;
SET SQL_MODE='NO_AUTO_VALUE_ON_ZERO';

-- seed objects
INSERT INTO `objects` (`id`, `name`, `min_cnt`, `mass`, `class`, `price`, `premium`, `cprice`, `weight`, `make_time`, `myprice`) VALUES
(1, 'Автономный робот 168', 1, 0, 0, 0.00, 0.00, 1, 0, 0, 0.00),
(2, 'Автономный робот 720', 1, 0, 0, 0.00, 0.00, 2, 0, 0, 0.00),
(3, 'Обмен 1 конфедерата', 1, 0, 0, 0.00, 0.00, 1, 0, 0, 0.00),
(4, 'Обмен 9 конфедератов', 1, 0, 0, 0.00, 0.00, 9, 0, 0, 0.00),
(5, 'Странники', 1, 0, 0, 0.00, 0.00, 0, 0, 0, 0.00),
(6, 'Страховка конфедерации', 1, 0, 0, 0.00, 0.00, 7, 0, 0, 0.00),
(7, 'Защита конфедерации', 0, 0, 0, 0.00, 0.00, 0, 0, 0, 0.00),
(23, 'Карьер', 1, 100000, 3, 0.00, 0.00, 0, 90, 60, 0.00),
(24, 'Нанодиспенсер', 1, 100000, 3, 0.00, 0.00, 0, 50, 120, 0.00),
(25, 'Лаборатория', 1, 100000, 3, 0.00, 0.00, 0, 30, 180, 0.00),
(26, 'Капсула', 1, 100000, 0, 0.00, 0.00, 0, 0, 0, 0.00),
(27, 'Ракетная защита', 1, 100000, 3, 0.00, 50.00, 0, 15, 3600, 0.00),
(28, 'Лазерная защита', 1, 100000, 3, 0.00, 80.00, 0, 14, 1800, 0.00),
(29, 'Плазменная защита', 1, 100000, 3, 0.00, 80.00, 0, 13, 1800, 0.00),
(30, 'Коротковолновый мазер', 1, 100000, 3, 0.00, 150.00, 0, 12, 2400, 0.00),
(31, 'Планетарный щит', 1, 100000, 3, 0.00, 300.00, 0, 11, 2400, 0.00),
(33, 'Завод', 1, 100000, 3, 0.00, 0.00, 0, 40, 60, 0.00),
(34, 'Электростанция', 1, 100000, 3, 0.00, 0.00, 0, 100, 60, 0.00),
(36, 'Шахта', 1, 100000, 3, 0.00, 0.00, 0, 80, 120, 0.00),
(37, 'Буровая', 1, 100000, 3, 0.00, 0.00, 0, 70, 240, 0.00),
(38, 'Склад', 1, 100000, 3, 0.00, 0.00, 0, 60, 300, 0.00),
(39, 'Сборочный цех', 1, 100000, 3, 0.00, 0.00, 0, 10, 420, 0.00),
(50, 'Консп. курс "Обучение"', 1, 0, 0, 0.00, 0.00, 0, 0, 0, 0.00),
(51, 'Консп. курс "Геология"', 1, 0, 0, 0.00, 0.00, 0, 0, 0, 0.00),
(52, 'Консп. курс "Планетоведение"', 1, 0, 0, 0.00, 0.00, 0, 0, 0, 0.00),
(53, 'Консп. курс "Строительство"', 1, 0, 0, 0.00, 0.00, 0, 0, 0, 0.00),
(54, 'Консп. курс "Кораблестроение"', 1, 0, 0, 0.00, 0.00, 0, 0, 0, 0.00),
(55, 'Консп. курс "Исследования"', 1, 0, 0, 0.00, 0.00, 0, 0, 0, 0.00),
(56, 'Консп. курс "Торговля"', 1, 0, 0, 0.00, 0.00, 0, 0, 0, 0.00),
(57, 'Консп. курс "Военное дело"', 1, 0, 0, 0.00, 0.00, 0, 0, 0, 0.00),
(58, 'Консп. курс "Управление"', 1, 0, 0, 0.00, 0.00, 0, 0, 0, 0.00),
(1000, 'Серебро Ag', 10, 1, 1, 0.00, 0.00, 0, 0, 600, 0.41),
(1001, 'Алюминий Al', 10, 1, 1, 0.00, 0.00, 0, 0, 600, 0.72),
(1002, 'Мышьяк As', 10, 1, 1, 0.00, 0.00, 0, 0, 600, 1.00),
(1003, 'Золото Au', 10, 1, 1, 0.00, 0.00, 0, 0, 600, 0.19),
(1004, 'Бор B', 10, 1, 1, 0.00, 0.00, 0, 0, 600, 7.38),
(1005, 'Бериллий Be', 10, 1, 1, 0.00, 0.00, 0, 0, 600, 2.60),
(1006, 'Висмут Bi', 10, 1, 1, 0.00, 0.00, 0, 0, 600, 0.28),
(1007, 'Углерод C', 10, 1, 1, 0.00, 0.00, 0, 0, 600, 0.47),
(1008, 'Кальций Ca', 10, 1, 1, 0.00, 0.00, 0, 0, 600, 0.43),
(1009, 'Цезий Cs', 10, 1, 1, 0.00, 0.00, 0, 0, 600, 1.68),
(1010, 'Хлор Cl', 10, 1, 1, 0.00, 0.00, 0, 0, 600, 1.87),
(1011, 'Кобальт Co', 10, 1, 1, 0.00, 0.00, 0, 0, 600, 0.44),
(1012, 'Хром Cr', 10, 1, 1, 0.00, 0.00, 0, 0, 600, 1.23),
(1013, 'Медь Cu', 10, 1, 1, 0.00, 0.00, 0, 0, 600, 2.24),
(1014, 'Дейтерий D', 10, 1, 1, 0.00, 0.00, 0, 0, 600, 4.00),
(1015, 'Фтор F', 10, 1, 1, 0.00, 0.00, 0, 0, 600, 13.14),
(1016, 'Железо Fe', 10, 1, 1, 0.00, 0.00, 0, 0, 600, 1.60),
(1017, 'Гадолиний Gd', 10, 1, 1, 0.00, 0.00, 0, 0, 600, 1.94),
(1018, 'Германий Ge', 10, 1, 1, 0.00, 0.00, 0, 0, 600, 4.09),
(1019, 'Водород H', 100, 1, 1, 250.00, 0.00, 0, 0, 600, 0.69),
(1020, 'Ртуть Hg', 10, 1, 1, 0.00, 0.00, 0, 0, 600, 0.32),
(1021, 'Калий K', 10, 1, 1, 0.00, 0.00, 0, 0, 600, 2.97),
(1022, 'Литий Li', 10, 1, 1, 0.00, 0.00, 0, 0, 600, 13.00),
(1023, 'Магний Mg', 10, 1, 1, 0.00, 0.00, 0, 0, 600, 1.88),
(1024, 'Марганец Mn', 10, 1, 1, 0.00, 0.00, 0, 0, 600, 0.43),
(1025, 'Молибден Mo', 10, 1, 1, 0.00, 0.00, 0, 0, 600, 0.30),
(1026, 'Азот N', 10, 1, 1, 0.00, 0.00, 0, 0, 600, 1.47),
(1027, 'Натрий Na', 10, 1, 1, 0.00, 0.00, 0, 0, 600, 3.28),
(1028, 'Неодим Nd', 10, 1, 1, 0.00, 0.00, 0, 0, 600, 4.50),
(1029, 'Никель Ni', 10, 1, 1, 0.00, 0.00, 0, 0, 600, 0.21),
(1030, 'Кислород O', 10, 1, 1, 0.00, 0.00, 0, 0, 600, 0.07),
(1031, 'Фосфор P', 10, 1, 1, 0.00, 0.00, 0, 0, 600, 3.08),
(1032, 'Свинец Pb', 10, 1, 1, 0.00, 0.00, 0, 0, 600, 3.04),
(1033, 'Рубидий Rb', 10, 1, 1, 0.00, 0.00, 0, 0, 600, 1.23),
(1034, 'Сера S', 10, 1, 1, 0.00, 0.00, 0, 0, 600, 0.09),
(1035, 'Сурьма Sb', 10, 1, 1, 0.00, 0.00, 0, 0, 600, 1.05),
(1036, 'Селен Se', 10, 1, 1, 0.00, 0.00, 0, 0, 600, 3.55),
(1037, 'Кремний Si', 10, 1, 1, 0.00, 0.00, 0, 0, 600, 0.15),
(1038, 'Самарий Sm', 10, 1, 1, 0.00, 0.00, 0, 0, 600, 2.04),
(1039, 'Олово Sn', 10, 1, 1, 0.00, 0.00, 0, 0, 600, 0.25),
(1040, 'Стронций Sr', 10, 1, 1, 0.00, 0.00, 0, 0, 600, 0.41),
(1041, 'Теллур Te', 10, 1, 1, 0.00, 0.00, 0, 0, 600, 0.16),
(1042, 'Торий Th', 10, 1, 1, 0.00, 0.00, 0, 0, 600, 1.68),
(1043, 'Титан Ti', 10, 1, 1, 0.00, 0.00, 0, 0, 600, 1.19),
(1044, 'Уран U', 100, 1, 1, 500.00, 0.00, 0, 0, 600, 0.80),
(1045, 'Ванадий V', 10, 1, 1, 0.00, 0.00, 0, 0, 600, 5.00),
(1046, 'Вольфрам W', 10, 1, 1, 0.00, 0.00, 0, 0, 600, 0.61),
(1047, 'Иттрий Y', 10, 1, 1, 0.00, 0.00, 0, 0, 600, 25.00),
(1048, 'Цинк Zn', 10, 1, 1, 0.00, 0.00, 0, 0, 600, 1.42),
(1049, 'Цирконий Zr', 10, 1, 1, 0.00, 0.00, 0, 0, 600, 0.37),
(2000, 'Геологический зонд', 1, 9, 2, 0.00, 0.00, 0, 0, 30, 7.37),
(2001, 'Корпус малого шатла', 1, 170, 2, 0.00, 0.00, 0, 0, 300, 239.05),
(2002, 'Малый ядерный реактор', 1, 110, 2, 0.00, 0.00, 0, 0, 500, 327.10),
(2003, 'Антиграв. двигатель', 1, 375, 2, 0.00, 0.00, 0, 0, 150, 377.05),
(2004, 'Малый грузовой отсек', 1, 250, 2, 0.00, 0.00, 0, 0, 400, 483.50),
(2005, 'Кабина шатла', 1, 200, 2, 0.00, 0.00, 0, 0, 1200, 545.50),
(2006, 'Корпус среднего шатла', 1, 260, 2, 0.00, 0.00, 0, 0, 600, 361.90),
(2007, 'Корпус большого шатла', 1, 400, 2, 0.00, 0.00, 0, 0, 2400, 570.50),
(2008, 'Средний ядерный реактор', 1, 150, 2, 0.00, 0.00, 0, 0, 700, 445.05),
(2009, 'Малый термоядерный реактор', 1, 315, 2, 0.00, 0.00, 0, 0, 1200, 944.95),
(2010, 'Большой грузовой отсек', 1, 1050, 2, 0.00, 0.00, 0, 0, 2400, 1993.50),
(2011, 'Корпус разведчика', 1, 70, 2, 0.00, 0.00, 0, 0, 700, 309.00),
(2012, 'Гиперактивный планетарный двигатель', 1, 185, 2, 0.00, 0.00, 0, 0, 650, 192.90),
(2013, 'Кабина истребителя', 1, 395, 2, 0.00, 0.00, 0, 0, 1200, 312.10),
(2014, 'Топливно-грузовой отсек', 1, 615, 2, 0.00, 0.00, 0, 0, 900, 886.30),
(2015, 'Диффузный двигатель', 1, 470, 2, 0.00, 0.00, 0, 0, 1400, 447.65),
(2017, 'Корпус среднего транспорта', 1, 1227, 2, 0.00, 0.00, 0, 0, 1200, 2009.16),
(3001, 'Торговая станция', 1, 100000, 0, 0.00, 0.00, 0, 0, 0, 0.00),
(3002, 'Геологический спутник', 1, 100000, 8, 0.00, 0.00, 0, 90, 1200, 0.00),
(3003, 'Солнечная электростанция', 1, 100000, 8, 0.00, 0.00, 0, 100, 1200, 0.00),
(3004, 'Орбитальный склад', 1, 100000, 8, 0.00, 0.00, 0, 80, 1200, 0.00),
(3005, 'Орб. сборочный цех', 1, 100000, 8, 0.00, 0.00, 0, 70, 1200, 0.00),
(3006, 'Орб. газодобывающий завод', 1, 100000, 8, 0.00, 0.00, 0, 60, 1200, 0.00),
(3007, 'Лазерный спутник', 1, 100000, 8, 0.00, 500.00, 0, 91, 12, 0.00),
(3008, 'Плазменный спутник', 1, 100000, 8, 0.00, 500.00, 0, 92, 12, 0.00),
(3009, 'Квантовый генератор', 1, 100000, 8, 0.00, 1000.00, 0, 93, 12, 0.00),
(3010, 'Термоядерный преобразователь', 1, 100000, 8, 0.00, 0.00, 0, 85, 1200, 0.00),
(4001, 'Малый шатл', 1, 55, 4, 0.00, 2.50, 0, 0, 1200, 0.00),
(4002, 'Средний шатл', 1, 77, 4, 0.00, 3.50, 0, 0, 2400, 0.00),
(4003, 'Большой шатл', 1, 109, 4, 0.00, 10.00, 0, 0, 4800, 0.00),
(4007, 'Межпланетный шатл', 1, 193, 4, 0.00, 150.00, 0, 0, 4800, 0.00),
(5000, 'Азурит', 100, 1, 5, 0.00, 0.00, 0, 0, 300, 0.00),
(5001, 'Алабандин', 100, 1, 5, 0.00, 0.00, 0, 0, 300, 0.00),
(5002, 'Альбит', 100, 1, 5, 0.00, 0.00, 0, 0, 300, 0.00),
(5003, 'Апатит', 100, 1, 5, 0.00, 0.00, 0, 0, 300, 0.00),
(5004, 'Аргентит', 100, 1, 5, 0.00, 0.00, 0, 0, 300, 0.00),
(5005, 'Бадделеит', 100, 1, 5, 0.00, 0.00, 0, 0, 300, 0.00),
(5006, 'Берилл', 100, 1, 5, 0.00, 0.00, 0, 0, 300, 0.00),
(5007, 'Брукит', 100, 1, 5, 0.00, 0.00, 0, 0, 300, 0.00),
(5008, 'Брусит', 100, 1, 5, 0.00, 0.00, 0, 0, 300, 0.00),
(5009, 'Висмутин', 100, 1, 5, 0.00, 0.00, 0, 0, 300, 0.00),
(5010, 'Вода', 100, 1, 5, 0.00, 0.00, 0, 0, 300, 0.00),
(5011, 'Вольфрамит', 100, 1, 5, 0.00, 0.00, 0, 0, 300, 0.00),
(5012, 'Галенит', 100, 1, 5, 0.00, 0.00, 0, 0, 300, 0.00),
(5013, 'Галит', 100, 1, 5, 0.00, 0.00, 0, 0, 300, 0.00),
(5014, 'Гаусманит', 100, 1, 5, 0.00, 0.00, 0, 0, 300, 0.00),
(5015, 'Гематит', 100, 1, 5, 0.00, 0.00, 0, 0, 300, 0.00),
(5016, 'Гемиморфит', 100, 1, 5, 0.00, 0.00, 0, 0, 300, 0.00),
(5018, 'Гипс', 100, 1, 5, 0.00, 0.00, 0, 0, 300, 0.00),
(5019, 'Графит', 100, 1, 5, 0.00, 0.00, 0, 0, 300, 0.00),
(5020, 'Данбурит', 100, 1, 5, 0.00, 0.00, 0, 0, 300, 0.00),
(5021, 'Дарапскит', 100, 1, 5, 0.00, 0.00, 0, 0, 300, 0.00),
(5022, 'Диоптаз', 100, 1, 5, 0.00, 0.00, 0, 0, 300, 0.00),
(5023, 'Доломит', 100, 1, 5, 0.00, 0.00, 0, 0, 300, 0.00),
(5024, 'Дюмортьерит', 100, 1, 5, 0.00, 0.00, 0, 0, 300, 0.00),
(5025, 'Жадеит', 100, 1, 5, 0.00, 0.00, 0, 0, 300, 0.00),
(5026, 'Иллит', 100, 1, 5, 0.00, 0.00, 0, 0, 300, 0.00),
(5027, 'Ильменит', 100, 1, 5, 0.00, 0.00, 0, 0, 300, 0.00),
(5028, 'Каинит', 100, 1, 5, 0.00, 0.00, 0, 0, 300, 0.00),
(5029, 'Калаверит', 100, 1, 5, 0.00, 0.00, 0, 0, 300, 0.00),
(5030, 'Каломель', 100, 1, 5, 0.00, 0.00, 0, 0, 300, 0.00),
(5031, 'Касситерит', 100, 1, 5, 0.00, 0.00, 0, 0, 300, 0.00),
(5032, 'Кварц', 100, 1, 5, 0.00, 0.00, 0, 0, 300, 0.00),
(5033, 'Киноварь', 100, 1, 5, 0.00, 0.00, 0, 0, 300, 0.00),
(5034, 'Колвезит', 100, 1, 5, 0.00, 0.00, 0, 0, 300, 0.00),
(5035, 'Корунд', 100, 1, 5, 0.00, 0.00, 0, 0, 300, 0.00),
(5036, 'Магнетит', 100, 1, 5, 0.00, 0.00, 0, 0, 300, 0.00),
(5037, 'Мирабилит', 100, 1, 5, 0.00, 0.00, 0, 0, 300, 0.00),
(5038, 'Молибденит', 100, 1, 5, 0.00, 0.00, 0, 0, 300, 0.00),
(5039, 'Монацит', 100, 1, 5, 0.00, 0.00, 0, 0, 300, 0.00),
(5040, 'Мусковит', 100, 1, 5, 0.00, 0.00, 0, 0, 300, 0.00),
(5041, 'Настуран', 100, 1, 5, 0.00, 0.00, 0, 0, 300, 0.00),
(5042, 'Опал', 100, 1, 5, 0.00, 0.00, 0, 0, 300, 0.00),
(5043, 'Пентландит', 100, 1, 5, 0.00, 0.00, 0, 0, 300, 0.00),
(5044, 'Перовскит', 100, 1, 5, 0.00, 0.00, 0, 0, 300, 0.00),
(5045, 'Петалит', 100, 1, 5, 0.00, 0.00, 0, 0, 300, 0.00),
(5046, 'Пираргирит', 100, 1, 5, 0.00, 0.00, 0, 0, 300, 0.00),
(5047, 'Реальгар', 100, 1, 5, 0.00, 0.00, 0, 0, 300, 0.00),
(5048, 'Ринерит', 100, 1, 5, 0.00, 0.00, 0, 0, 300, 0.00),
(5049, 'Рубицин', 100, 1, 5, 0.00, 0.00, 0, 0, 300, 0.00),
(5050, 'Сильванит', 100, 1, 5, 0.00, 0.00, 0, 0, 300, 0.00),
(5051, 'Стронцианит', 100, 1, 5, 0.00, 0.00, 0, 0, 300, 0.00),
(5052, 'Тальк', 100, 1, 5, 0.00, 0.00, 0, 0, 300, 0.00),
(5053, 'Турманит', 100, 1, 5, 0.00, 0.00, 0, 0, 300, 0.00),
(5054, 'Уваровит', 100, 1, 5, 0.00, 0.00, 0, 0, 300, 0.00),
(5055, 'Флюорит', 100, 1, 5, 0.00, 0.00, 0, 0, 300, 0.00),
(5056, 'Циркон', 100, 1, 5, 0.00, 0.00, 0, 0, 300, 0.00),
(5057, 'Шеелит', 100, 1, 5, 0.00, 0.00, 0, 0, 300, 0.00),
(5058, 'Эвдиалит', 100, 1, 5, 0.00, 0.00, 0, 0, 300, 0.00),
(5059, 'Эритрин', 100, 1, 5, 0.00, 0.00, 0, 0, 300, 0.00),
(5060, 'Ярозит', 100, 1, 5, 0.00, 0.00, 0, 0, 300, 0.00),
(6000, 'Чертеж геологического зонда', 1, 0, 6, 150.00, 0.00, 0, 0, 10, 0.00),
(6001, 'Чертеж корпуса шатла', 1, 0, 6, 350.00, 0.00, 0, 0, 450, 0.00),
(6002, 'Чертеж малого ядерного реактора', 1, 0, 6, 3000.00, 0.00, 0, 0, 750, 0.00),
(6003, 'Чертеж антиграв. двигателя', 1, 0, 6, 150.00, 0.00, 0, 0, 750, 0.00),
(6004, 'Чертеж малого грузового отсека', 1, 0, 6, 450.00, 0.00, 0, 0, 200, 0.00),
(6005, 'Чертеж кабины шатла', 1, 0, 6, 250.00, 0.00, 0, 0, 450, 0.00),
(6006, 'Чертеж корпуса среднего шатла', 1, 0, 6, 350.00, 0.00, 0, 0, 900, 0.00),
(6007, 'Чертеж корпуса большого шатла', 1, 0, 6, 500.00, 0.00, 0, 0, 2900, 0.00),
(6008, 'Чертеж среднего ядерного реактора', 1, 0, 6, 0.00, 0.00, 0, 0, 1200, 0.00),
(6009, 'Чертеж малого термоядерного реактора', 1, 0, 6, 7500.00, 0.00, 0, 0, 1600, 0.00),
(6010, 'Чертеж большого грузового отсека', 1, 0, 6, 0.00, 0.00, 0, 0, 2800, 0.00),
(6011, 'Чертеж диффузного двигателя', 1, 0, 6, 600.00, 0.00, 0, 0, 1400, 0.00),
(7001, 'Макет малого шатла', 1, 0, 7, 1000.00, 0.00, 0, 0, 1200, 0.00),
(7002, 'Макет среднего шатла', 1, 0, 7, 0.00, 0.00, 0, 0, 2400, 0.00),
(7003, 'Макет большого шатла', 1, 0, 7, 4000.00, 0.00, 0, 0, 4800, 0.00),
(7004, 'Макет разведчика', 1, 0, 7, 10000.00, 0.00, 0, 0, 2400, 0.00),
(7005, 'Макет межпланетного м. транспорта', 1, 0, 7, 0.00, 0.00, 0, 0, 3200, 0.00),
(7006, 'Макет межпланетного с. транспорта', 1, 0, 7, 0.00, 0.00, 0, 0, 4800, 0.00),
(7007, 'Макет межпланетного шатла', 1, 0, 7, 60000.00, 0.00, 0, 0, 4800, 0.00),
(7008, 'Макет межпланетного с. шатла', 1, 0, 7, 0.00, 0.00, 0, 0, 5600, 0.00),
(7009, 'Макет меж. транспорта тягача', 1, 0, 7, 0.00, 0.00, 0, 0, 9200, 0.00),
(9001, 'Малый шатл К', 1, 1105, 9, 2400.00, 0.00, 0, 0, 1200, 1972.20),
(9002, 'Средний шатл К', 1, 1535, 9, 0.00, 0.00, 0, 0, 2400, 2634.50),
(9003, 'Большой шатл К', 1, 2175, 9, 4000.00, 0.00, 0, 0, 4800, 3931.60),
(9007, 'Межпланетный шатл К', 1, 3860, 9, 8000.00, 0.00, 0, 0, 4800, 6872.65),
(9009, 'Транспортный гипер К', 1, 12914, 9, 32000.00, 0.00, 0, 0, 7200, 28110.30),
(9010, 'Транспортный гипер корабль', 1, 646, 4, 0.00, 30.00, 0, 0, 7200, 0.00),
(9011, 'Кабина транспортного корабля', 1, 1175, 2, 0.00, 0.00, 0, 0, 1200, 2642.75),
(9013, 'Магнитно резонансный щит', 1, 1414, 2, 0.00, 0.00, 0, 0, 1200, 3225.28),
(9014, 'Макет гипер транспорта', 1, 0, 7, 12000.00, 0.00, 0, 0, 12000, 0.00),
(9015, 'Чертеж гиперактивного п. двигателя', 1, 0, 6, 2500.00, 0.00, 0, 0, 2400, 0.00),
(9016, 'Чертеж кабины транспортного корабля', 1, 0, 6, 1800.00, 0.00, 0, 0, 900, 0.00),
(9017, 'Чертеж корпуса среднего транспорта', 1, 0, 6, 14000.00, 0.00, 0, 0, 3200, 0.00),
(9018, 'Чертеж магнитнорезонансного щита', 1, 0, 6, 9800.00, 0.00, 0, 0, 1300, 0.00),
(9019, 'Чертеж топливно-грузового отсека', 1, 0, 6, 13000.00, 0.00, 0, 0, 1400, 0.00),
(9021, 'Истребитель', 1, 253, 4, 0.00, 25.00, 0, 0, 7200, 0.00),
(9022, 'Истребитель К', 1, 5052, 9, 9200.00, 0.00, 0, 0, 7200, 8267.45),
(9023, 'Корпус истребителя', 1, 468, 2, 0.00, 0.00, 0, 0, 1200, 522.27),
(9024, 'Лазерная турель', 1, 250, 2, 0.00, 0.00, 0, 0, 800, 207.00),
(9025, 'Макет истребителя', 1, 0, 7, 10000.00, 0.00, 0, 0, 10000, 0.00),
(9026, 'Чертеж корпуса истребителя', 1, 0, 6, 3000.00, 0.00, 0, 0, 4800, 0.00),
(9027, 'Чертеж лазерной турели', 1, 0, 6, 2000.00, 0.00, 0, 0, 4600, 0.00),
(9028, 'Чертеж кабины истребителя', 1, 0, 6, 2000.00, 0.00, 0, 0, 2400, 0.00),
(9029, 'Орбитальная платформа', 1, 1215, 2, 0.00, 0.00, 0, 0, 2400, 1558.00),
(9030, 'Лазерный модуль', 1, 325, 2, 0.00, 0.00, 0, 0, 2400, 604.75),
(9031, 'Плазменный модуль', 1, 53, 2, 0.00, 0.00, 0, 0, 2400, 276.55),
(9032, 'Квантовый модуль', 1, 125, 2, 0.00, 0.00, 0, 0, 6200, 539.25),
(9033, 'Орбитальный реактор', 1, 60, 2, 0.00, 0.00, 0, 0, 1200, 307.00),
(9034, 'Орбитальные наноботы', 1, 30, 2, 0.00, 0.00, 0, 0, 600, 20.45),
(9036, 'Чертеж квантового модуля', 1, 0, 6, 0.00, 0.00, 0, 0, 7200, 0.00),
(9037, 'Чертеж лазерного модуля', 1, 0, 6, 0.00, 0.00, 0, 0, 7200, 0.00),
(9038, 'Чертеж орбитальной платформы', 1, 0, 6, 14000.00, 0.00, 0, 0, 12000, 0.00),
(9039, 'Чертеж орбитальных наноботов', 1, 0, 6, 2000.00, 0.00, 0, 0, 2400, 0.00),
(9040, 'Чертеж орбитального реактора', 1, 0, 6, 6000.00, 0.00, 0, 0, 4800, 0.00),
(9041, 'Чертеж плазменного модуля', 1, 0, 6, 0.00, 0.00, 0, 0, 4800, 0.00),
(9042, 'Корвет', 1, 696, 4, 0.00, 65.00, 0, 0, 9600, 0.00),
(9043, 'Корвет К', 1, 13923, 9, 30000.00, 0.00, 0, 0, 9600, 24727.98),
(9044, 'Корпус корвета', 1, 1800, 2, 0.00, 0.00, 0, 0, 9700, 2810.47),
(9045, 'Плазменная турель', 1, 312, 2, 0.00, 0.00, 0, 0, 1200, 493.25),
(9046, 'Аккумулятор плазмы', 1, 420, 2, 0.00, 0.00, 0, 0, 1200, 1320.40),
(9047, 'Нанозащитное покрытие', 1, 567, 2, 0.00, 0.00, 0, 0, 8200, 1064.83),
(9048, 'Макет корвета', 1, 0, 7, 26000.00, 0.00, 0, 0, 10800, 0.00),
(9049, 'Чертеж аккумулятора плазмы', 1, 0, 6, 3000.00, 0.00, 0, 0, 8900, 0.00),
(9050, 'Чертеж корпуса корвета', 1, 0, 6, 24000.00, 0.00, 0, 0, 12000, 0.00),
(9051, 'Чертеж нанозащитного покрытия', 1, 0, 6, 10500.00, 0.00, 0, 0, 4500, 0.00),
(9052, 'Чертеж плазменной турели', 1, 0, 6, 21000.00, 0.00, 0, 0, 3400, 0.00),
(9053, 'Линкор', 1, 2905, 4, 0.00, 900.00, 0, 0, 10800, 0.00),
(9054, 'Линкор К', 1, 58093, 9, 125000.00, 0.00, 0, 0, 10800, 101246.15),
(9055, 'Корпус линкора', 1, 14205, 2, 0.00, 0.00, 0, 0, 4800, 22232.10),
(9056, 'Межгалактический двигатель', 1, 2810, 2, 0.00, 0.00, 0, 0, 3200, 3558.00),
(9057, 'Средний термоядерный реактор', 1, 1885, 2, 0.00, 0.00, 0, 0, 9200, 5241.55),
(9058, 'Капитанский мостик', 1, 2122, 2, 0.00, 0.00, 0, 0, 12000, 3582.75),
(9059, 'Каюта экипажа', 1, 3924, 2, 0.00, 0.00, 0, 0, 2400, 5216.40),
(9060, 'Чертеж капитанского мостика', 1, 0, 6, 37000.00, 0.00, 0, 0, 24000, 0.00),
(9061, 'Чертеж каюты экипажа', 1, 0, 6, 27000.00, 0.00, 0, 0, 18000, 0.00),
(9062, 'Чертеж корпуса линкора', 1, 0, 6, 120000.00, 0.00, 0, 0, 12000, 0.00),
(9063, 'Чертеж межгалактического двигателя', 1, 0, 6, 0.00, 0.00, 0, 0, 9800, 0.00),
(9064, 'Чертеж среднего термоядерного реактора', 1, 0, 6, 49500.00, 0.00, 0, 0, 12000, 0.00),
(9066, 'Макет линкора', 1, 0, 7, 360000.00, 0.00, 30, 0, 10800, 0.00),
(9067, 'Фрегат', 1, 2672, 4, 0.00, 900.00, 0, 0, 10800, 0.00),
(9068, 'Фрегат К', 1, 53447, 9, 92000.00, 0.00, 0, 0, 10800, 88158.29),
(9069, 'Корпус фрегата', 1, 13720, 2, 0.00, 0.00, 0, 0, 4800, 21839.15),
(9070, 'Макет фрегата', 1, 0, 7, 360000.00, 0.00, 0, 0, 24000, 0.00),
(9071, 'Чертеж корпуса фрегата', 1, 0, 6, 120000.00, 0.00, 0, 0, 12000, 0.00),
(9072, 'Линкор-М', 1, 2762, 4, 0.00, 900.00, 0, 0, 10800, 0.00),
(9073, 'Линкор-М К', 1, 55248, 9, 0.00, 0.00, 0, 0, 10800, 98470.17),
(9074, 'Макет линкора-М', 1, 0, 7, 0.00, 0.00, 0, 0, 12600, 0.00),
(9075, 'Квантовая турель', 1, 134, 2, 0.00, 0.00, 0, 0, 2400, 592.02),
(9076, 'Чертеж квантовой турели', 1, 0, 6, 75000.00, 0.00, 0, 0, 12000, 0.00),
(9077, 'Линкор-Т', 1, 2505, 4, 0.00, 900.00, 0, 0, 10800, 0.00),
(9078, 'Линкор-Т К', 1, 50098, 9, 0.00, 0.00, 0, 0, 10800, 83543.32),
(9079, 'Макет линкора-Т', 1, 0, 7, 0.00, 0.00, 0, 0, 16200, 0.00),
(9080, 'Бомбардировщик', 1, 2403, 4, 0.00, 1050.00, 0, 0, 12000, 0.00),
(9081, 'Бомбардировщик К', 1, 48051, 9, 85000.00, 0.00, 0, 0, 12000, 78307.93),
(9082, 'Макет бомбардировщика', 1, 0, 7, 420000.00, 0.00, 0, 0, 24000, 0.00),
(9083, 'Бомбовый отсек', 1, 660, 2, 0.00, 0.00, 0, 0, 3200, 982.95),
(9084, 'Чертеж бомбового отсека', 1, 0, 6, 0.00, 0.00, 0, 0, 9400, 0.00),
(9085, 'Чертеж упаковки кислорода', 1, 0, 6, 300.00, 0.00, 0, 0, 1200, 0.00),
(9086, 'Упаковка кислорода', 1, 10, 2, 0.00, 0.00, 0, 0, 45, 700.00),
(9087, 'Чертеж упаковки водорода', 1, 0, 6, 300.00, 0.00, 0, 0, 1200, 0.00),
(9088, 'Упаковка водорода', 1, 10, 2, 0.00, 0.00, 0, 0, 45, 6900.00),
(9089, 'Чертеж упаковки азота', 1, 0, 6, 300.00, 0.00, 0, 0, 1200, 0.00),
(9090, 'Чертеж упаковки хлора', 1, 0, 6, 300.00, 0.00, 0, 0, 1200, 0.00),
(9091, 'Упаковка азота', 1, 10, 2, 0.00, 0.00, 0, 0, 45, 14700.00),
(9092, 'Упаковка хлора', 1, 10, 2, 0.00, 0.00, 0, 0, 45, 18700.00),
(9093, 'Разведчик', 1, 238, 4, 0.00, 25.00, 0, 0, 3200, 0.00),
(9094, 'Разведчик К', 1, 4764, 9, 6800.00, 0.00, 0, 0, 3200, 6227.82),
(9095, 'Радар', 1, 99, 2, 0.00, 0.00, 0, 0, 400, 155.17),
(9097, 'Чертеж корпуса разведчика', 1, 0, 6, 23000.00, 0.00, 0, 0, 3200, 0.00),
(9098, 'Чертеж радара', 1, 0, 6, 12000.00, 0.00, 0, 0, 0, 0.00),
(9099, 'Уничтожитель', 1, 8345, 4, 0.00, 1200.00, 0, 0, 21600, 0.00),
(9100, 'Уничтожитель К', 1, 166890, 9, 305000.00, 0.00, 10, 0, 21600, 297818.72),
(9101, 'Макет уничтожителя', 1, 0, 7, 0.00, 0.00, 45, 0, 0, 0.00),
(9102, 'Фотонный двигатель', 1, 2379, 2, 0.00, 0.00, 0, 0, 4800, 4905.86),
(9103, 'Чертеж фотонного двигателя', 1, 0, 6, 190000.00, 0.00, 0, 0, 9600, 0.00),
(9104, 'Плазменный индуктор', 1, 10190, 2, 0.00, 0.00, 0, 0, 2400, 32016.70),
(9105, 'Чертеж плазменного индуктора', 1, 0, 6, 0.00, 0.00, 0, 0, 12000, 0.00),
(9106, 'Несущая конструкция', 1, 10312, 2, 0.00, 0.00, 0, 0, 12000, 12924.32),
(9107, 'Чертеж несущей конструкции', 1, 0, 6, 200000.00, 0.00, 0, 0, 24000, 0.00),
(9108, 'Нос уничтожителя', 1, 9860, 2, 0.00, 0.00, 0, 0, 9400, 12879.30),
(9109, 'Чертеж носа уничтожителя', 1, 0, 6, 95000.00, 0.00, 0, 0, 12000, 0.00),
(9110, 'Корма уничтожителя', 1, 5526, 2, 0.00, 0.00, 0, 0, 4800, 8626.34),
(9111, 'Чертеж кормы уничтожителя', 1, 0, 6, 95000.00, 0.00, 0, 0, 12000, 0.00),
(9112, 'Гравитационный щит', 1, 1492, 2, 0.00, 0.00, 0, 0, 9200, 2289.25),
(9113, 'Чертеж гравитационного щита', 1, 0, 6, 48000.00, 0.00, 0, 0, 21600, 0.00),
(9114, 'Потоковый плазмотрон', 1, 1248, 2, 0.00, 0.00, 0, 0, 9800, 1973.00),
(9115, 'Чертеж плазмотрона', 1, 0, 6, 0.00, 0.00, 0, 0, 16800, 0.00),
(9116, 'Большой термоядерный реактор', 1, 5720, 2, 0.00, 0.00, 0, 0, 11200, 15327.20),
(9117, 'Чертеж большого термоядерного реактора', 1, 0, 6, 0.00, 0.00, 0, 0, 24000, 0.00),
(9118, 'Модуль удаленного управления', 1, 0, 2, 150000.00, 0.00, 10, 0, 0, 409.05),
(9119, 'Чертеж модуля удаленного управления', 1, 0, 6, 0.00, 0.00, 0, 0, 0, 0.00),
(9120, 'Корпус корабля удаленного управления', 1, 2340, 2, 0.00, 0.00, 0, 0, 9600, 2685.80),
(9121, 'Чертеж корпуса корабля удаленного управления', 1, 0, 6, 80000.00, 0.00, 0, 0, 1200, 0.00),
(9122, 'Макет корабля удаленного управления', 1, 0, 7, 180000.00, 0.00, 0, 0, 24000, 0.00),
(9123, 'Корабль удаленного управления', 1, 381, 4, 0.00, 450.00, 0, 0, 6200, 0.00),
(9124, 'Корабль УУ К', 1, 7615, 9, 0.00, 0.00, 15, 0, 6200, 12908.97),
(9125, 'Истребитель-М К', 1, 5872, 9, 0.00, 0.00, 0, 0, 7200, 9267.70),
(9126, 'Истребитель-Т К', 1, 6583, 9, 0.00, 0.00, 0, 0, 7200, 12545.58),
(9127, 'Истребитель-М', 1, 294, 4, 0.00, 25.00, 0, 0, 7200, 0.00),
(9128, 'Истребитель-Т', 1, 329, 4, 0.00, 25.00, 0, 0, 7200, 0.00),
(9129, 'Макет истребителя-М', 1, 0, 7, 0.00, 0.00, 0, 0, 12000, 0.00),
(9130, 'Макет истребителя-Т', 1, 0, 7, 0.00, 0.00, 0, 0, 14000, 0.00),
(9131, 'Ионный двигатель', 1, 645, 2, 0.00, 0.00, 0, 0, 4800, 1663.35),
(9132, 'Чертеж ионного двигателя', 1, 0, 6, 0.00, 0.00, 0, 0, 4800, 0.00),
(9133, 'Макет разведчика-Д', 1, 0, 7, 0.00, 0.00, 0, 0, 4800, 0.00),
(9134, 'Разведчик-Д', 1, 119, 4, 0.00, 25.00, 0, 0, 9200, 0.00),
(9135, 'Разведчик-Д К', 1, 2389, 9, 0.00, 0.00, 0, 0, 9200, 5154.92),
(9136, 'Штурмовик', 1, 1026, 4, 0.00, 350.00, 0, 0, 8400, 0.00),
(9137, 'Штурмовик К', 1, 20528, 9, 36000.00, 0.00, 0, 0, 8400, 34290.17),
(9138, 'Макет штурмовика', 1, 0, 7, 140000.00, 0.00, 0, 0, 9200, 0.00),
(9139, 'Чертеж корпуса штурмовика', 1, 0, 6, 90000.00, 0.00, 0, 0, 7200, 0.00),
(9140, 'Корпус штурмовика', 1, 2090, 2, 0.00, 0.00, 0, 0, 7200, 2754.55),
(9141, 'Тритит', 1, 0, 4, 0.00, 10.00, 0, 0, 250, 0.00),
(9142, 'Тритит К', 1, 5, 9, 0.00, 0.00, 0, 0, 250, 275.00),
(9143, 'Тритий T', 10, 1, 1, 0.00, 0.00, 0, 0, 600, 55.00),
(9144, 'Макет тритита', 1, 0, 7, 0.00, 0.00, 0, 0, 0, 0.00),
(9145, 'Тритит М К', 1, 10, 9, 0.00, 0.00, 0, 0, 250, 550.00),
(9146, 'Тритит М', 1, 1, 4, 0.00, 10.00, 0, 0, 250, 0.00),
(9147, 'Макет тритита М', 1, 0, 7, 0.00, 0.00, 0, 0, 0, 0.00),
(9148, 'Тритит Т', 1, 1, 4, 0.00, 10.00, 0, 0, 250, 0.00),
(9149, 'Тритит Т К', 1, 15, 9, 0.00, 0.00, 0, 0, 250, 825.00),
(9150, 'Макет тритита Т', 1, 0, 7, 0.00, 0.00, 0, 0, 0, 0.00),
(9151, 'Патрульный катер', 1, 168, 4, 0.00, 15.00, 0, 0, 600, 0.00),
(9152, 'Макет патрульного катера', 1, 0, 7, 0.00, 0.00, 0, 0, 0, 0.00),
(9153, 'Патрульный катер К', 1, 3368, 9, 2000.00, 0.00, 0, 0, 0, 6317.40),
(9154, 'Лазерная пушка', 1, 170, 2, 0.00, 0.00, 0, 0, 210, 190.00),
(9155, 'Чертеж лазерной пушки', 1, 0, 6, 450.00, 0.00, 0, 0, 370, 0.00),
(9156, 'Модуль гиперперехвата', 1, 50, 2, 0.00, 0.00, 10, 0, 2700, 1158.65),
(9157, 'Чертеж модуля гиперперехвата', 1, 0, 6, 250000.00, 0.00, 20, 0, 0, 0.00),
(9158, 'Гиперперехватчик', 1, 2941, 4, 0.00, 600.00, 0, 0, 16000, 0.00),
(9159, 'Макет гиперперехватчика', 1, 0, 7, 240000.00, 0.00, 0, 0, 16000, 0.00),
(9160, 'Гиперперехватчик К', 1, 58822, 9, 120000.00, 0.00, 0, 0, 16000, 103227.03),
(9161, 'Авианосец', 1, 3337, 4, 0.00, 900.00, 0, 0, 12000, 0.00),
(9162, 'Авианосец К', 1, 66735, 9, 130000.00, 0.00, 0, 0, 12000, 125110.33),
(9163, 'Макет авианосца', 1, 0, 7, 360000.00, 0.00, 0, 0, 12000, 0.00),
(9164, 'Палуба авианосца', 1, 2865, 2, 0.00, 0.00, 0, 0, 7200, 3278.80),
(9165, 'Чертеж палубы авианосца', 1, 0, 6, 85000.00, 0.00, 0, 0, 7200, 0.00),
(9166, 'F.A.Q. / ЧаВо', 1, 0, 0, 0.00, 0.00, 0, 0, 0, 0.00),
(9167, 'Истребитель странников', 1, 346, 4, 0.00, 50.00, 0, 0, 0, 0.00),
(9168, 'Истребитель странников К', 1, 6911, 9, 0.00, 0.00, 1, 0, 7200, 12763.71),
(9169, 'Макет истребителя странников', 1, 0, 7, 0.00, 0.00, 10, 0, 0, 0.00),
(9170, 'Гипердвигатель странников', 1, 190, 2, 0.00, 0.00, 0, 0, 2400, 208.60),
(9171, 'Планетарный двигатель странников', 1, 90, 2, 0.00, 0.00, 0, 0, 2400, 166.33),
(9172, 'Глюонный реактор', 1, 200, 2, 0.00, 0.00, 0, 0, 1200, 2115.00),
(9173, 'Чертеж глюонного реактора', 1, 0, 6, 0.00, 0.00, 4, 0, 0, 0.00),
(9174, 'Чертеж гипердвигателя странников', 1, 0, 6, 0.00, 0.00, 5, 0, 0, 0.00),
(9175, 'Чертеж планетарного двигателя странников', 1, 0, 6, 0.00, 0.00, 3, 0, 0, 0.00),
(9176, 'Охотник странников', 1, 691, 4, 0.00, 70.00, 0, 0, 9600, 0.00),
(9177, 'Охотник странников К', 1, 13824, 9, 0.00, 0.00, 2, 0, 9600, 27302.41),
(9178, 'Макет охотника странников', 1, 0, 7, 0.00, 0.00, 20, 0, 0, 0.00),
(9179, 'Авианосец странников К', 1, 32406, 9, 0.00, 0.00, 4, 0, 24000, 48748.93),
(9180, 'Авианосец странников', 1, 1620, 4, 0.00, 900.00, 0, 0, 24000, 0.00),
(9181, 'Макет авианосца странников', 1, 0, 7, 0.00, 0.00, 40, 0, 0, 0.00),
(9182, 'Будёновка', 1, 1, 2, 0.00, 0.00, 0, 0, 0, 6.74),
(9183, 'Выкройка будёновки', 1, 0, 6, 0.00, 0.00, 0, 0, 0, 0.00),
(9184, 'Антирадар', 1, 470, 2, 0.00, 0.00, 0, 0, 800, 9406.20),
(9185, 'Чертеж антирадара', 1, 0, 6, 0.00, 0.00, 2, 0, 0, 0.00),
(9186, 'Корабль прикрытия', 1, 284, 4, 0.00, 60.00, 0, 0, 4200, 0.00),
(9187, 'Макет корабля прикрытия', 1, 0, 7, 24000.00, 0.00, 2, 0, 4800, 0.00),
(9188, 'Корабль прикрытия К', 1, 5685, 9, 20000.00, 0.00, 0, 0, 5600, 19471.45),
(9189, 'Подарок от Деда Мороза', 1, 0, 2, 0.00, 0.00, 0, 0, 10, 275034.41),
(9190, 'Подарок от Деда Мороза', 1, 0, 2, 0.00, 0.00, 0, 0, 10, 303924.12),
(9191, 'Подарок от Деда Мороза', 1, 0, 2, 0.00, 0.00, 0, 0, 10, 1047959.12),
(9192, 'Подарок от Деда Мороза', 1, 0, 2, 0.00, 0.00, 0, 0, 10, 398561.47),
(9193, 'Подарок от Деда Мороза', 1, 0, 2, 0.00, 0.00, 0, 0, 10, 123482.77),
(9194, 'Подарок от Деда Мороза', 1, 0, 2, 0.00, 0.00, 0, 0, 10, 611050.44),
(9195, 'Мешок', 1, 0, 6, 0.00, 0.00, 0, 0, 0, 0.00),
(9196, 'Разведчик странников', 1, 123, 4, 0.00, 250.00, 0, 0, 0, 0.00),
(9197, 'Разведчик странников К', 1, 2465, 9, 15000.00, 0.00, 1, 0, 5600, 14211.44),
(9198, 'Макет разведчика странников', 1, 0, 7, 0.00, 0.00, 50, 0, 0, 0.00),
(9199, 'Радар странников', 1, 220, 2, 0.00, 0.00, 5, 0, 4000, 8498.20),
(9200, 'Чертеж радара странников', 1, 0, 6, 0.00, 0.00, 10, 0, 0, 0.00),
(9201, 'Антирадар странников', 1, 905, 2, 0.00, 0.00, 7, 0, 4800, 18990.65),
(9202, 'Чертеж антирадара странников', 1, 0, 6, 0.00, 0.00, 14, 0, 0, 0.00),
(9203, 'Невидимка странников', 1, 114, 4, 0.00, 250.00, 0, 0, 5600, 0.00),
(9204, 'Невидимка странников К', 1, 2280, 9, 25000.00, 0.00, 2, 0, 5600, 23195.63),
(9205, 'Макет невидимки странников', 1, 0, 7, 0.00, 0.00, 50, 0, 0, 0.00),
(9206, 'Штурмовик странников', 1, 3062, 4, 0.00, 1000.00, 0, 0, 0, 0.00),
(9207, 'Штурмовик странников К', 1, 61230, 9, 0.00, 0.00, 12, 0, 8400, 164298.59),
(9208, 'Макет штурмовика странников', 1, 0, 7, 0.00, 0.00, 100, 0, 0, 0.00),
(9209, 'Ракета т.1 москит', 1, 20, 2, 1000.00, 0.00, 0, 0, 600, 99.56),
(9210, 'Ракета т.2 оса', 1, 43, 2, 2500.00, 0.00, 0, 0, 900, 101.91),
(9211, 'Ракета т.3 тайфун', 1, 59, 2, 5000.00, 0.00, 0, 0, 1100, 621.54),
(9212, 'Ракета т.4 стрекоза', 1, 161, 2, 5000.00, 0.00, 0, 0, 1200, 372.94),
(9213, 'Ракета т.5 шершень', 1, 271, 2, 7000.00, 0.00, 0, 0, 1400, 1013.66),
(9214, 'Ракета т.6 ураган', 1, 301, 2, 0.00, 0.00, 1, 0, 2400, 3055.55),
(9215, 'Ракета т.7 шмель', 1, 514, 2, 10000.00, 0.00, 0, 0, 2600, 1369.94),
(9216, 'Ракета т.8 смерч', 1, 605, 2, 0.00, 0.00, 1, 0, 3200, 5427.85),
(9217, 'Ракета т.9 апокалипсис', 1, 1101, 2, 0.00, 0.00, 2, 0, 3600, 13138.84),
(9218, 'Чертеж ракеты апокалипсис', 1, 0, 6, 0.00, 0.00, 4, 0, 0, 0.00),
(9219, 'Чертеж ракеты москит', 1, 0, 6, 2000.00, 0.00, 0, 0, 0, 0.00),
(9220, 'Чертеж ракеты оса', 1, 0, 6, 5000.00, 0.00, 0, 0, 0, 0.00),
(9221, 'Чертеж ракеты смерч', 1, 0, 6, 0.00, 0.00, 2, 0, 0, 0.00),
(9222, 'Чертеж ракеты стрекоза', 1, 0, 6, 10000.00, 0.00, 0, 0, 0, 0.00),
(9223, 'Чертеж ракеты тайфун', 1, 0, 6, 10000.00, 0.00, 0, 0, 0, 0.00),
(9224, 'Чертеж ракеты ураган', 1, 0, 6, 0.00, 0.00, 2, 0, 0, 0.00),
(9225, 'Чертеж ракеты шершень', 1, 0, 6, 15000.00, 0.00, 0, 0, 0, 0.00),
(9226, 'Чертеж ракеты шмель', 1, 0, 6, 25000.00, 0.00, 0, 0, 0, 0.00),
(9227, 'Торговец дельфин', 1, 490, 4, 0.00, 0.00, 0, 0, 0, 0.00),
(9228, 'Торговец дельфин К', 1, 9790, 9, 0.00, 0.00, 0, 0, 0, 66927.10),
(9229, 'Макет торговца дельфина', 1, 0, 7, 0.00, 0.00, 0, 0, 0, 0.00),
(9230, 'Крейсер ракетный', 1, 1908, 4, 0.00, 800.00, 0, 0, 9800, 0.00),
(9231, 'Крейсер ракетный К', 1, 38168, 9, 64000.00, 0.00, 0, 0, 9600, 59276.19),
(9232, 'Макет ракетного крейсера', 1, 0, 7, 320000.00, 0.00, 24, 0, 12000, 0.00),
(9233, 'Имп. Прицел ориона', 1, 0, 2, 500000.00, 0.00, 50, 0, 0, 0.00),
(9234, 'Имп. Аноптикон странников', 1, 0, 2, 0.00, 0.00, 150, 0, 0, 0.00),
(9235, 'Имп. Генератор паники', 1, 0, 2, 500000.00, 0.00, 50, 0, 0, 0.00),
(9236, 'Имп. Гипноз странников', 1, 0, 2, 0.00, 0.00, 150, 0, 0, 0.00),
(9237, 'ч. Аноптикон странников', 1, 0, 6, 0.00, 0.00, 0, 0, 0, 0.00),
(9239, 'ч. Прицел ориона', 1, 0, 6, 0.00, 0.00, 0, 0, 0, 0.00),
(9240, 'ч. Гипноз странников', 1, 0, 6, 0.00, 0.00, 0, 0, 0, 0.00),
(9241, 'ч. Генератор паники', 1, 0, 6, 0.00, 0.00, 0, 0, 0, 0.00),
(9242, 'Имп. Электронный микроскоп', 1, 0, 2, 0.00, 0.00, 100, 0, 0, 0.00),
(9243, 'ч. Электронный микроскоп', 1, 0, 6, 0.00, 0.00, 0, 0, 0, 0.00),
(9244, 'Мобильная косм. станция', 1, 400000, 4, 0.00, 2000.00, 0, 0, 48000, 0.00),
(9245, 'Мобильная косм. станция К', 1, 401831, 9, 650000.00, 0.00, 25, 0, 32000, 617453.69),
(9246, 'Макет МКС', 1, 0, 7, 1000000.00, 0.00, 80, 0, 32000, 0.00),
(9247, 'Док стыковки', 1, 93300, 2, 0.00, 0.00, 0, 0, 18000, 139770.00),
(9248, 'Чертеж дока стыковки', 1, 0, 6, 210000.00, 0.00, 0, 0, 32000, 0.00),
(9249, 'Радар станции', 1, 221, 2, 0.00, 0.00, 0, 0, 800, 335.15),
(9250, 'Чертеж радара станции', 1, 0, 6, 132000.00, 0.00, 3, 0, 0, 0.00),
(9251, 'Имп. Нейро стимулятор', 1, 0, 2, 450000.00, 0.00, 40, 0, 0, 0.00),
(9252, 'ч. Нейро стимулятор', 1, 0, 6, 0.00, 0.00, 0, 0, 0, 0.00),
(9253, 'Автономная станция разведки', 1, 223, 4, 0.00, 75.00, 0, 0, 4800, 0.00),
(9254, 'Автономная станция разведки К', 1, 4469, 9, 15000.00, 0.00, 0, 0, 4800, 14958.37),
(9255, 'Макет АСР', 1, 0, 7, 30000.00, 0.00, 0, 0, 4800, 0.00),
(9256, 'Автономная станция странников К', 1, 5225, 9, 32000.00, 0.00, 2, 0, 4800, 35000.85),
(9257, 'Автономная станция странников', 1, 261, 4, 0.00, 500.00, 0, 0, 0, 0.00),
(9259, 'Макет АСРС', 1, 0, 7, 0.00, 0.00, 16, 0, 0, 0.00),
(9260, 'Автономная лазерная станция', 1, 354, 4, 0.00, 175.00, 0, 0, 7200, 0.00),
(9261, 'Автономная лазерная станция К', 1, 7085, 9, 35000.00, 0.00, 1, 0, 7200, 31224.10),
(9262, 'Макет АЛС', 1, 0, 7, 90000.00, 0.00, 8, 0, 7200, 0.00),
(9263, 'Автономная плазменная станция К', 1, 18273, 9, 135000.00, 0.00, 1, 0, 7200, 129884.35),
(9264, 'Автономная плазменная станция', 1, 914, 4, 0.00, 175.00, 0, 0, 7200, 0.00),
(9265, 'Макет АПС', 1, 0, 7, 90000.00, 0.00, 8, 0, 7200, 0.00),
(9266, 'Малый док стыковки', 1, 1470, 2, 0.00, 0.00, 0, 0, 8000, 2281.00),
(9267, 'Чертеж малого дока стыковки', 1, 0, 6, 110000.00, 0.00, 0, 0, 12000, 0.00),
(9268, 'Мобильная станция странников', 1, 400000, 4, 0.00, 2500.00, 0, 0, 48000, 0.00),
(9269, 'Мобильная станция странников К', 1, 344835, 9, 850000.00, 0.00, 30, 0, 32000, 545672.19),
(9270, 'Макет МСС', 1, 0, 7, 0.00, 0.00, 120, 0, 0, 0.00),
(9271, 'Имп. Предиктор', 1, 0, 2, 400000.00, 0.00, 40, 0, 0, 0.00),
(9272, 'Имп. Виртуализатор', 1, 0, 2, 0.00, 0.00, 120, 0, 0, 0.00),
(9273, 'ч. Предиктора', 1, 0, 6, 0.00, 0.00, 0, 0, 0, 0.00),
(9274, 'ч. Виртуализатора', 1, 0, 6, 0.00, 0.00, 0, 0, 0, 0.00),
(9275, 'Линкор-С', 1, 2871, 4, 0.00, 1050.00, 0, 0, 10800, 0.00),
(9276, 'Линкор-С К', 1, 57426, 9, 120000.00, 0.00, 6, 0, 10800, 107579.23),
(9277, 'Макет линкора-С', 1, 0, 7, 0.00, 0.00, 40, 0, 0, 0.00),
(9278, 'Макет АКС', 1, 0, 7, 110000.00, 0.00, 10, 0, 7200, 0.00),
(9279, 'Автономная квантовая станция К', 1, 6285, 9, 20000.00, 0.00, 1, 0, 7200, 19469.60),
(9280, 'Автономная квантовая станция', 1, 314, 4, 0.00, 225.00, 0, 0, 7200, 0.00),
(9281, 'Квантовая мина', 1, 225, 4, 0.00, 25.00, 0, 0, 1200, 0.00),
(9282, 'Квантовая мина К', 1, 2265, 9, 6000.00, 0.00, 0, 0, 1200, 5733.50),
(9283, 'Макет квантовой мины', 1, 0, 7, 100000.00, 0.00, 10, 0, 0, 0.00),
(9284, 'Плазменная мина', 1, 262, 4, 0.00, 25.00, 0, 0, 1200, 0.00),
(9285, 'Плазменная мина К', 1, 7272, 9, 25000.00, 0.00, 1, 0, 1200, 20366.55),
(9286, 'Макет плазменной мины', 1, 0, 7, 0.00, 0.00, 10, 0, 0, 0.00),
(9287, 'Штурмовик М', 1, 4960, 4, 0.00, 700.00, 0, 0, 8400, 0.00),
(9288, 'Штурмовик М К', 1, 99190, 9, 310000.00, 0.00, 0, 0, 8400, 237425.77),
(9289, 'Макет штурмовика М', 1, 0, 7, 0.00, 0.00, 47, 0, 0, 0.00),
(9290, 'Штурмовик Т', 1, 4306, 4, 0.00, 1200.00, 0, 0, 9200, 0.00),
(9291, 'Штурмовик Т К', 1, 86118, 9, 350000.00, 0.00, 0, 0, 9200, 224875.41),
(9292, 'Макет штурмовика Т', 1, 0, 7, 0.00, 0.00, 150, 0, 0, 0.00),
(9293, 'Чертеж плазменной гаубицы', 1, 0, 6, 0.00, 0.00, 0, 0, 4800, 0.00),
(9294, 'Плазменная гаубица', 1, 705, 2, 0.00, 0.00, 0, 0, 4800, 1063.65),
(9295, 'Глюонная мина', 1, 693, 4, 0.00, 50.00, 0, 0, 7600, 0.00),
(9296, 'Глюонная мина К', 1, 6935, 9, 52000.00, 0.00, 5, 0, 7600, 55702.08),
(9297, 'Макет глюонной мины', 1, 0, 7, 0.00, 0.00, 50, 0, 0, 0.00),
(9298, 'Глюонный дестабилизатор', 1, 0, 2, 25000.00, 0.00, 2, 0, 0, 20.38),
(9299, 'Чертеж глюонного дестабилизатора', 1, 0, 6, 0.00, 0.00, 0, 0, 0, 0.00),
(9300, 'Имп. Импульсный анализатор', 1, 0, 2, 500000.00, 0.00, 40, 0, 0, 0.00),
(9301, 'ч. Импульсный анализатор', 1, 0, 6, 0.00, 0.00, 0, 0, 0, 0.00),
(9302, 'Имп. Нейропорт-2', 1, 0, 2, 0.00, 0.00, 60, 0, 0, 0.00),
(9303, 'ч. Нейропорт-2', 1, 0, 6, 0.00, 0.00, 0, 0, 0, 0.00),
(9304, 'Имп. Нейропорт-3', 1, 0, 2, 0.00, 0.00, 80, 0, 0, 0.00),
(9305, 'ч. Нейропорт-3', 1, 0, 6, 0.00, 0.00, 0, 0, 0, 0.00),
(9306, 'Автономный щит', 1, 409, 2, 0.00, 0.00, 0, 0, 2400, 732.81),
(9307, 'Чертеж автономного щита', 1, 0, 6, 3500.00, 0.00, 0, 0, 4800, 0.00),
(9308, 'Имп. Модуль объединения', 1, 0, 2, 0.00, 0.00, 150, 0, 0, 0.00),
(9309, 'ч. Модуль объединения', 1, 0, 6, 0.00, 0.00, 0, 0, 0, 0.00),
(9310, 'Корабль шпион', 1, 1, 4, 0.00, 200.00, 0, 0, 6400, 0.00),
(9311, 'Корабль шпион К', 1, 1, 9, 0.00, 0.00, 5, 0, 6400, 6097.89),
(9312, 'Макет корабля шпиона', 1, 1, 7, 0.00, 0.00, 20, 0, 0, 0.00),
(9313, 'Шпионский модуль', 1, 0, 2, 0.00, 0.00, 2, 0, 0, 25.24),
(9314, 'Чертеж шпионского оборудования', 1, 0, 6, 0.00, 0.00, 0, 0, 0, 0.00),
(9315, 'Подарок деда мороза', 1, 0, 2, 0.00, 0.00, 0, 0, 10, 25817.94),
(9316, 'Подарок деда мороза', 1, 0, 2, 0.00, 0.00, 0, 0, 10, 25817.94),
(9317, 'Подарок деда мороза', 1, 0, 2, 0.00, 0.00, 0, 0, 10, 25817.94),
(9318, 'Подарок деда мороза', 1, 0, 2, 0.00, 0.00, 0, 0, 10, 25817.94),
(9319, 'Подарок деда мороза', 1, 0, 2, 0.00, 0.00, 0, 0, 10, 25817.94),
(9320, 'Подарок деда мороза', 1, 0, 2, 0.00, 0.00, 0, 0, 10, 25817.94),
(9321, 'Гипер врата', 1, 38312, 4, 0.00, 1200.00, 0, 0, 32000, 0.00),
(9322, 'Гипер врата К', 1, 383127, 9, 0.00, 0.00, 50, 0, 32000, 517250.19),
(9323, 'Макет гипер врат', 1, 0, 7, 0.00, 0.00, 150, 0, 0, 0.00),
(9324, 'Модуль гиперсинхронизации', 1, 35, 2, 0.00, 0.00, 25, 0, 0, 343.16),
(9325, 'Чертеж модуля гиперсинхронизации', 1, 0, 6, 0.00, 0.00, 0, 0, 0, 0.00),
(9326, 'Корвет корсаров', 1, 1392, 4, 0.00, 0.00, 0, 0, 9600, 0.00),
(9327, 'Корвет корсаров К', 1, 13923, 9, 50000.00, 0.00, 0, 0, 9600, 0.00),
(9328, 'Макет корвета корсаров', 1, 0, 7, 0.00, 0.00, 15, 0, 0, 0.00),
(9329, 'Линкор Корсаров', 1, 5809, 4, 0.00, 0.00, 0, 0, 10800, 0.00),
(9330, 'Линкор Корсаров К', 1, 58093, 9, 150000.00, 0.00, 0, 0, 10800, 0.00),
(9331, 'Макет линкора корсаров', 1, 0, 7, 0.00, 0.00, 20, 0, 0, 0.00),
(9332, 'Штурмовик корсаров', 1, 9919, 4, 0.00, 0.00, 0, 0, 8400, 0.00),
(9333, 'Штурмовик корсаров К', 1, 99190, 9, 350000.00, 0.00, 0, 0, 8400, 0.00),
(9334, 'Макет штурмовика корсаров', 1, 0, 7, 0.00, 0.00, 65, 0, 0, 0.00);

-- seed objects_sub
INSERT INTO `objects_sub` (`id`, `object_id`, `res_id`, `res_cnt`) VALUES
(15, 23, 1016, 50),
(16, 23, 1037, 10),
(17, 24, 1016, 50),
(18, 24, 1037, 30),
(19, 25, 1016, 120),
(20, 25, 1037, 120),
(441, 27, 1016, 120),
(442, 27, 1037, 60),
(443, 27, 1032, 10),
(444, 27, 1044, 60),
(445, 27, 1046, 60),
(446, 27, 1013, 15),
(1342, 27, 1041, 500),
(1343, 27, 1020, 1200),
(1344, 27, 1042, 500),
(447, 28, 1037, 150),
(448, 28, 1016, 150),
(450, 28, 1007, 80),
(451, 28, 1030, 210),
(452, 28, 1020, 25),
(453, 28, 1036, 7),
(454, 28, 1033, 5),
(455, 28, 1041, 15),
(486, 29, 1004, 25),
(487, 29, 1005, 5),
(488, 29, 1019, 210),
(489, 29, 1014, 3),
(490, 29, 1013, 25),
(491, 29, 1028, 5),
(492, 29, 1038, 10),
(493, 29, 1043, 200),
(494, 29, 1031, 5),
(478, 30, 1001, 30),
(479, 30, 1017, 5),
(480, 30, 1018, 15),
(481, 30, 1016, 40),
(482, 30, 1003, 5),
(483, 30, 1037, 15),
(484, 30, 1013, 300),
(485, 30, 1048, 15),
(495, 31, 1001, 15),
(496, 31, 1019, 25),
(497, 31, 1018, 5),
(498, 31, 1003, 120),
(499, 31, 1047, 2),
(500, 31, 1030, 120),
(501, 31, 1013, 250),
(502, 31, 1033, 5),
(503, 31, 1031, 12),
(21, 33, 1016, 150),
(22, 33, 1037, 80),
(23, 33, 1013, 80),
(24, 34, 1016, 110),
(25, 34, 1037, 40),
(26, 34, 1013, 30),
(27, 36, 1016, 100),
(28, 36, 1037, 25),
(29, 37, 1016, 250),
(30, 37, 1037, 35),
(31, 38, 1016, 500),
(32, 38, 1037, 500),
(33, 39, 1016, 750),
(34, 39, 1037, 400),
(35, 39, 1043, 25),
(36, 39, 1013, 150),
(259, 2000, 1016, 2),
(260, 2000, 1037, 4),
(261, 2000, 1043, 3),
(262, 2000, 6000, 1),
(263, 2001, 6001, 1),
(264, 2001, 1043, 135),
(265, 2001, 1013, 35),
(266, 2002, 6002, 1),
(267, 2002, 1014, 20),
(268, 2002, 1032, 70),
(269, 2002, 1043, 10),
(270, 2002, 1013, 10),
(271, 2003, 1049, 150),
(272, 2003, 1043, 150),
(273, 2003, 1013, 50),
(274, 2003, 1021, 10),
(275, 2003, 1034, 15),
(276, 2003, 6003, 1),
(277, 2004, 6004, 1),
(278, 2004, 1016, 200),
(279, 2004, 1043, 50),
(280, 2004, 1030, 500),
(281, 2004, 1019, 100),
(282, 2005, 6005, 1),
(283, 2005, 1043, 25),
(284, 2005, 1032, 150),
(285, 2005, 1008, 25),
(286, 2005, 1030, 700),
(330, 2006, 6006, 1),
(331, 2006, 1043, 210),
(332, 2006, 1013, 50),
(333, 2007, 6007, 1),
(334, 2007, 1043, 310),
(335, 2007, 1013, 90),
(336, 2008, 6008, 1),
(337, 2008, 1014, 30),
(338, 2008, 1032, 90),
(339, 2008, 1043, 15),
(340, 2008, 1013, 15),
(341, 2009, 6009, 1),
(342, 2009, 1014, 60),
(343, 2009, 1032, 200),
(344, 2009, 1043, 25),
(345, 2009, 1013, 30),
(346, 2010, 6010, 1),
(347, 2010, 1016, 800),
(348, 2010, 1043, 250),
(349, 2010, 1030, 2000),
(350, 2010, 1019, 400),
(364, 2011, 1005, 25),
(365, 2011, 1045, 10),
(366, 2011, 1019, 200),
(367, 2011, 1016, 35),
(782, 2011, 9097, 1),
(356, 2012, 1001, 50),
(357, 2012, 1046, 10),
(358, 2012, 1016, 5),
(359, 2012, 1043, 120),
(436, 2012, 9015, 1),
(360, 2013, 1043, 160),
(361, 2013, 1007, 200),
(362, 2013, 1031, 5),
(363, 2013, 1000, 30),
(504, 2013, 9028, 1),
(376, 2014, 1019, 100),
(377, 2014, 1016, 50),
(378, 2014, 1030, 200),
(379, 2014, 1043, 450),
(380, 2014, 1031, 15),
(381, 2014, 1001, 40),
(382, 2014, 1023, 60),
(440, 2014, 9019, 1),
(398, 2015, 6011, 1),
(368, 2015, 1001, 50),
(369, 2015, 1019, 200),
(370, 2015, 1003, 15),
(371, 2015, 1021, 5),
(372, 2015, 1011, 45),
(373, 2015, 1020, 200),
(374, 2015, 1043, 140),
(375, 2015, 1049, 15),
(419, 2017, 1001, 150),
(420, 2017, 1043, 300),
(421, 2017, 1025, 50),
(422, 2017, 1023, 300),
(423, 2017, 1031, 15),
(424, 2017, 1013, 400),
(438, 2017, 9017, 1),
(869, 2017, 1045, 4),
(870, 2017, 1049, 8),
(390, 2018, 1001, 50),
(391, 2018, 1013, 120),
(392, 2018, 1011, 15),
(393, 2018, 1037, 15),
(394, 2018, 1023, 50),
(293, 3002, 1037, 580),
(294, 3002, 1030, 1000),
(295, 3002, 1007, 120),
(296, 3002, 1043, 440),
(297, 3003, 1022, 50),
(298, 3003, 1045, 30),
(299, 3003, 1011, 70),
(300, 3003, 1030, 10000),
(301, 3003, 1013, 700),
(302, 3004, 1043, 1200),
(303, 3004, 1038, 30),
(304, 3004, 1030, 9000),
(305, 3004, 1024, 800),
(306, 3004, 1023, 800),
(307, 3004, 1001, 1200),
(308, 3004, 1007, 500),
(309, 3005, 1038, 120),
(310, 3005, 1030, 12000),
(311, 3005, 1033, 30),
(312, 3005, 1046, 1300),
(313, 3005, 1028, 30),
(314, 3005, 1019, 12000),
(315, 3005, 1047, 50),
(316, 3005, 1009, 45),
(317, 3005, 1014, 150),
(351, 3006, 1022, 50),
(352, 3006, 1045, 20),
(353, 3006, 1011, 30),
(354, 3006, 1030, 5000),
(355, 3006, 1013, 40),
(533, 3007, 9030, 1),
(534, 3007, 9029, 1),
(535, 3007, 9034, 8),
(536, 3007, 9033, 1),
(537, 3008, 9029, 1),
(538, 3008, 9034, 8),
(539, 3008, 9031, 1),
(540, 3008, 9033, 1),
(552, 3009, 9032, 1),
(553, 3009, 9029, 1),
(554, 3009, 9034, 16),
(555, 3009, 9033, 2),
(1254, 3010, 1030, 25000),
(1255, 3010, 1021, 8000),
(1256, 3010, 1027, 8000),
(1257, 3010, 1028, 200),
(1258, 3010, 1033, 400),
(1259, 3010, 1042, 1200),
(206, 5000, 1013, 99),
(75, 5001, 1034, 28),
(92, 5001, 1032, 3),
(147, 5001, 1024, 65),
(207, 5001, 1013, 2),
(246, 5001, 1000, 1),
(55, 5002, 1037, 68),
(139, 5002, 1027, 12),
(247, 5002, 1001, 19),
(93, 5003, 1031, 18),
(94, 5003, 1030, 38),
(166, 5003, 1019, 1),
(189, 5003, 1015, 1),
(215, 5003, 1008, 39),
(216, 5003, 1010, 2),
(76, 5004, 1034, 12),
(248, 5004, 1000, 87),
(37, 5005, 1049, 99),
(56, 5006, 1037, 31),
(95, 5006, 1030, 53),
(232, 5006, 1005, 5),
(249, 5006, 1001, 10),
(45, 5007, 1043, 59),
(96, 5007, 1030, 38),
(190, 5007, 1016, 2),
(97, 5008, 1030, 55),
(155, 5008, 1023, 41),
(167, 5008, 1019, 3),
(57, 5009, 1036, 8),
(77, 5009, 1035, 2),
(98, 5009, 1032, 6),
(208, 5009, 1013, 3),
(233, 5009, 1006, 80),
(99, 5010, 1030, 50),
(168, 5010, 1019, 48),
(191, 5010, 1014, 1),
(40, 5011, 1046, 60),
(100, 5011, 1030, 21),
(148, 5011, 1024, 9),
(192, 5011, 1016, 9),
(78, 5012, 1034, 13),
(101, 5012, 1032, 86),
(140, 5013, 1027, 39),
(217, 5013, 1010, 60),
(102, 5014, 1030, 27),
(149, 5014, 1024, 72),
(103, 5015, 1030, 30),
(193, 5015, 1016, 69),
(41, 5016, 1048, 54),
(58, 5016, 1037, 11),
(104, 5016, 1030, 33),
(169, 5016, 1019, 1),
(79, 5018, 1034, 19),
(106, 5018, 1030, 55),
(171, 5018, 1019, 2),
(218, 5018, 1008, 23),
(234, 5019, 1007, 99),
(59, 5020, 1037, 23),
(107, 5020, 1030, 52),
(219, 5020, 1008, 16),
(238, 5020, 1004, 8),
(80, 5021, 1034, 8),
(108, 5021, 1030, 48),
(141, 5021, 1027, 22),
(150, 5021, 1026, 9),
(172, 5021, 1019, 12),
(60, 5022, 1037, 18),
(109, 5022, 1030, 40),
(173, 5022, 1019, 1),
(209, 5022, 1013, 40),
(110, 5023, 1030, 52),
(156, 5023, 1023, 13),
(220, 5023, 1008, 22),
(235, 5023, 1007, 12),
(61, 5024, 1037, 14),
(111, 5024, 1030, 50),
(174, 5024, 1019, 1),
(239, 5024, 1004, 2),
(250, 5024, 1001, 32),
(62, 5025, 1037, 27),
(112, 5025, 1030, 46),
(142, 5025, 1027, 11),
(195, 5025, 1016, 3),
(251, 5025, 1001, 12),
(63, 5026, 1037, 25),
(113, 5026, 1030, 54),
(151, 5026, 1024, 2),
(157, 5026, 1021, 6),
(175, 5026, 1019, 1),
(196, 5026, 1016, 2),
(252, 5026, 1001, 9),
(46, 5027, 1043, 31),
(114, 5027, 1030, 31),
(197, 5027, 1016, 37),
(81, 5028, 1034, 13),
(115, 5028, 1030, 44),
(158, 5028, 1021, 16),
(159, 5028, 1023, 10),
(176, 5028, 1019, 2),
(221, 5028, 1010, 14),
(50, 5029, 1041, 56),
(240, 5029, 1003, 43),
(177, 5030, 1020, 84),
(222, 5030, 1010, 15),
(51, 5031, 1039, 31),
(116, 5031, 1030, 68),
(64, 5032, 1037, 46),
(117, 5032, 1030, 53),
(82, 5033, 1034, 13),
(178, 5033, 1020, 86),
(118, 5034, 1030, 36),
(179, 5034, 1019, 1),
(210, 5034, 1011, 18),
(211, 5034, 1013, 39),
(236, 5034, 1007, 5),
(119, 5035, 1030, 46),
(253, 5035, 1001, 53),
(120, 5036, 1030, 27),
(198, 5036, 1016, 72),
(83, 5037, 1034, 10),
(121, 5037, 1030, 69),
(143, 5037, 1027, 14),
(180, 5037, 1019, 6),
(84, 5038, 1034, 39),
(152, 5038, 1025, 60),
(52, 5039, 1042, 16),
(65, 5039, 1038, 14),
(122, 5039, 1031, 12),
(123, 5039, 1030, 26),
(144, 5039, 1028, 6),
(199, 5039, 1017, 14),
(223, 5039, 1008, 2),
(224, 5039, 1009, 9),
(66, 5040, 1037, 21),
(124, 5040, 1030, 47),
(160, 5040, 1021, 9),
(181, 5040, 1019, 1),
(200, 5040, 1015, 1),
(254, 5040, 1001, 20),
(47, 5041, 1044, 88),
(125, 5041, 1030, 11),
(67, 5042, 1037, 32),
(126, 5042, 1030, 64),
(182, 5042, 1019, 3),
(85, 5043, 1034, 33),
(145, 5043, 1029, 34),
(201, 5043, 1016, 32),
(48, 5044, 1043, 35),
(127, 5044, 1030, 35),
(225, 5044, 1008, 29),
(68, 5045, 1037, 36),
(128, 5045, 1030, 52),
(161, 5045, 1022, 2),
(255, 5045, 1001, 9),
(86, 5046, 1035, 22),
(87, 5046, 1034, 17),
(256, 5046, 1000, 60),
(88, 5047, 1034, 29),
(241, 5047, 1002, 70),
(42, 5048, 1048, 22),
(89, 5048, 1034, 30),
(183, 5048, 1018, 7),
(202, 5048, 1016, 13),
(212, 5048, 1013, 25),
(242, 5048, 1002, 2),
(69, 5049, 1037, 27),
(90, 5049, 1033, 21),
(129, 5049, 1030, 40),
(162, 5049, 1021, 3),
(257, 5049, 1001, 8),
(53, 5050, 1041, 59),
(243, 5050, 1003, 34),
(258, 5050, 1000, 6),
(54, 5051, 1040, 59),
(130, 5051, 1030, 32),
(237, 5051, 1007, 8),
(70, 5052, 1037, 29),
(131, 5052, 1030, 50),
(163, 5052, 1023, 19),
(184, 5052, 1019, 1),
(49, 5053, 1045, 5),
(71, 5053, 1037, 3),
(132, 5053, 1030, 32),
(153, 5053, 1024, 52),
(164, 5053, 1023, 3),
(185, 5053, 1019, 1),
(244, 5053, 1002, 3),
(72, 5054, 1037, 16),
(133, 5054, 1030, 38),
(213, 5054, 1012, 21),
(226, 5054, 1008, 24),
(203, 5055, 1015, 48),
(227, 5055, 1008, 51),
(38, 5056, 1049, 49),
(73, 5056, 1037, 15),
(134, 5056, 1030, 35),
(43, 5057, 1046, 63),
(135, 5057, 1030, 22),
(228, 5057, 1008, 14),
(39, 5058, 1049, 9),
(44, 5058, 1047, 1),
(74, 5058, 1037, 22),
(136, 5058, 1030, 38),
(146, 5058, 1027, 9),
(154, 5058, 1024, 2),
(186, 5058, 1019, 1),
(204, 5058, 1016, 3),
(229, 5058, 1008, 6),
(230, 5058, 1009, 7),
(231, 5058, 1010, 1),
(137, 5059, 1030, 43),
(187, 5059, 1019, 2),
(214, 5059, 1011, 29),
(245, 5059, 1002, 25),
(91, 5060, 1034, 13),
(138, 5060, 1030, 44),
(165, 5060, 1021, 8),
(188, 5060, 1019, 1),
(205, 5060, 1016, 33),
(1611, 9001, 7001, 1),
(1610, 9001, 2002, 1),
(1609, 9001, 2003, 1),
(1608, 9001, 2005, 1),
(1607, 9001, 2001, 1),
(1606, 9001, 2004, 1),
(1708, 9002, 7002, 1),
(1707, 9002, 2008, 1),
(1706, 9002, 2004, 3),
(1705, 9002, 2006, 1),
(1704, 9002, 2003, 1),
(1442, 9003, 7003, 1),
(1441, 9003, 2010, 1),
(1440, 9003, 2003, 1),
(1439, 9003, 2008, 1),
(1438, 9003, 2007, 1),
(1437, 9003, 2005, 1),
(383, 9005, 7005, 1),
(384, 9005, 2003, 1),
(385, 9005, 2010, 1),
(386, 9005, 2012, 1),
(387, 9005, 2005, 1),
(388, 9005, 2016, 1),
(389, 9005, 2009, 1),
(1618, 9007, 7007, 1),
(1617, 9007, 2009, 1),
(1616, 9007, 2007, 1),
(1615, 9007, 2005, 1),
(1614, 9007, 2010, 2),
(1613, 9007, 2015, 1),
(1612, 9007, 2003, 1),
(1716, 9009, 9014, 1),
(1715, 9009, 9013, 3),
(1714, 9009, 2012, 1),
(1713, 9009, 2015, 1),
(1712, 9009, 9011, 1),
(1711, 9009, 9057, 2),
(1710, 9009, 2014, 3),
(1709, 9009, 2017, 1),
(412, 9011, 1008, 25),
(413, 9011, 1030, 1200),
(414, 9011, 1032, 400),
(415, 9011, 1043, 500),
(416, 9011, 1026, 50),
(417, 9011, 1019, 150),
(418, 9011, 1013, 250),
(437, 9011, 9016, 1),
(425, 9013, 1018, 15),
(426, 9013, 1037, 15),
(427, 9013, 1047, 5),
(428, 9013, 1017, 7),
(429, 9013, 1005, 12),
(430, 9013, 1028, 15),
(431, 9013, 1034, 15),
(432, 9013, 1041, 5),
(433, 9013, 1000, 25),
(434, 9013, 1013, 1300),
(439, 9013, 9018, 1),
(1476, 9022, 9025, 1),
(1475, 9022, 9024, 2),
(1474, 9022, 2013, 1),
(1473, 9022, 2003, 1),
(1472, 9022, 9023, 1),
(1471, 9022, 2014, 1),
(1470, 9022, 2012, 1),
(1469, 9022, 9013, 1),
(1468, 9022, 2015, 1),
(1467, 9022, 2009, 2),
(466, 9023, 1043, 200),
(467, 9023, 1032, 23),
(468, 9023, 1013, 30),
(469, 9023, 1001, 200),
(470, 9023, 1029, 15),
(471, 9023, 9026, 1),
(472, 9024, 1030, 200),
(473, 9024, 1007, 100),
(474, 9024, 1020, 50),
(475, 9024, 1023, 50),
(476, 9024, 1001, 50),
(477, 9024, 9027, 1),
(511, 9029, 1043, 750),
(512, 9029, 1007, 200),
(513, 9029, 1044, 50),
(514, 9029, 1033, 5),
(515, 9029, 1013, 210),
(516, 9029, 1030, 785),
(568, 9029, 9038, 1),
(505, 9030, 1001, 250),
(506, 9030, 1019, 300),
(507, 9030, 1046, 30),
(508, 9030, 1047, 5),
(509, 9030, 1013, 25),
(510, 9030, 1012, 15),
(567, 9030, 9037, 1),
(526, 9031, 1026, 10),
(527, 9031, 1005, 3),
(528, 9031, 1019, 300),
(529, 9031, 1018, 5),
(530, 9031, 1014, 5),
(531, 9031, 1003, 15),
(532, 9031, 1037, 25),
(571, 9031, 9041, 1),
(556, 9032, 1026, 15),
(557, 9032, 1004, 5),
(558, 9032, 1005, 15),
(559, 9032, 1019, 300),
(560, 9032, 1017, 15),
(561, 9032, 1016, 25),
(562, 9032, 1003, 15),
(563, 9032, 1047, 5),
(564, 9032, 1037, 25),
(565, 9032, 1042, 20),
(566, 9032, 9036, 1),
(522, 9033, 1004, 25),
(523, 9033, 1014, 15),
(524, 9033, 1021, 10),
(525, 9033, 1027, 10),
(570, 9033, 9040, 1),
(517, 9034, 1007, 15),
(518, 9034, 1037, 15),
(519, 9034, 1026, 5),
(520, 9034, 1030, 5),
(521, 9034, 1019, 5),
(569, 9034, 9039, 1),
(1545, 9043, 9048, 1),
(1544, 9043, 2015, 1),
(1543, 9043, 2012, 2),
(1542, 9043, 2013, 1),
(1541, 9043, 9044, 1),
(1540, 9043, 9047, 5),
(1539, 9043, 9024, 8),
(1538, 9043, 9057, 1),
(1537, 9043, 9013, 2),
(1536, 9043, 2002, 1),
(1535, 9043, 2014, 2),
(583, 9044, 1005, 120),
(584, 9044, 1006, 15),
(585, 9044, 1003, 35),
(586, 9044, 1011, 200),
(587, 9044, 1030, 12000),
(588, 9044, 1023, 15),
(589, 9044, 1025, 45),
(590, 9044, 1020, 50),
(591, 9044, 1043, 1200),
(593, 9044, 1001, 72),
(600, 9044, 9050, 1),
(865, 9044, 1046, 18),
(866, 9044, 1049, 30),
(612, 9045, 1001, 50),
(613, 9045, 1005, 12),
(614, 9045, 1003, 15),
(615, 9045, 1023, 50),
(616, 9045, 1024, 15),
(617, 9045, 1013, 140),
(618, 9045, 1039, 10),
(619, 9045, 1020, 15),
(620, 9045, 1049, 5),
(621, 9045, 9052, 1),
(594, 9046, 1004, 120),
(595, 9046, 1016, 120),
(596, 9046, 1028, 20),
(597, 9046, 1043, 80),
(598, 9046, 1001, 80),
(599, 9046, 9049, 1),
(601, 9047, 1026, 15),
(602, 9047, 1019, 120),
(603, 9047, 1008, 45),
(604, 9047, 1030, 7000),
(605, 9047, 1037, 35),
(606, 9047, 1002, 20),
(607, 9047, 1034, 30),
(608, 9047, 1007, 400),
(609, 9047, 1031, 25),
(610, 9047, 1015, 12),
(611, 9047, 9051, 1),
(1569, 9054, 9066, 1),
(1568, 9054, 9057, 2),
(1567, 9054, 9058, 1),
(1566, 9054, 9059, 2),
(1565, 9054, 9055, 1),
(1564, 9054, 2014, 6),
(1563, 9054, 9013, 2),
(1562, 9054, 2015, 4),
(1561, 9054, 9056, 3),
(1560, 9054, 9045, 12),
(1559, 9054, 9047, 8),
(1558, 9054, 9046, 12),
(661, 9055, 1016, 210),
(662, 9055, 1003, 5),
(663, 9055, 1025, 25),
(664, 9055, 1043, 12000),
(665, 9055, 1001, 720),
(666, 9055, 1015, 250),
(667, 9055, 1004, 250),
(668, 9055, 1041, 250),
(669, 9055, 1030, 24000),
(684, 9055, 9062, 1),
(746, 9055, 1012, 15),
(867, 9055, 1046, 180),
(868, 9055, 1049, 300),
(670, 9056, 1001, 25),
(671, 9056, 1046, 250),
(672, 9056, 1017, 15),
(673, 9056, 1047, 15),
(674, 9056, 1043, 2500),
(675, 9056, 1009, 5),
(685, 9056, 9063, 1),
(676, 9057, 1019, 4000),
(677, 9057, 1014, 40),
(678, 9057, 1004, 15),
(679, 9057, 1028, 15),
(680, 9057, 1034, 15),
(681, 9057, 1043, 1800),
(686, 9057, 9064, 1),
(633, 9058, 1026, 25),
(634, 9058, 1019, 400),
(635, 9058, 1046, 50),
(636, 9058, 1018, 25),
(637, 9058, 1016, 35),
(638, 9058, 1003, 70),
(639, 9058, 1008, 25),
(640, 9058, 1011, 25),
(641, 9058, 1037, 210),
(642, 9058, 1023, 25),
(643, 9058, 1013, 1200),
(644, 9058, 1025, 12),
(645, 9058, 1029, 15),
(646, 9058, 1032, 25),
(647, 9058, 1000, 80),
(648, 9058, 1007, 310),
(649, 9058, 1012, 15),
(682, 9058, 9060, 1),
(650, 9059, 1001, 250),
(651, 9059, 1046, 15),
(652, 9059, 1003, 15),
(653, 9059, 1008, 35),
(654, 9059, 1030, 2000),
(655, 9059, 1037, 34),
(656, 9059, 1013, 1200),
(657, 9059, 1034, 450),
(658, 9059, 1000, 200),
(659, 9059, 1043, 1700),
(660, 9059, 1012, 25),
(683, 9059, 9061, 1),
(1753, 9068, 9070, 1),
(1752, 9068, 9045, 4),
(1751, 9068, 9047, 8),
(1750, 9068, 2015, 3),
(1749, 9068, 9056, 3),
(1748, 9068, 9058, 1),
(1747, 9068, 9059, 2),
(1746, 9068, 9069, 1),
(1745, 9068, 9057, 2),
(1744, 9068, 2010, 2),
(1743, 9068, 9046, 4),
(1742, 9068, 9112, 4),
(1741, 9068, 2014, 1),
(699, 9069, 1004, 250),
(700, 9069, 1016, 200),
(701, 9069, 1030, 25000),
(702, 9069, 1003, 15),
(703, 9069, 1025, 25),
(704, 9069, 1020, 300),
(705, 9069, 1041, 200),
(706, 9069, 1043, 12000),
(707, 9069, 1015, 250),
(708, 9069, 9071, 1),
(871, 9069, 1046, 180),
(872, 9069, 1049, 300),
(1581, 9073, 9074, 1),
(1580, 9073, 9059, 2),
(1579, 9073, 9056, 3),
(1578, 9073, 9045, 4),
(1577, 9073, 9058, 1),
(1576, 9073, 2015, 4),
(1575, 9073, 9055, 1),
(1574, 9073, 9047, 8),
(1573, 9073, 2014, 5),
(1572, 9073, 9013, 1),
(1571, 9073, 9057, 2),
(1570, 9073, 9046, 16),
(735, 9075, 1026, 10),
(736, 9075, 1005, 10),
(737, 9075, 1004, 7),
(738, 9075, 1019, 400),
(739, 9075, 1017, 15),
(740, 9075, 1016, 25),
(741, 9075, 1003, 10),
(742, 9075, 1047, 5),
(743, 9075, 1037, 50),
(744, 9075, 1042, 12),
(745, 9075, 9076, 1),
(1605, 9078, 9079, 1),
(1604, 9078, 9059, 2),
(1603, 9078, 2015, 4),
(1602, 9078, 9058, 1),
(1601, 9078, 9055, 1),
(1600, 9078, 9047, 8),
(1599, 9078, 2014, 4),
(1598, 9078, 9075, 1),
(1597, 9078, 9057, 3),
(1596, 9078, 9013, 2),
(1595, 9078, 9056, 3),
(1453, 9081, 9082, 1),
(1452, 9081, 2015, 3),
(1451, 9081, 9057, 2),
(1450, 9081, 9013, 4),
(1449, 9081, 2014, 3),
(1448, 9081, 9047, 12),
(1447, 9081, 9059, 6),
(1446, 9081, 9083, 1),
(1445, 9081, 2012, 4),
(1444, 9081, 2003, 4),
(1443, 9081, 9058, 1),
(757, 9083, 1001, 210),
(758, 9083, 1019, 380),
(759, 9083, 1021, 35),
(760, 9083, 1027, 35),
(761, 9083, 1043, 120),
(762, 9083, 1044, 260),
(763, 9083, 9084, 1),
(765, 9086, 1030, 10000),
(766, 9086, 9085, 1),
(767, 9088, 1019, 10000),
(768, 9088, 9087, 1),
(769, 9091, 1026, 10000),
(770, 9091, 9089, 1),
(771, 9092, 1010, 10000),
(772, 9092, 9090, 1),
(1685, 9094, 7004, 1),
(1684, 9094, 2005, 1),
(1683, 9094, 2012, 4),
(1682, 9094, 2003, 1),
(1681, 9094, 2015, 5),
(1680, 9094, 2014, 1),
(1679, 9094, 2011, 1),
(1678, 9094, 2009, 1),
(1677, 9094, 9095, 1),
(783, 9095, 9098, 1),
(784, 9095, 1001, 15),
(785, 9095, 1046, 5),
(786, 9095, 1018, 5),
(787, 9095, 1037, 5),
(788, 9095, 1003, 12),
(789, 9095, 1013, 45),
(790, 9095, 1048, 12),
(1740, 9100, 9101, 1),
(1739, 9100, 9108, 1),
(1738, 9100, 9056, 8),
(1737, 9100, 9102, 5),
(1736, 9100, 9294, 2),
(1725, 9100, 2010, 20),
(1724, 9100, 9058, 1),
(1723, 9100, 9059, 12),
(1722, 9100, 9106, 1),
(1721, 9100, 9112, 1),
(1720, 9100, 9116, 2),
(1719, 9100, 9104, 2),
(1718, 9100, 9057, 1),
(1717, 9100, 9110, 1),
(796, 9102, 9103, 1),
(797, 9102, 2009, 2),
(798, 9102, 2014, 1),
(799, 9102, 9047, 2),
(801, 9104, 9105, 1),
(802, 9104, 9046, 24),
(803, 9104, 2002, 1),
(805, 9106, 9107, 1),
(806, 9106, 1001, 2400),
(807, 9106, 1016, 1200),
(808, 9106, 1023, 400),
(809, 9106, 1013, 1200),
(810, 9106, 1025, 120),
(811, 9106, 1043, 4800),
(873, 9106, 1046, 72),
(874, 9106, 1049, 120),
(823, 9108, 9109, 1),
(824, 9108, 1037, 2000),
(825, 9108, 1016, 500),
(826, 9108, 1011, 300),
(827, 9108, 1024, 210),
(828, 9108, 1013, 4000),
(829, 9108, 1020, 1100),
(830, 9108, 1039, 500),
(831, 9108, 1032, 500),
(832, 9108, 1044, 750),
(814, 9110, 9111, 1),
(815, 9110, 1026, 210),
(816, 9110, 1001, 3000),
(817, 9110, 1046, 300),
(818, 9110, 1018, 16),
(819, 9110, 1021, 200),
(820, 9110, 1027, 200),
(821, 9110, 1020, 310),
(822, 9110, 1032, 1500),
(834, 9112, 9113, 1),
(835, 9112, 1019, 25),
(836, 9112, 1005, 25),
(837, 9112, 1047, 32),
(838, 9112, 1037, 350),
(839, 9112, 1002, 15),
(840, 9112, 1033, 210),
(841, 9112, 2003, 2),
(842, 9112, 2002, 1),
(844, 9114, 9115, 1),
(845, 9114, 1001, 200),
(846, 9114, 1005, 48),
(847, 9114, 1003, 60),
(848, 9114, 1023, 200),
(849, 9114, 1024, 60),
(850, 9114, 1013, 560),
(851, 9114, 1039, 40),
(852, 9114, 1020, 60),
(853, 9114, 1049, 20),
(856, 9116, 1004, 30),
(857, 9116, 1019, 10000),
(858, 9116, 1014, 300),
(859, 9116, 1028, 20),
(860, 9116, 1034, 20),
(861, 9116, 1043, 5000),
(862, 9116, 1044, 50),
(863, 9116, 1031, 300),
(864, 9116, 9117, 1),
(875, 9118, 9119, 1),
(876, 9118, 5060, 12),
(877, 9118, 5059, 5),
(878, 9118, 5058, 32),
(879, 9118, 1047, 15),
(880, 9118, 1037, 35),
(881, 9118, 1002, 5),
(882, 9118, 1042, 5),
(883, 9118, 1031, 5),
(894, 9120, 9121, 1),
(895, 9120, 1043, 2000),
(896, 9120, 1001, 120),
(897, 9120, 1046, 30),
(898, 9120, 1049, 50),
(899, 9120, 1037, 50),
(900, 9120, 1013, 50),
(901, 9120, 1002, 15),
(902, 9120, 1031, 15),
(903, 9120, 1003, 10),
(1534, 9124, 9122, 1),
(1533, 9124, 9118, 1),
(1532, 9124, 2003, 1),
(1531, 9124, 2012, 1),
(1530, 9124, 2015, 1),
(1529, 9124, 2005, 1),
(1528, 9124, 2014, 1),
(1527, 9124, 9047, 3),
(1526, 9124, 2009, 1),
(1525, 9124, 9013, 1),
(1524, 9124, 9120, 1),
(1497, 9125, 9129, 1),
(1496, 9125, 9013, 1),
(1495, 9125, 2009, 1),
(1494, 9125, 9024, 4),
(1493, 9125, 2004, 5),
(1492, 9125, 9023, 1),
(1491, 9125, 2013, 1),
(1490, 9125, 2003, 1),
(1489, 9125, 2012, 1),
(1488, 9125, 2015, 1),
(1509, 9126, 9130, 1),
(1508, 9126, 9046, 2),
(1507, 9126, 2003, 1),
(1506, 9126, 2012, 1),
(1505, 9126, 9045, 2),
(1504, 9126, 2013, 1),
(1503, 9126, 9047, 1),
(1502, 9126, 2009, 2),
(1501, 9126, 9013, 1),
(1500, 9126, 2014, 1),
(1499, 9126, 9023, 1),
(1498, 9126, 2015, 1),
(925, 9131, 9132, 1),
(926, 9131, 1016, 230),
(927, 9131, 1018, 15),
(928, 9131, 1001, 25),
(929, 9131, 1045, 25),
(930, 9131, 1017, 150),
(931, 9131, 1014, 200),
(1703, 9135, 9133, 1),
(1702, 9135, 9131, 1),
(1701, 9135, 2012, 1),
(1700, 9135, 2005, 1),
(1699, 9135, 2011, 1),
(1698, 9135, 2004, 2),
(1697, 9135, 2009, 1),
(1696, 9135, 9095, 1),
(1695, 9135, 2003, 1),
(1762, 9137, 9138, 1),
(1761, 9137, 2014, 1),
(1760, 9137, 2003, 2),
(1759, 9137, 2015, 2),
(1758, 9137, 9140, 1),
(1757, 9137, 9047, 24),
(1756, 9137, 2009, 2),
(1755, 9137, 9024, 6),
(1754, 9137, 2013, 1),
(949, 9140, 9139, 1),
(950, 9140, 1043, 1200),
(951, 9140, 1044, 150),
(952, 9140, 1023, 300),
(953, 9140, 1003, 70),
(954, 9140, 1004, 15),
(955, 9140, 1046, 15),
(956, 9140, 1025, 130),
(957, 9140, 1013, 210),
(1796, 9142, 9143, 5),
(1797, 9142, 9144, 1),
(1798, 9145, 9143, 10),
(1799, 9145, 9147, 1),
(1800, 9149, 9143, 15),
(1801, 9149, 9150, 1),
(1671, 9153, 9152, 1),
(1670, 9153, 2015, 1),
(1669, 9153, 2004, 1),
(1668, 9153, 2003, 1),
(1667, 9153, 2005, 1),
(1666, 9153, 2001, 1),
(1665, 9153, 9154, 1),
(1664, 9153, 9013, 1),
(1663, 9153, 9095, 1),
(1662, 9153, 2002, 2),
(971, 9154, 9155, 1),
(972, 9154, 1037, 25),
(973, 9154, 1043, 120),
(974, 9154, 1016, 5),
(975, 9154, 1013, 15),
(976, 9154, 1049, 5),
(979, 9156, 9157, 1),
(980, 9156, 9143, 20),
(981, 9156, 1043, 15),
(982, 9156, 1041, 5),
(983, 9156, 1014, 10),
(1466, 9160, 9159, 1),
(1465, 9160, 9045, 2),
(1464, 9160, 9057, 2),
(1463, 9160, 9058, 1),
(1462, 9160, 9047, 8),
(1461, 9160, 9059, 2),
(1460, 9160, 9046, 2),
(1459, 9160, 9013, 8),
(1458, 9160, 9156, 1),
(1457, 9160, 9056, 3),
(1456, 9160, 9069, 1),
(1455, 9160, 2015, 4),
(1454, 9160, 2014, 6),
(1396, 9162, 9163, 1),
(1395, 9162, 9059, 2),
(1394, 9162, 9058, 1),
(1393, 9162, 9056, 3),
(1392, 9162, 9102, 2),
(1391, 9162, 9112, 2),
(1390, 9162, 9164, 1),
(1389, 9162, 9106, 1),
(1388, 9162, 9047, 8),
(1387, 9162, 9116, 4),
(1007, 9164, 9165, 1),
(1008, 9164, 1026, 200),
(1009, 9164, 1046, 300),
(1010, 9164, 1016, 150),
(1011, 9164, 1033, 25),
(1012, 9164, 1034, 250),
(1013, 9164, 1041, 25),
(1014, 9164, 1043, 2100),
(1015, 9164, 1049, 15),
(1487, 9168, 9169, 1),
(1486, 9168, 9172, 1),
(1485, 9168, 2003, 1),
(1484, 9168, 2004, 1),
(1483, 9168, 9024, 6),
(1482, 9168, 9013, 2),
(1481, 9168, 2014, 1),
(1480, 9168, 9023, 1),
(1479, 9168, 2013, 1),
(1478, 9168, 9171, 1),
(1477, 9168, 9170, 1),
(1026, 9170, 9174, 1),
(1029, 9170, 1041, 50),
(1030, 9170, 1038, 40),
(1031, 9170, 1043, 100),
(1028, 9171, 9175, 1),
(1037, 9171, 1005, 15),
(1038, 9171, 1006, 12),
(1039, 9171, 1003, 15),
(1040, 9171, 1030, 300),
(1041, 9171, 1011, 8),
(1042, 9171, 1021, 12),
(1043, 9171, 1027, 12),
(1044, 9171, 1044, 6),
(1045, 9171, 1009, 10),
(1027, 9172, 9173, 1),
(1032, 9172, 1019, 100),
(1033, 9172, 1014, 70),
(1034, 9172, 9143, 30),
(1035, 9172, 1016, 50),
(1036, 9172, 1001, 50),
(1661, 9177, 9178, 1),
(1660, 9177, 9013, 2),
(1659, 9177, 9095, 1),
(1658, 9177, 9171, 1),
(1657, 9177, 2013, 1),
(1656, 9177, 9044, 1),
(1655, 9177, 2014, 2),
(1654, 9177, 9170, 2),
(1653, 9177, 9172, 3),
(1652, 9177, 9024, 12),
(1651, 9177, 9047, 6),
(1408, 9179, 9181, 1),
(1407, 9179, 2003, 6),
(1406, 9179, 9164, 1),
(1405, 9179, 9170, 2),
(1404, 9179, 9171, 1),
(1403, 9179, 9102, 1),
(1402, 9179, 9172, 2),
(1401, 9179, 9058, 1),
(1400, 9179, 9059, 2),
(1399, 9179, 9106, 1),
(1398, 9179, 9112, 1),
(1397, 9179, 9047, 4),
(1069, 9182, 9183, 1),
(1070, 9182, 1008, 2),
(1071, 9182, 1026, 4),
(1072, 9184, 9185, 1),
(1073, 9184, 9143, 150),
(1074, 9184, 1028, 80),
(1075, 9184, 1025, 35),
(1076, 9184, 1011, 15),
(1077, 9184, 1014, 150),
(1078, 9184, 1019, 150),
(1079, 9184, 1013, 15),
(1080, 9184, 1009, 25),
(1523, 9188, 9187, 1),
(1522, 9188, 2005, 1),
(1521, 9188, 9184, 1),
(1520, 9188, 2003, 2),
(1519, 9188, 2012, 2),
(1518, 9188, 2015, 2),
(1517, 9188, 2011, 1),
(1516, 9188, 9057, 1),
(1515, 9188, 2004, 4),
(1091, 9189, 9137, 2),
(1102, 9189, 9160, 2),
(1092, 9190, 9177, 4),
(1101, 9190, 9188, 10),
(1104, 9190, 9195, 1),
(1093, 9191, 9054, 5),
(1094, 9191, 9078, 5),
(1100, 9191, 9022, 15),
(1105, 9191, 9195, 1),
(1096, 9192, 9160, 2),
(1097, 9192, 9168, 12),
(1098, 9192, 9188, 2),
(1095, 9193, 9179, 1),
(1099, 9193, 9094, 12),
(1106, 9193, 9195, 1),
(1090, 9194, 9100, 1),
(1103, 9194, 9081, 4),
(1694, 9197, 9198, 1),
(1693, 9197, 9172, 1),
(1692, 9197, 2003, 1),
(1691, 9197, 9170, 2),
(1690, 9197, 9171, 3),
(1689, 9197, 2005, 1),
(1688, 9197, 2004, 3),
(1687, 9197, 9199, 1),
(1686, 9197, 2011, 1),
(1116, 9199, 9200, 1),
(1117, 9199, 9143, 150),
(1118, 9199, 1035, 30),
(1119, 9199, 1015, 12),
(1120, 9199, 1030, 20),
(1121, 9199, 1017, 23),
(1122, 9199, 1005, 5),
(1123, 9201, 1019, 200),
(1124, 9201, 1014, 250),
(1125, 9201, 1047, 30),
(1126, 9201, 1003, 15),
(1127, 9201, 1011, 50),
(1128, 9201, 1028, 50),
(1129, 9201, 9143, 300),
(1130, 9201, 1009, 210),
(1131, 9201, 9202, 1),
(1650, 9204, 9205, 1),
(1649, 9204, 2005, 1),
(1648, 9204, 9170, 1),
(1647, 9204, 2003, 1),
(1646, 9204, 9171, 1),
(1645, 9204, 2011, 1),
(1644, 9204, 2004, 1),
(1643, 9204, 9201, 1),
(1642, 9204, 9172, 1),
(1785, 9207, 9208, 1),
(1784, 9207, 9112, 10),
(1783, 9207, 2003, 2),
(1782, 9207, 9170, 3),
(1781, 9207, 9171, 3),
(1780, 9207, 9172, 11),
(1779, 9207, 2013, 1),
(1778, 9207, 2010, 7),
(1777, 9207, 9294, 3),
(1776, 9207, 9104, 3),
(1775, 9207, 9140, 1),
(1154, 9209, 9219, 1),
(1155, 9209, 1022, 4),
(1156, 9209, 1048, 7),
(1157, 9209, 1006, 5),
(1158, 9209, 1008, 4),
(1171, 9209, 1019, 50),
(1159, 9210, 9220, 1),
(1160, 9210, 1036, 7),
(1161, 9210, 1040, 8),
(1162, 9210, 1002, 13),
(1163, 9210, 1029, 8),
(1164, 9210, 1035, 7),
(1172, 9210, 1019, 75),
(1165, 9211, 9223, 1),
(1166, 9211, 1040, 13),
(1167, 9211, 1002, 25),
(1168, 9211, 1036, 7),
(1169, 9211, 1018, 4),
(1170, 9211, 9143, 10),
(1173, 9212, 9222, 1),
(1174, 9212, 1014, 30),
(1175, 9212, 1019, 60),
(1176, 9212, 1036, 30),
(1177, 9212, 1000, 38),
(1178, 9212, 1048, 63),
(1179, 9213, 9225, 1),
(1180, 9213, 1014, 100),
(1181, 9213, 1019, 150),
(1182, 9213, 1026, 300),
(1183, 9213, 1008, 63),
(1184, 9213, 1024, 63),
(1185, 9213, 1029, 38),
(1186, 9213, 1002, 7),
(1187, 9214, 9224, 1),
(1188, 9214, 1019, 200),
(1189, 9214, 9143, 50),
(1190, 9214, 1044, 13),
(1191, 9214, 1040, 100),
(1192, 9214, 1035, 63),
(1193, 9214, 1041, 50),
(1194, 9214, 1042, 25),
(1195, 9215, 9226, 1),
(1196, 9215, 1019, 375),
(1197, 9215, 1014, 63),
(1198, 9215, 1044, 50),
(1199, 9215, 1012, 100),
(1200, 9215, 1042, 50),
(1201, 9215, 1034, 113),
(1202, 9215, 1038, 63),
(1203, 9215, 1022, 25),
(1204, 9215, 1021, 50),
(1205, 9216, 9221, 1),
(1206, 9216, 1019, 350),
(1207, 9216, 1014, 13),
(1208, 9216, 9143, 75),
(1209, 9216, 1024, 53),
(1210, 9216, 1027, 98),
(1211, 9216, 1000, 100),
(1212, 9216, 1036, 53),
(1213, 9216, 1003, 63),
(1214, 9216, 1018, 100),
(1215, 9216, 1025, 50),
(1216, 9217, 9218, 1),
(1217, 9217, 1019, 600),
(1218, 9217, 1014, 150),
(1219, 9217, 9143, 200),
(1220, 9217, 1024, 100),
(1221, 9217, 1047, 13),
(1222, 9217, 1021, 75),
(1223, 9217, 1037, 75),
(1224, 9217, 1025, 125),
(1225, 9217, 1003, 150),
(1226, 9217, 1046, 125),
(1227, 9217, 1045, 75),
(1228, 9217, 1008, 13),
(1802, 9228, 1001, 3000),
(1803, 9228, 1004, 25),
(1804, 9228, 1017, 45),
(1805, 9228, 1003, 75),
(1806, 9228, 1011, 1020),
(1807, 9228, 1025, 320),
(1808, 9228, 1035, 105),
(1809, 9228, 1042, 1700),
(1810, 9228, 9143, 500),
(1811, 9228, 1044, 250),
(1812, 9228, 1015, 2500),
(1813, 9228, 1009, 250),
(1814, 9228, 9229, 1),
(1557, 9231, 9232, 1),
(1556, 9231, 9059, 2),
(1555, 9231, 2014, 2),
(1554, 9231, 2015, 3),
(1553, 9231, 9056, 2),
(1552, 9231, 2010, 1),
(1551, 9231, 9058, 1),
(1550, 9231, 9047, 2),
(1549, 9231, 9013, 1),
(1548, 9231, 9024, 1),
(1547, 9231, 9057, 1),
(1546, 9231, 9055, 1),
(1263, 9233, 9239, 1),
(1260, 9234, 9237, 1),
(1261, 9235, 9241, 1),
(1262, 9236, 9240, 1),
(1264, 9242, 9243, 1),
(1628, 9245, 9246, 1),
(1627, 9245, 9058, 1),
(1626, 9245, 9056, 17),
(1625, 9245, 9247, 2),
(1624, 9245, 9059, 4),
(1623, 9245, 9106, 8),
(1622, 9245, 9112, 8),
(1621, 9245, 9116, 5),
(1620, 9245, 9249, 2),
(1619, 9245, 9102, 11),
(1268, 9247, 9248, 1),
(1269, 9247, 1046, 15000),
(1270, 9247, 1028, 2300),
(1271, 9247, 1043, 35000),
(1272, 9247, 1025, 2000),
(1273, 9247, 1030, 40000),
(1274, 9247, 1013, 12000),
(1275, 9247, 1001, 2000),
(1276, 9247, 1019, 10000),
(1277, 9247, 1016, 25000),
(1285, 9249, 9250, 1),
(1286, 9249, 1001, 25),
(1287, 9249, 1046, 12),
(1288, 9249, 1018, 7),
(1289, 9249, 1003, 30),
(1290, 9249, 1037, 12),
(1291, 9249, 1013, 100),
(1292, 9249, 1048, 35),
(1294, 9251, 9252, 1),
(1431, 9254, 9255, 1),
(1430, 9254, 9266, 1),
(1429, 9254, 9029, 2),
(1427, 9254, 9184, 1),
(1426, 9254, 9095, 1),
(1436, 9256, 9172, 1),
(1435, 9256, 9266, 1),
(1434, 9256, 9201, 1),
(1433, 9256, 9199, 1),
(1432, 9256, 9029, 2),
(1815, 9256, 9259, 1),
(1847, 9261, 9030, 20),
(1849, 9261, 9029, 2),
(1848, 9261, 9266, 3),
(1851, 9261, 9306, 10),
(1850, 9261, 9033, 6),
(1418, 9261, 9262, 1),
(1425, 9263, 9265, 1),
(1852, 9263, 9266, 2),
(1855, 9263, 9104, 3),
(1853, 9263, 9029, 2),
(1854, 9263, 9294, 3),
(1856, 9263, 2009, 6),
(1857, 9263, 2010, 5),
(1858, 9263, 9306, 10),
(1314, 9266, 9267, 1),
(1315, 9266, 1001, 350),
(1316, 9266, 1046, 200),
(1317, 9266, 1016, 500),
(1318, 9266, 1013, 200),
(1319, 9266, 1028, 120),
(1320, 9266, 1043, 100),
(1641, 9269, 9270, 1),
(1640, 9269, 9059, 6),
(1639, 9269, 9171, 10),
(1638, 9269, 9102, 2),
(1637, 9269, 9199, 1),
(1636, 9269, 9247, 3),
(1635, 9269, 9170, 12),
(1634, 9269, 9058, 1),
(1633, 9269, 9201, 1),
(1632, 9269, 9172, 4),
(1631, 9269, 9112, 12),
(1630, 9269, 9106, 1),
(1629, 9269, 9156, 1),
(1340, 9271, 9273, 1),
(1341, 9272, 9274, 1),
(1594, 9276, 9277, 1),
(1593, 9276, 9171, 5),
(1592, 9276, 2010, 5),
(1591, 9276, 9031, 5),
(1590, 9276, 9114, 5),
(1589, 9276, 2014, 4),
(1588, 9276, 9047, 24),
(1587, 9276, 9055, 1),
(1586, 9276, 9059, 2),
(1585, 9276, 9058, 1),
(1584, 9276, 9170, 5),
(1583, 9276, 9172, 6),
(1582, 9276, 9013, 2),
(1846, 9279, 9306, 10),
(1413, 9279, 9278, 1),
(1842, 9279, 9032, 6),
(1845, 9279, 9266, 2),
(1843, 9279, 9029, 2),
(1844, 9279, 9033, 4),
(1514, 9282, 9283, 1),
(1513, 9282, 2004, 1),
(1512, 9282, 9032, 4),
(1511, 9282, 9033, 5),
(1510, 9282, 9029, 1),
(1676, 9285, 9286, 1),
(1675, 9285, 9046, 9),
(1674, 9285, 9033, 5),
(1673, 9285, 9031, 9),
(1672, 9285, 9029, 1),
(1816, 9285, 2004, 6),
(1774, 9288, 9289, 1),
(1773, 9288, 9116, 2),
(1772, 9288, 9112, 8),
(1771, 9288, 2015, 6),
(1770, 9288, 2013, 1),
(1769, 9288, 9140, 1),
(1768, 9288, 9047, 32),
(1767, 9288, 2009, 1),
(1766, 9288, 2010, 8),
(1765, 9288, 2012, 8),
(1764, 9288, 9104, 4),
(1763, 9288, 9294, 2),
(1793, 9291, 9104, 5),
(1792, 9291, 9294, 4),
(1791, 9291, 9047, 24),
(1790, 9291, 9140, 1),
(1789, 9291, 2013, 1),
(1788, 9291, 2012, 8),
(1787, 9291, 2015, 6),
(1786, 9291, 9057, 3),
(1794, 9291, 2010, 6),
(1795, 9291, 9292, 1),
(1735, 9294, 9293, 1),
(1734, 9294, 1048, 35),
(1733, 9294, 1012, 35),
(1732, 9294, 1043, 210),
(1731, 9294, 1038, 15),
(1730, 9294, 1013, 200),
(1729, 9294, 1018, 30),
(1728, 9294, 1001, 120),
(1727, 9294, 1006, 10),
(1726, 9294, 1046, 50),
(1817, 9296, 9172, 20),
(1818, 9296, 9297, 1),
(1819, 9296, 9029, 1),
(1820, 9296, 2004, 5),
(1827, 9296, 9298, 1),
(1828, 9296, 9184, 1),
(1821, 9298, 1020, 2),
(1822, 9298, 1048, 1),
(1823, 9298, 1033, 5),
(1824, 9298, 1026, 3),
(1825, 9298, 1017, 4),
(1826, 9298, 9299, 1),
(1829, 9300, 9301, 1),
(1830, 9302, 9303, 1),
(1831, 9304, 9305, 1),
(1832, 9306, 1001, 15),
(1833, 9306, 1019, 25),
(1834, 9306, 1018, 5),
(1835, 9306, 1003, 120),
(1836, 9306, 1047, 2),
(1837, 9306, 1030, 120),
(1838, 9306, 1013, 250),
(1839, 9306, 1033, 5),
(1840, 9306, 1031, 12),
(1841, 9306, 9307, 1),
(1859, 9308, 9309, 1),
(1860, 9311, 2003, 1),
(1861, 9311, 2012, 4),
(1862, 9311, 2015, 5),
(1863, 9311, 2005, 1),
(1864, 9311, 2011, 1),
(1865, 9311, 2009, 1),
(1866, 9311, 2014, 1),
(1867, 9311, 9312, 1),
(1868, 9311, 9313, 1),
(1869, 9313, 1008, 12),
(1870, 9313, 1042, 7),
(1871, 9313, 1009, 4),
(1872, 9313, 1044, 2),
(1873, 9313, 9314, 1),
(1874, 9317, 9272, 1),
(1875, 9319, 9235, 1),
(1876, 9318, 9300, 1),
(1877, 9315, 9302, 1),
(1878, 9320, 9233, 1),
(1879, 9316, 9242, 1),
(1880, 9317, 9124, 2),
(1881, 9319, 9124, 2),
(1882, 9318, 9124, 2),
(1883, 9315, 9124, 2),
(1884, 9320, 9124, 2),
(1885, 9316, 9124, 2),
(1886, 9322, 9323, 1),
(1887, 9324, 9325, 1),
(1888, 9324, 1015, 10),
(1889, 9324, 1043, 5),
(1890, 9324, 1037, 7),
(1891, 9324, 9143, 3),
(1892, 9324, 1027, 4),
(1893, 9324, 1021, 4),
(1894, 9324, 1004, 2),
(1898, 9322, 9156, 16),
(1897, 9322, 9324, 1),
(1899, 9322, 9170, 12),
(1900, 9322, 9172, 4),
(1901, 9322, 9112, 12),
(1902, 9322, 9058, 1),
(1903, 9322, 9059, 6),
(1904, 9322, 9106, 32),
(1905, 9322, 9171, 10),
(1906, 9322, 9102, 2),
(1907, 9327, 2012, 2),
(1908, 9327, 2015, 1),
(1909, 9327, 2013, 1),
(1910, 9327, 9044, 1),
(1911, 9327, 9024, 8),
(1912, 9327, 9013, 2),
(1913, 9327, 2002, 1),
(1914, 9327, 9047, 5),
(1915, 9327, 9057, 1),
(1916, 9327, 2014, 2),
(1917, 9327, 9328, 1),
(1918, 9330, 9046, 12),
(1919, 9330, 2015, 4),
(1920, 9330, 9058, 1),
(1921, 9330, 9059, 2),
(1922, 9330, 9055, 1),
(1923, 9330, 9013, 2),
(1924, 9330, 9056, 3),
(1925, 9330, 9047, 8),
(1926, 9330, 9045, 12),
(1927, 9330, 9057, 2),
(1928, 9330, 2014, 6),
(1929, 9330, 9331, 1),
(1930, 9333, 2010, 8),
(1931, 9333, 9116, 2),
(1932, 9333, 2012, 8),
(1933, 9333, 9112, 8),
(1934, 9333, 2015, 6),
(1935, 9333, 2013, 1),
(1936, 9333, 9140, 1),
(1937, 9333, 2009, 1),
(1938, 9333, 9047, 32),
(1939, 9333, 9294, 2),
(1940, 9333, 9104, 4),
(1941, 9333, 9334, 1);

-- seed buildings
INSERT INTO `buildings` (`id`, `desc`, `energy`, `warehouse`, `map_char`, `req_id`, `native`, `shield`, `atack`, `w_type`) VALUES
(23, 'Позволяет добывать ресурсы с поверхности планеты. Количество циклов зависит от уровня развития данной структуры. Для постоянной добычи можно использовать автономных роботов.<br><br><b>Свойства</b><br>	Энергии				<font color="#FF0000">-10</font><br>	Склад					<font color="#00FF00">1000</font>', -10, 1000, 'K', 24, 1, 0, 0, 0),
(24, 'Переплавляет ископаемые, и ненужные устройства в ресурсы. Качество переплавки зависит от уровня структуры.<br><br><b>Свойства</b><br>	Энергии				<font color="#FF0000">-15</font><br>	Склад					<font color="#00FF00">1000</font>', -15, 1000, 'P', 34, 1, 0, 0, 0),
(25, 'Позволяет исследовать агрегаты, устройства, чертежи, продуктом деятельности является чертеж агрегата необходимый для изготовления. Уровень постройки определяет время исследования.<br><br><b>Свойства</b><br>	Энергии				<font color="#FF0000">-35</font><br>	Склад					<font color="#00FF00">500</font>', -35, 500, 'L', 39, 1, 0, 0, 0),
(26, 'Изначальная структура в которой вы спустились на планету. Обладает возможностью полностью регенирировать игрока и восстанавливать память.<br><br><b>Свойства</b><br>	Энергии				<font color="#00FF00">50</font><br>	Склад					<font color="#00FF00">5000</font>', 50, 5000, 'C', NULL, 1, 0, 0, 0),
(33, 'Позволяет изготавливать вещи при наличии чертежа и ресурсов. Количество циклов производства зависит от уровня структуры. Для постоянной работы можно воспользоваться автономными роботами.<br><br><b>Свойства</b><br>	Энергии				<font color="#FF0000">-50</font><br>	Склад					<font color="#00FF00">5000</font>', -50, 5000, 'F', 24, 1, 0, 0, 0),
(34, 'Вырабатывает электроэнергию необходимую всем постройкам на планете, без энергии не функционирует ни одна постройка. Количество вырабатываемой энергии зависит от уровня постройки.<br><br><b>Свойства</b><br>	Энергии				', 100, 0, 'E', NULL, 1, 0, 0, 0),
(36, 'Позволяет добывать ресурсы с среднего слоя планеты. Перед постройкой желательно исследовать пространство с помощью зонда или геологического спутника.  Количество циклов зависит от уровня развития данной структуры. Для постоянной добычи можно использовать автономных роботов.<br><br><b>Свойства</b><br>	Энергии				<font color="#FF0000">-30</font><br>	Склад					<font color="#00FF00">1000</font>', -30, 1000, 'M', 24, 1, 0, 0, 0),
(37, 'Позволяет добывать ресурсы с глубинного слоя планеты.  Перед постройкой желательно исследовать пространство с помощью зонда или геологического спутника. Количество циклов зависит от уровня развития данной структуры. Для постоянной добычи можно использовать автономных роботов.<br><br><b>Свойства</b><br>	Энергии				<font color="#FF0000">-60</font><br>	Склад					<font color="#00FF00">1000</font>', -60, 1000, 'O', 24, 1, 0, 0, 0),
(38, 'Позволяет хранить больше товара на планете. Количество хранимых товаров зависит от уровня постройки.<br><br><b>Свойства</b><br>	Энергии				<font color="#FF0000">-10</font><br>	Склад					', -10, 250000, 'S', 24, 1, 0, 0, 0),
(39, 'Позволяет изготавливать сложные устройства, собираемые из нескольких модулей.', -70, 5000, 'R', 33, 1, 0, 0, 0),
(2000, 'Исследовать почву', 0, 0, '0', 33, 1, 0, 0, 0),
(3001, 'Торговая станция является собственностью земной федерации, позволяет выставлять на продажу товары игрока, а так же запрашивать закупку товаров. Станция обеспечивает неприкосновенность изначальной планеты.<br><br><b>Свойства</b><br>	Энергии				<font color="#00FF00">300</font><br>	Склад					<font color="#00FF00">50000</font>', 300, 50000, 'T', NULL, 1, 0, 0, 0),
(3002, 'Позволяет исследовать полностью поверхность планеты :<br>5-ый уровень весь средний слой<br>10-ый уровень весь глубинный слой<br><br><b>Свойства</b><br>	Энергии				<font color="#FF0000">-500</font>', -500, 0, 'G', NULL, 1, 0, 0, 0),
(3003, 'Добывает колосальное количество энергии преобразуя свободную солнечную энергию электричество. Из за отсутсвия гравитации солнечные панели распространяются на несколько километров вокруг спутника.<br><br><b>Свойства</b><br>	Энергии				', 1000, 0, 'A', NULL, 1, 0, 0, 0),
(3004, 'Позволяет хранить на орбите ресурсы.<br><br><b>Свойства</b><br>	Энергии				<font color="#FF0000">-800</font><br>	Склад					', -800, 120000, 'I', 3003, 1, 0, 0, 0),
(3005, 'Позволяет собирать большие корабли которые из-за своего веса не могут приземлится на поверхность планеты.<br><br><b>Свойства</b><br>	Энергии				<font color="#FF0000">-2000</font>', -2000, 2000, 'Q', 3003, 1, 0, 0, 0),
(3006, 'Позволяет добывать газ из верхних слоев атмосферы некоторых планет. Используется на орбите газовых гигантов. Требует для постройки наличие электростанции<br><br><b>Свойства</b><br>	Энергии				<font color="#FF0000">-250</font>', -250, 3000, 'W', 3003, 1, 0, 0, 0),
(27, 'Защищает планету используя ракеты земля-воздух. Количество выстрелов за один залп зависит от уровня постройки.<br><br><b>Свойства</b><br>	Сила выстрела				2<br>	Количество					', 0, 0, 'D', NULL, 0, 0, 2, 3),
(28, 'Защищает планету используя лазер наземного базирования. Лазер наносит множество малых по силе ударов, выводя из строя множество малых кораблей.<br><br><b>Свойства</b><br>', 0, 0, 'H', NULL, 0, 0, 50, 0),
(29, 'Защищает планету используя перегретую плазму. Плазма наносит редкие, но сильные удары, выводя из строя крупные корабли.<br><br><b>Свойства</b><br>', 0, 0, 'J', NULL, 0, 0, 75, 1),
(30, 'Защищает планету используя микроволновое излучение. Генератор наносит удар на все корабли находящиеся в атмосфере, что делает его эффективным против большого количества слабых кораблей.<br><br><b>Свойства</b><br>', 0, 0, 'N', NULL, 0, 0, 1, 2),
(31, 'Защищает планету не нанося урона врагу блокирует все виды оружия при этом позволяя атаковать нападающих. Количество поглащенной энергии зависит от уровня постройки. В случае нападения щит уничтожается в первую очередь.<br><br><b>Свойства</b><br>	Щит				', 0, 0, 'U', NULL, 0, 1000, 0, 0),
(3007, 'Защищает планету используя лазерное оружие.<br><br>', 0, 0, 'V', NULL, 0, 500, 50, 0),
(3008, 'Защищает планету используя плазменное оружие.<br><br><b>Свойства</b><br>', 0, 0, 'X', NULL, 0, 500, 25, 1),
(3009, 'Защищает планету используя квантовый генератор. Поражая все цели одновременно<br><br><b>Свойства</b><br>', 0, 0, 'Y', NULL, 0, 300, 1, 2),
(3010, 'Позволяет превращать одно вещество в другое используя энергию получаемую во время самого преобразования.<br><br><b>Свойства</b><br>	Энергии				<font color="#FF0000">-2500</font><br>	Склад					<font color="#00FF00">100000</font>', -2500, 100000, 'Z', 3004, 1, 0, 0, 0);

-- seed ship_types
INSERT INTO `ship_types` (`object_id`, `conserv_id`, `tactik`, `agrav`, `planet`, `hyper`, `shield`, `cargo`, `w_power`, `w_count`, `w_type`, `code`, `planet_cnt`, `hyper_cnt`, `radar`, `remote`, `interupt`, `cloak`, `missile`, `dock`, `corsar`) VALUES
(4001, 9001, 0, 1, 0, 0, 0, 365, 0, 0, 0, 'МШ', 0, 0, 0, 0, 0, 0, 0, 0, 0),
(4002, 9002, 0, 1, 0, 0, 0, 2025, 0, 0, 0, 'СШ', 0, 0, 0, 0, 0, 0, 0, 0, 0),
(4003, 9003, 0, 1, 0, 0, 100, 9475, 0, 0, 0, 'БШ', 0, 0, 0, 0, 0, 0, 0, 0, 0),
(4007, 9007, 0, 1, 16, 0, 100, 18840, 0, 0, 0, 'ММШ', 2, 0, 0, 0, 0, 0, 0, 0, 0),
(9010, 9009, 0, 0, 7, 4, 270, 6333, 0, 0, 0, 'ГПТ', 2, 2, 0, 0, 0, 0, 1, 0, 0),
(9021, 9022, 4, 1, 15, 20, 400, 1426, 4, 2, 0, 'И', 2, 2, 0, 0, 0, 0, 2, 0, 0),
(9042, 9043, 6, 0, 6, 32, 618, 2337, 8, 12, 0, 'К', 2, 4, 0, 0, 0, 0, 4, 0, 0),
(9053, 9054, 9, 0, 21, 33, 3141, 4308, 16, 12, 1, 'Л', 8, 24, 0, 0, 0, 0, 9, 0, 0),
(9067, 9068, 7, 0, 6, 43, 1118, 2494, 16, 4, 1, 'Ф', 6, 24, 0, 0, 0, 0, 8, 0, 0),
(9072, 9073, 9, 0, 24, 39, 3158, 1538, 64, 4, 1, 'ЛМ', 8, 24, 0, 0, 0, 0, 9, 0, 0),
(9077, 9078, 0, 0, 30, 49, 3261, 1073, 7, 0, 2, 'ЛТ', 8, 24, 0, 0, 0, 0, 0, 0, 0),
(9080, 9081, 5, 1, 11, 23, 317, 2424, 1, 24, 0, 'Б', 8, 23, 0, 0, 0, 0, 1, 0, 0),
(9093, 9094, 0, 1, 95, 110, 0, 1121, 0, 0, 0, 'РА', 10, 8, 1, 0, 0, 0, 0, 0, 0),
(9099, 9100, 10, 0, 22, 43, 10272, 117578, 1200, 2, 1, 'У', 10, 64, 0, 0, 0, 0, 6, 0, 0),
(9123, 9124, 0, 1, 12, 15, 81, 2127, 0, 0, 0, 'УУ', 2, 2, 0, 1, 0, 0, 0, 0, 0),
(9127, 9125, 4, 1, 14, 18, 491, 350, 5, 4, 0, 'ИМ', 2, 2, 0, 0, 0, 0, 2, 0, 0),
(9128, 9126, 4, 1, 13, 17, 400, 462, 16, 2, 1, 'ИТ', 2, 2, 0, 0, 0, 0, 0, 0, 0),
(9134, 9135, 0, 1, 8, 25, 0, 81, 0, 0, 0, 'РД', 0, 2, 1, 0, 0, 0, 0, 0, 0),
(9136, 9137, 7, 1, 19, 0, 6048, 1180, 3, 6, 0, 'Ш', 4, 0, 0, 0, 0, 0, 7, 0, 0),
(9141, 9142, 1, 0, 2, 1, 5, 0, 1, 1, 0, 'ТР', 0, 0, 0, 0, 0, 0, 0, 0, 0),
(9146, 9145, 2, 0, 2, 1, 7, 0, 1, 3, 0, 'ТМ', 0, 0, 0, 0, 0, 0, 0, 0, 0),
(9148, 9149, 3, 0, 2, 1, 10, 0, 1, 5, 0, 'ТТ', 0, 0, 0, 0, 0, 0, 0, 0, 0),
(9151, 9153, 1, 1, 17, 0, 60, 250, 3, 1, 0, 'ПК', 2, 0, 1, 0, 0, 0, 1, 0, 0),
(9158, 9160, 6, 0, 21, 31, 571, 3094, 16, 2, 1, 'ФГ', 6, 24, 0, 0, 1, 0, 8, 0, 0),
(9161, 9162, 0, 0, 12, 14, 1570, 259808, 0, 0, 0, 'А', 4, 24, 0, 0, 0, 0, 1, 0, 0),
(9167, 9168, 5, 1, 23, 46, 480, 667, 4, 6, 0, 'ИС', 3, 3, 0, 0, 0, 0, 3, 0, 0),
(9176, 9177, 8, 0, 16, 92, 927, 3003, 6, 12, 0, 'ОС', 3, 6, 1, 0, 0, 0, 6, 0, 0),
(9180, 9179, 0, 1, 37, 54, 1281, 292439, 0, 0, 0, 'АС', 5, 6, 0, 0, 0, 0, 1, 0, 0),
(9186, 9188, 0, 1, 35, 50, 0, 250, 0, 0, 0, 'АР', 4, 4, 0, 0, 0, 1, 0, 0, 0),
(9196, 9197, 0, 1, 88, 116, 0, 1105, 0, 0, 0, 'РС', 9, 6, 10, 0, 0, 0, 0, 0, 0),
(9203, 9204, 0, 1, 29, 57, 0, 250, 0, 0, 0, 'НС', 3, 3, 0, 0, 0, 10, 0, 0, 0),
(9206, 9207, 10, 1, 16, 32, 10000, 5720, 1200, 3, 1, 'ШС', 9, 9, 0, 0, 0, 0, 6, 0, 0),
(9227, 9228, 0, 0, 2, 1, 1200, 100000, 0, 0, 0, 'ТД', 0, 0, 0, 0, 0, 0, 2, 0, 0),
(9230, 9231, 5, 0, 22, 23, 3054, 9421, 20, 1, 0, 'КР', 6, 16, 0, 0, 0, 0, 9, 0, 0),
(9244, 9245, 0, 0, 32, 35, 10050, 278813, 0, 0, 0, 'МКС', 22, 136, 5, 0, 0, 0, 3, 1, 0),
(9253, 9254, 0, 0, 0, 0, 100, 4431, 0, 0, 0, 'АСР', 0, 0, 1, 0, 0, 1, 0, 1, 0),
(9257, 9256, 0, 0, 0, 0, 100, 3675, 0, 0, 0, 'АСРС', 0, 0, 10, 0, 0, 10, 0, 1, 0),
(9260, 9261, 9, 0, 0, 0, 10100, 4050, 125, 20, 0, 'АЛС', 0, 0, 0, 0, 0, 0, 0, 1, 0),
(9264, 9263, 10, 0, 0, 0, 10100, 8450, 1200, 3, 0, 'АПС', 0, 0, 0, 0, 0, 0, 0, 1, 0),
(9268, 9269, 0, 0, 33, 47, 4018, 571043, 0, 0, 0, 'МСС', 26, 27, 20, 0, 1, 10, 3, 1, 0),
(9275, 9276, 10, 0, 41, 83, 3781, 17382, 400, 5, 1, 'ЛС', 15, 15, 0, 0, 0, 0, 9, 0, 0),
(9280, 9279, 0, 0, 0, 0, 10100, 4920, 18, 0, 0, 'АКС', 0, 0, 0, 0, 0, 0, 0, 1, 0),
(9281, 9282, 0, 0, 0, 0, -1, 0, 120, 0, 2, 'КМ', 0, 0, 0, 0, 0, 0, 0, 0, 0),
(9284, 9285, 5, 0, 0, 0, -1, 0, 125, 9, 1, 'ПМ', 0, 0, 0, 0, 0, 0, 0, 0, 0),
(9287, 9288, 9, 0, 12, 24, 8064, 1249, 3600, 2, 1, 'ШМ', 12, 16, 0, 0, 0, 0, 0, 0, 0),
(9290, 9291, 9, 0, 17, 33, 6048, 0, 2400, 4, 1, 'ШТ', 12, 16, 0, 0, 0, 0, 0, 0, 0),
(9295, 9296, 0, 0, 0, 0, -1, 0, 600, 20, 0, 'ГМ', 0, 0, 0, 0, 0, 1, 0, 0, 0),
(9310, 9311, 0, 1, 95, 110, 0, 1121, 0, 0, 0, 'КШ', 10, 8, 0, 0, 0, 1, 0, 0, 0),
(9321, 9322, 0, 0, 33, 47, 16018, 14570, 0, 0, 0, 'ГВ', 26, 27, 0, 0, 0, 0, 4, 0, 0),
(9326, 9327, 6, 0, 6, 32, 618, 2337, 8, 12, 0, 'КК', 2, 4, 0, 0, 0, 0, 4, 0, 1),
(9329, 9330, 9, 0, 21, 33, 3141, 4308, 16, 12, 1, 'ЛК', 8, 24, 0, 0, 0, 0, 9, 0, 1),
(9332, 9333, 9, 0, 12, 24, 8064, 1249, 3600, 2, 0, 'ШК', 12, 16, 0, 0, 0, 0, 0, 0, 1);

-- seed missile_types
INSERT INTO `missile_types` (`object_id`, `name`, `type`, `power`) VALUES
(9209, 'москит', 1, 25),
(9210, 'оса', 2, 50),
(9211, 'тайфун', 3, 100),
(9212, 'стрекоза', 4, 150),
(9213, 'шершень', 5, 250),
(9214, 'ураган', 6, 400),
(9215, 'шмель', 7, 1200),
(9216, 'смерч', 8, 2500),
(9217, 'апокалипсис', 9, 4000);

-- seed books
INSERT INTO `books` (`id`, `name`, `description`, `price`, `parent_id`, `parent_level`, `teach_time`) VALUES
(1, 'Геолог', 'Позволяет изготавливать геологические приборы. Необходим 3 уровень Геологии, для изучения Шахтерства', 0, NULL, NULL, 60),
(2, 'Шахтер', 'Сокращает время добычи ресурсов на 5%25 за каждый уровень. Необходим Шахтер 3 уровень для изучения Металлургии.', 0, 1, 3, 900),
(3, 'Металлург', 'Сокращает время переплавки ископаемых и различных объектов на 5%25 за каждый уровень. Необходим 3 уровень Металургии для изучения Производственника', 0, 2, 3, 120),
(4, 'Скорочтение', 'Сокращает время изучения других наук на 5%25 за каждый уровень.', 0, NULL, NULL, 240),
(5, 'Строитель', 'Сокращает время постройки объектов на 5%25 за каждый уровень. Необходим 3 уровень для изучения технолога.', 0, NULL, NULL, 120),
(6, 'Производственник', 'Сокращает время производства различных деталей на 5%25 за каждый уровень. Необходим третий уровень для изучения Инженера', 0, 3, 3, 240),
(7, 'Инженер', 'Увеличивает вероятность создания чертежа по образцу на 8%25 за каждый уровень. Необходим 5 уровень для изучения навигации. Необходим 8 уровень для изучения тактики и стратегии.', 0, 6, 3, 800),
(8, 'Навигатор', 'Сокращает время перелета между двумя точками пространства на 2.5%25 за каждый уровень. Необходим 3 уровень для изучения "Гипернавигации" и 5 уровень для изучения науки "Бомбардир"', 0, 7, 5, 1200),
(9, 'Гипернавигатор', 'Сокращает время перелета в гиперпространстве на 2.5%25 за каждый уровень.', 0, 8, 3, 2400),
(10, 'Бомбардир', 'Увеличивает точность попадания при атаке планеты. Чем выше уровень, тем больше вероятность, что пострадают только военные постройки. при 0 уровне ведется "ковровая бомбардировка" до уничтожения всех военных сооружений. При 10 уровне уничтожаются только военные сооружения точечным бомбометанием. Требуется 5 уровень для изучения Абордажа.', 0, 8, 5, 1200),
(11, 'Абордаж', 'Увеличивает вероятность абордажа. Изначально вероятность захвата корабля в бою 0%25 с каждым новым уровнем вероятность увеличивается на 2%25. Максимум 20%25. При захвате корабля он выводится с поля боя и передается в собственность противника со всем содержимым. Если ваш статус меньше 0 (вы относитесь к космическим пиратам) вероятность увеличивается пропорционально статусу (0 -10) 5%25, (-10 -100) 15%25, (-100 -1000) 30%25, (-1000 -10000) 40%25, (меньше -10000) 50%25.', 1, 10, 5, 3200),
(12, 'Тактик', 'Определяет очередность кораблей с которых производится залп. Чем выше уровень тем более математически правильная последовательность выбирается во время атаки.', 0, 7, 8, 2400),
(13, 'Стратег', 'Определяет очередность кораблей и построек по которым ведется огонь. Чем выше уровень тем более математически правильные объекты выбираются для атаки.', 0, 7, 8, 3200),
(14, 'Снайпер', 'Позволяет реже промахиваться в космическом бою. Изначально точное попадание в 60%25 выстрелов с каждым уровнем показатель увеличивается на 2%25. Максимальная точность попаданий 80%25. В случае промаха выстрел не наносит повреждений.', 0, 7, 5, 1200),
(15, 'Технолог', 'Увеличивает время и количество добычи любого минерала на 10%25 на каждый уровень. Необходим 10 уровень для изучения профильных технологов.', 0, 5, 3, 480),
(16, 'Технолог карьеров', 'Увеличивает время и количество добычи минералов с верхнего слоя на 10%25 за каждый уровень.', 1, 15, 10, 720),
(17, 'Технолог шахт', 'Увеличивает время и количество добычи минералов со среднего слоя на 10%25 за каждый уровень.', 1, 15, 10, 720),
(18, 'Технолог буровых', 'Увеличивает время и количество добычи минералов с глубинного слоя на 10%25 за каждый уровень.', 1, 15, 10, 720),
(19, 'Технолог орбитальных заводов', 'Увеличивает время и количество добычи газа на орбитальных газодобывающих заводах на 10%25 за каждый уровень.', 1, 15, 10, 720),
(20, 'Защита планет', 'Увеличивает устойчивость планетарных щитов на 25%25 за каждый уровень.', 0, 4, 10, 320),
(21, 'Плазменная оборона', 'Увеличивает силу оборонительных плазменных установок на 100%25 за каждый уровень.', 0, 20, 5, 600),
(22, 'Лазерная оборона', 'Увеличивает силу оборонительных лазерных установок на 100%25 за каждый уровень.', 0, 20, 5, 600),
(23, 'Мазерная оборона', 'Увеличивает силу планетарных оборонительных мазеров на 25%25 за каждый уровень.', 0, 20, 7, 600),
(24, 'Квантовая оборона', 'Увеличивает силу орбитальных квантовых установок на 25%25 за каждый уровень.', 0, 20, 7, 600),
(25, 'Физик ядерщик', 'Ускоряет процесс переработки материалов на термоядерном преобразователе каждый уровень дает 4%25 ускорения. Требует больших знаний в геологии.', 0, 1, 10, 720),
(26, 'Астроинженер', 'Уменьшает время перемещения планет на 5%25 за уровень при использовании корабля "гипер врата".', 1, 7, 10, 800);

-- seed implants
INSERT INTO `implants` (`object_id`, `book_id`, `level`) VALUES
(9233, 14, 5),
(9234, 14, 10),
(9235, 11, 10),
(9236, 11, 25),
(9242, 7, 3),
(9251, 4, 4),
(9271, 9, 6),
(9272, 9, 10),
(9300, 8, 4),
(9302, 4, 1),
(9304, 4, 1),
(9308, 9, 1);

-- seed research
INSERT INTO `research` (`from_object`, `to_object`) VALUES
(9066, 9074),
(9074, 9079),
(9025, 9129),
(9129, 9130),
(7004, 9133),
(9052, 9041),
(9041, 9105),
(9105, 9115),
(9027, 9037),
(9076, 9036),
(6011, 9132),
(6004, 6010),
(6010, 9084),
(6002, 6008),
(6009, 9064),
(9064, 9117),
(9015, 9063),
(9165, 9248),
(9248, 9267),
(9115, 9293);

-- seed sintez
INSERT INTO `sintez` (`res_id`, `object_id`, `object_cnt`) VALUES
(1030, 1037, 500),
(1037, 1016, 500),
(1016, 1034, 500),
(1034, 1032, 500),
(1032, 1041, 500),
(1041, 1046, 500),
(1046, 1020, 500),
(1020, 1000, 500),
(1000, 1031, 500),
(1031, 1010, 500),
(1010, 1003, 500),
(1003, 1039, 500),
(1039, 1040, 500),
(1040, 1028, 500),
(1028, 1035, 500),
(1035, 1014, 500),
(1019, 1044, 500),
(1044, 1008, 500),
(1008, 1049, 500),
(1049, 1027, 500),
(1027, 1006, 500),
(1006, 1023, 500),
(1023, 1048, 500),
(1048, 1017, 500),
(1017, 1004, 500),
(1004, 1002, 500),
(1002, 1029, 500),
(1029, 1021, 500),
(1021, 1018, 500),
(1018, 1012, 500),
(1012, 1045, 500),
(1045, 1047, 500),
(1013, 1043, 500),
(1043, 1007, 500),
(1007, 1001, 500),
(1001, 1024, 500),
(1024, 1009, 500),
(1009, 1042, 500),
(1042, 1038, 500),
(1038, 1026, 500),
(1026, 1025, 500),
(1025, 1015, 500),
(1015, 1011, 500),
(1011, 1033, 500),
(1033, 1005, 500),
(1005, 1022, 500),
(1022, 1036, 500),
(1036, 9143, 500);

-- seed quest_types
INSERT INTO `quest_types` (`type`, `name`, `desc`, `status`, `cnt`, `arg0`, `arg1`, `arg2`, `arg3`, `arg4`, `arg5`, `arg6`, `arg7`, `arg8`, `arg9`) VALUES
(1, 'Для постройки корабля требуется %arg5 в количестве %arg1. Награда %arg3 кредитов.', 'Конфедерация нашла макет неизвестного корабля и для испытания надо построить этот корабль, ваша помощь может оказаться очень кстати, требуется %arg5 в количестве %arg1. Конфедерация готова заплатить %arg3 кредитов тому, кто поможет с добычей. Конфедерация позаботится и доставит его самостоятельно с вашей родной планеты. Конфедерация всегда помнит о тех, кто оказывает помощь, ваш уровень ответственности изменится соответственно.', 2, 3, 'null', '(round(rand()*40)+10)*100', '%seed%%49+1000', 'round(arg1 / 10)', 'round(arg1 / 100)', '(SELECT name FROM objects WHERE id = %seed%%49+1000)', 'null', 'null', 'null', 'null'),
(2, 'Найти потерянный корабль в системе %arg4. Награда %arg2 кредитов.', 'Не так давно из системы %arg4 поступил сигнал экстренной помощи, сигнал был очень слабым и точные координаты корабля установить не удалось. Если вы готовы помочь, вам будет необходим радарный корабль и транспортный корабль с топливом. Нужно переместится в систему %arg4, отыскать корабль и объединится с кораблем в флот. От вас требуется доставить корабль до ближайшей планеты где есть станция конфедерации и состыковаться со станцией. В качестве вознаграждения вы получите %arg2 кредитов и благодарность от спасенных людей. Конфедерация всегда помнит о тех, кто оказывает помощь, ваш уровень ответственности изменится соответственно.', 6, 5, 'null', '(SELECT star_id FROM planets WHERE user_id IS NOT NULL ORDER BY rand(%seed%) LIMIT 0,1)', 'round(rand()*40+10)*100', 'round(arg2/10)', '(SELECT s.name FROM planets p INNER JOIN stars s ON s.id = p.star_id WHERE p.user_id IS NOT NULL ORDER BY rand(%seed%) LIMIT 0,1)', 'null', 'null', 'null', 'null', 'null'),
(3, 'Перевезти пакет из системы %arg1 в систему %arg3. Награда %arg4 кредитов', 'Некоторые сведения нельзя доверять гиперпередаче и требуется доброволец для доставки секретных сведений. Пакет содержит цифровой монокристалл который практически не поддается расшифровке. Вам необходимо пристыковаться к торговой станции в звездной системе %arg1 после проверки вашего корабля вам лично в руки будет передан пакет. Ваша задача как можно быстрее добраться до системы %arg3 и пристыковаться к торговой станции. Награда %arg4 кредитов. Вам необходимо ЛИЧНО присутствовать на корабле.', 5, 3, '(SELECT star_id FROM planets WHERE user_id IS NOT NULL ORDER BY rand(%seed%) LIMIT 0,1)', '(SELECT s.name FROM planets p INNER JOIN stars s ON s.id = p.star_id WHERE p.user_id IS NOT NULL ORDER BY rand(%seed%) LIMIT 0,1)', '(SELECT star_id FROM planets WHERE user_id IS NOT NULL ORDER BY rand(%seed%+13) LIMIT 0,1)', '(SELECT s.name FROM planets p INNER JOIN stars s ON s.id = p.star_id WHERE p.user_id IS NOT NULL ORDER BY rand(%seed%+13) LIMIT 0,1)', 'round(rand()*50+50)*100', 'round(arg4/100)', 'null', 'null', '(SELECT star_id FROM planets WHERE user_id IS NOT NULL ORDER BY rand(%seed%+25) LIMIT 0,1)', '(SELECT s.name FROM planets p INNER JOIN stars s ON s.id = p.star_id WHERE p.user_id IS NOT NULL ORDER BY rand(%seed%+25) LIMIT 0,1)'),
(4, 'Уничтожить %arg2 Трититов в системе %arg1. Награда %arg3 кредитов', 'В системе %arg1 активизировались Трититы, силы конфедерации далеко от звезды и поэтому требуется ваша помощь. Необходимо собрать флот и отправится в систему %arg1, нам необходимо быть уверенными в положительном исходе войны. По данным разведки в системе %arg1 обнаружено %arg2 Трититов, но конфедерация не располагает точными сведениями о боевой мощи этого флота.', 4, 3, '(SELECT id FROM stars ORDER BY rand(%seed%) LIMIT 0,1)', '(SELECT name FROM stars ORDER BY rand(%seed%) LIMIT 0,1)', 'round(rand()*17+3)', 'round(arg2*100)', 'null', 'null', 'null', 'null', 'null', 'null'),
(5, 'Для торговой станции требуется %arg5 в количестве %arg1. Награда %arg3 кредитов.', 'Конфедерация исследуя новые рубежи галактики постоянно занята строительством торговых станций однако случаются нападения пиратов и Трититов на транспортные корабли, от чего часть ресурсов теряется. Для завершения постройки торговой станции требуется %arg5 в количестве %arg1. Конфедерация готова заплатить %arg3 кредитов тому, кто поможет с добычей. Конфедерация позаботится и доставит его самостоятельно с вашей родной планеты. Конфедерация всегда помнит о тех, кто оказывает помощь, ваш уровень ответственности изменится соответственно.', 2, 3, 'null', '(round(rand()*40)+10)*100', '%seed%%49+1000', 'round(arg1 / 10)', 'round(arg1 / 100)', '(SELECT name FROM objects WHERE id = %seed%%49+1000)', 'null', 'null', 'null', 'null'),
(6, 'Добыть %arg5 в количестве %arg1. Награда %arg3 кредитов.', 'Конфедерации планет требуется ваша помощь. В настоящий момент все производственные мощности работают в полную силу, однако требуется еще %arg5 в количестве %arg1. Конфедерация готова заплатить %arg3 кредитов тому, кто поможет с добычей. Конфедерация позаботится и доставит его самостоятельно с вашей родной планеты. Конфедерация всегда помнит о тех, кто оказывает помощь, ваш уровень ответственности изменится соответственно.', 2, 3, 'null', '(round(rand()*40)+10)*100', '%seed%%49+1000', 'round(arg1 / 10)', 'round(arg1 / 100)', '(SELECT name FROM objects WHERE id = %seed%%49+1000)', 'null', 'null', 'null', 'null'),
(7, 'Требуется минерал %arg5 в количестве %arg1. Награда %arg3 кредитов.', 'Для экспериментов на глюоном ускорителе требуется чистый минерал %arg5 в количестве %arg1. От результатов эксперимента зависит будущее науки. Конфедерация готова заплатить %arg3 кредитов тому, кто поможет с добычей. Конфедерация позаботится и доставит его самостоятельно с вашей родной планеты. Конфедерация всегда помнит о тех, кто оказывает помощь, ваш уровень ответственности изменится соответственно.', 2, 1, 'null', '(round(rand()*10)+10)*100', '(SELECT id FROM objects WHERE class = 5 ORDER BY rand(%seed%) LIMIT 1,1)', 'round(arg1 / 2)', 'round(arg1 / 100)', '(SELECT name FROM objects WHERE class = 5 ORDER BY rand(%seed%) LIMIT 1,1)', 'null', 'null', 'null', 'null'),
(8, 'Предотвратите вторжение армии Трититов в системе %arg1. Награда %arg3 кредитов', 'В системе %arg1 обнаружено сильное искажение пространства Трититы объединились в армию и начали уничтожение всего живого, силы конфедерации далеко от звезды и поэтому требуется ваша помощь. Необходимо собрать сильный флот и отправится в систему %arg1, нам необходимо быть уверенными в положительном исходе войны. По данным разведки в системе %arg1 обнаружено не менее %arg2 Трититов, но конфедерация не располагает точными сведениями о боевой мощи этого флота.', 4, 3, '(SELECT id FROM stars WHERE type != 4 ORDER BY rand(%seed%) LIMIT 0,1)', '(SELECT name FROM stars WHERE type != 4 ORDER BY rand(%seed%) LIMIT 0,1)', 'round(rand()*50+20)', 'round(arg2*100)', 'null', 'null', 'null', 'null', 'null', 'null'),
(9, 'Освободите оккупированную планету %arg3 в системе %arg1 вознаграждение %arg5 кредитов', 'В системе %arg1 пираты оккупировали и удерживают под своим контролем планету %arg1 Конфедерация не вмешивается во внутренние конфликты, однако готова выплатить %arg5 кредитов за вашу помощь в освобождении планеты. По данным предварительной разведки на орбите находится %arg4 кораблей. Будьте предусмотрительны, пираты могут не дать вам второго шанса.', 4, 3, '(SELECT s.id FROM planets p LEFT JOIN orbits_buildings ob ON ob.planet_id = p.id LEFT JOIN stars s ON s.type != 4 AND p.star_id = s.id WHERE p.user_id IS NULL AND ob.id IS NULL ORDER BY rand(%seed%) LIMIT 0,1)', '(SELECT s.name FROM planets p LEFT JOIN orbits_buildings ob ON ob.planet_id = p.id LEFT JOIN stars s ON s.type != 4 AND p.star_id = s.id WHERE p.type IN( 2, 3, 4 ) AND ob.id IS NULL ORDER BY rand(%seed%) LIMIT 0,1)', '(SELECT p.id FROM planets p LEFT JOIN orbits_buildings ob ON ob.planet_id = p.id LEFT JOIN stars s ON s.type != 4 AND p.star_id = s.id WHERE p.type IN( 2, 3, 4 ) AND ob.id IS NULL ORDER BY rand(%seed%) LIMIT 0,1)', '(SELECT p.name FROM planets p LEFT JOIN orbits_buildings ob ON ob.planet_id = p.id LEFT JOIN stars s ON s.type != 4 AND p.star_id = s.id WHERE p.type IN( 2, 3, 4 ) AND ob.id IS NULL ORDER BY rand(%seed%) LIMIT 0,1)', 'round(rand()*35+35)', 'round(arg4*100)', 'null', 'null', 'null', 'null'),
(12, 'Исследовать неизвестную точку в пространстве. Координаты %arg2 x %arg3. Награда %arg0', 'Автоматические разведчики конфедерации заметили странное искажение в пространстве. Вам предоставляется честь исследовать точку в пространстве. Помните, что завершение этой миссии в любом случае необходимо для конфедерации. Точка в пространстве с координатами %arg2:%arg3 излучает слишком много энергии, а плотность вещества в этой точке значительно превышает плотность космического вакуума. От этого задания нельзя будет отказаться, в случае неудачи вам придется воспользоваться помощью других пилотов. Награда %arg0', 2, 1, 'round(rand()*25000) + 5000', 'round(rand()*6)', 'round(sin(rand(%seed%)*7)*(rand(%seed%+10)*100+700))', 'round(cos(rand(%seed%)*7)*(rand(%seed%+10)*100+700))', 'null', 'null', 'null', 'null', 'null', 'null'),
(13, 'Переломить ход между пиратами и конфедерацией. В точке пространства %arg2 x %arg3. Награда %arg0', 'Корабли конфедерации, во время патрулирования, обнаружили флот пиратов. Силы двух противостоящих флотов практически равны. Обе стороны не решаются начать бой зная, что в живых не останется никто. У вас есть возможность встать на сторону конфедерации или пиратов и переломить ход этой битвы! Торопитесь, противник тоже собирает подмогу и битва вот-вот начнется. Координаты столкновения %arg2:%arg3 это точка в гиперпространстве. Как поступить с союзниками противника решать вам. Главное это исход назначенного сражения. Конфедерация предлагает вам награду в %arg0 кредитов за то, что вы встанете на их сторону. Учтите, до окончания битвы нельзя будет отказаться от этого задания. Вам придется дождаться конца сражения.', 3, 1, 'round(rand()*2500) + 5000', 'null', 'round(sin(rand(%seed%)*7)*(rand(%seed%+10)*100+700))', 'round(cos(rand(%seed%)*7)*(rand(%seed%+10)*100+700))', 'null', 'null', 'null', 'null', 'null', 'null'),
(14, 'Переломить ход между пиратами и конфедерацией. В точке пространства %arg2 x %arg3. Награда %arg0', 'В гиперпространстве столкнулись флота конфедерации и пиратов. К ним уже примкнуло подкрепление! У вас есть шанс внести свой вклад в эту битву. Чем быстрее вы отправитесь на эту битву, тем больше у вас шансов. У вас есть возможность встать на сторону конфедерации или пиратов и переломить ход этой битвы! Координаты столкновения %arg2:%arg3 это точка в гиперпространстве. Как поступить с союзниками противника решать вам. Главное это исход назначенного сражения. Конфедерация предлагает вам награду в %arg0 кредитов за то, что вы встанете на их сторону. Учтите, до окончания битвы нельзя будет отказаться от этого задания. Вам придется дождаться конца сражения.', 3, 0, 'null', 'null', 'null', 'null', 'null', 'null', 'null', 'null', 'null', 'null');

-- seed tutorials
INSERT INTO `tutorials` (`level`, `page_id`, `premium`, `tutorial`) VALUES
(1, 1, 0, '1(34) Добро пожаловать!\n\nВы прошли обучение в "Академии дальней разведки" и теперь получили возможность колонизировать планету. В качестве отправной точки была найдена звездная система с планетой земного типа. Конфедерация планет гарантирует вам полную безопасность на этой планете. Однако никто не ограничивает вас в действиях, и вы имеете полное право колонизировать любые другие планеты. Конфедерация осуждает взаимное нападение, однако не вмешивается в боевые действия, за исключением случаев, когда объект находится под охраной конфедерации.\n\nНа начальном этапе вас будут сопровождать обучающие сообщения, от точного выполнения заданий зависит время, за которое вы адаптируетесь к новым условиям чужой планеты. По окончании обучения конфедерация выплатит вам 10 конфедерат.'),
(2, 1, 0, '2(34) Вы находитесь в модуле управления обучением.\n\nК сожалению, дальний перелет невозможен без криокамеры, а это накладывает отпечаток на память. Все приобретенные знания забываются, однако благодаря технологии регенерации нейросетей есть возможность восстановить эти знания. Вам следует определить только последовательность восстановления знаний.\n\nКаждое знание, умение или навык дает новые возможности. Некоторые из них необходимы для производства или осуществления управления. Другие лишь ускоряют процессы. Чем выше уровень, тем труднее восстанавливать нейронные связи, поскольку восстановление общей картины ведется наведенными токами большой мощности. В то же время для восстановления деталей необходимы токи малой мощности, что увеличивает время обучения.\nОбучение нельзя прервать, поскольку часть мозга окажется заблокированной навсегда. Знания, полученные при обучении сразу отпечатываются в матрице регенерационной машины, что позволит в последующем восстанавливать тело и память одновременно.'),
(3, 2, 0, '3(34) Вы находитесь в модуле управления окружающим пространством.\n\nВ настоящий момент вы находитесь на планете, на экране вы можете видеть поверхность планеты. В левом верхнем углу есть иконка "мини карты" если подвести к ней указатель раскроется карта, кликнув в любой точке на карте, вы быстро переместитесь в нужное место. Все постройки на карте отображаются яркой белой точкой, в то время как поверхность отображается соответствующим цветом.\nПервая постройка, которая есть на вашей планете это "капсула". Капсула представляет собой космический корабль, на котором вы прибыли на планету. Корабль снабжен устройством регенерации, что позволяет вам полностью восстанавливать тело и память после гибели. \nНа корабле есть минимальный запас минералов, который позволит вам начать развитие. Отнеситесь ответственно к первым шагам на планете, если вы неправильно распределите изначальные ресурсы вы, не сможете правильно начать развивать свою колонию.\n\nНа экране слева вы видите панель управления, состоящую из 3-х основных частей.\n<b>Информация</b> - в данной закладке отображается информация о точке на планете, а так же основные сведения о постройках. Из этой закладки в случае необходимости можно осуществить снос любого сооружения кроме капсулы.\n<b>Использование</b> - в данной закладке отображаются все возможные действия с выделенным объектом. Из этой закладки осуществляется строительство, запуск шахт карьеров, заводов и пр. Если постройка не несет в себе созидательной функции, в данной закладке отображаются все хранимые вещи.\n<b>Усовершенствовать</b> - в данной закладке отображаются возможность по усовершенствованию построек. Так же из этой закладки можно запустить исследования почвы (Необходим геологический зонд) что позволит добывать более редкие минералы.\n'),
(4, 2, 500, '4(34) Электростанция.\n\nДля начала необходимо построить Электростанцию, это обеспечит вас энергией.\nВыберите свободное место на планете и перейдите в панель "Использовать".\nУстановите тип постройки "Электростанция" и начните строительство нажатием кнопки "Начать строительство".\n\nНа карте появится пустая платформа и таймер красного цвета. Цвет таймера зависит от события, стройка отображается красным цветом. Когда строительство будет завершено, на карте появится здание электростанции. Поскольку электростанция не несет в себе дополнительных функций, в закладке "использование" можно увидеть какие вещи присутствуют на планете, а так же количество доступной энергии.\n\n<i>Постройте электростанцию</i>\n<b>вознаграждение: 500</b>'),
(5, 2, 500, '5(34) Нанодиспенсер\n\nТеперь, когда у вас есть электростанция, вы можете построить "Нанодиспенсер". Нанодиспенсер - позволяет перерабатывать сложные вещества или детали, разбирая их на атомарном уровне. В результате получаются чистые материалы. Существует минимально-необходимое количество материала для начала процесса, однако максимальное количество никак не ограничено. Время, которое затрачивается на выделение материалов, не зависит от количества сырья.\nДля постройки выберете любую свободную поверхность, зайдите в панели слева в закладку "Использовать" и выберите "Нанодиспенсер", начните строительство.\n\n<i>Постройте нанодиспенсер</i>\n<b>вознаграждение: 500</b>'),
(7, 6, 0, '7(34) Железо\n\nТеперь необходимо найти минерал содержащий Железо.\nДля этого выберите слева "Железо" и, заходя в каждый минерал из описания справа, найдите минерал первой группы.\n\n<i>Найдите минерал 1-го слоя содержащий железо</i>\n'),
(8, 6, 0, '8(34) Гематит\n\nГематит - как видно из описания это полезное ископаемое первой группы, соответственно добывать его можно используя карьер. Теперь можно вернуться на страницу "Местность" и начать разработку этого полезного ископаемого.'),
(9, 2, 500, '9(34) Гематит\n\nДля начала разработки Гематита необходимо обнаружить его на планете, для этого на панели слева необходимо выбрать вкладку "Информация" и переходя по разным областям на планете найти область с Гематитом. Визуально поверхность представляет собой травянистую поляну.\n\nКак правило во время посадки капсула производит предварительную разведку поверхности и старается приземлится в центральной зоне гематита.\n\n<i>Найдите на поверхности Гематит</i>\n\n<b>вознаграждение: 500</b>'),
(10, 2, 500, '10(34) Карьер\n\nГематит найден, можно приступать к его разработке.\nДля этого выберите в панели слева закладку "Использовать". В списке построек нам необходим "карьер". Постройте карьер в той точке, где был найден гематит.\n\n<i>Постройте карьер для добычи Гематита</i>\n\n<b>вознаграждение: 500</b>'),
(6, 2, 0, '6(34) Энциклопедия\n\nПосле постройки нанодиспенсера можно начать разработку полезных ископаемых. Прежде всего, необходимо наладить добычу железа и кремния, так как это основные компоненты строительства. Для этого, нужно узнать в какой породе содержится достаточное количество этих минералов.\nТочные справочные сведения содержатся в Энциклопедии в закладке "прочее".\n\n<i>Перейдите в прочее, выберите энциклопедию</i>\n'),
(11, 2, 1000, '11(34) Кремний\n\nТеперь необходимо позаботится о втором по необходимости материале - кремнии. Для этого в Энциклопедии нам необходимо найти кремний, а затем выбрать из полезных ископаемых ископаемое первого уровня, что бы можно было легко обнаружить его на поверхности.\n\n<i>Найдите полезное ископаемое первой группы в составе которого присутствует Кремний</i>\n\n<b>вознаграждение: 1000</b>'),
(12, 6, 0, '12(34) Кварц.\n\nВы правильно нашли полезное ископаемое, которое необходимо. Как вы видите "кварц" находится на первом уровне, а соответственно его будет легко найти на планете. Внешне это ископаемое выглядит как желтый песок.'),
(13, 2, 500, '13(34) Карьер\n\nКварц найден. Запомните как он выглядит, это позволит в будущем наращивать производственные мощности.\nТеперь необходимо начать его разработку, для этого в левой панели необходимо выбрать "Использовать", а затем тип постройки "Карьер" и запустить строительство.\n\n<i>Постройте карьер для добычи кварца</i>\n\n<b>вознаграждение: 500</b>'),
(14, 2, 1000, '14(34) Запуск производства\n\nТеперь необходимо запустить карьеры. Для этого необходимо выделить карьер на карте, в левой панели перейти в закладку "Использовать" и запустить цикл.\nКоличество доступных циклов зависит от уровня карьера. Чем выше уровень карьера, тем больше циклов без перезапуска доступно. Для безостановочной добычи используйте роботов, это позволит добывать больше ресурсов не теряя времени на простой производства.\nВ независимости от количества запущенных циклов любой процесс производства можно прервать. Для увеличения уровня постройки необходимо выбрать пункт меню "Усовершенствовать" и запустить усовершенствование.\nКоличество добытых ископаемых можно посмотреть в нейтральных постройках, таких как Капсула, Электростанция или Склад. Вам необходимо добыть 100 единиц полезных ископаемых.\n\n<i>Запустите карьеры для добычи кварца и гематита необходимо добыть 100 кварца и 100 гематита</i>\n\n<b>вознаграждение: 1000</b>\n'),
(15, 2, 1500, '15(34) Переработка\n\nКоличество добытых полезных ископаемых достигло уровня переработки. Теперь можно загрузить их в нанодиспенсер и переработать, что бы получить чистые минералы. Для этого выделите нанодиспенсер, а в левой панели выберите закладку "Использовать". В выпадающем списке будут все детали и полезные ископаемые, которые можно переработать.\nЧем выше уровень постройки, тем выше КПД, соответственно тем больше материалов получится из того же количества сырья. На первом уровне КПД 70%25\n\n<i>Переработайте полезные ископаемые в нанодиспенсере и получите элементы</i>\n\n<b>вознаграждение: 1500</b>\n'),
(16, 2, 2000, '16(34) Титан\n\nТеперь вам предоставляется возможность самостоятельно найти и разработать новый материал. <b>Титан</b>. Он понадобится для производства геологических зондов.\n\nТитан является распространенным материалом, однако до изобретения наноботов его было очень трудно перерабатывать из-за его высокой температуры плавления и большой прочности. В настоящее время Титан используется повсеместно, раньше эту нишу производства занимал алюминий и его сплавы с магнием.\n\n<i>Найдите в энциклопедии полезное ископаемое первой группы в состав которого входит титан, установите карьер, добудьте и переработайте полученные полезные ископаемые, что бы получить титан.</i>\n\n<b>вознаграждение: 2000</b>\n'),
(17, 2, 1000, '17(34) Завод\n\nВы самостоятельно нашли, добыли и переработали полезные ископаемые и получили Титан. Теперь необходимо начать производство. Для этого найдите пустое место на поверхности и постройте "Завод".\n\n<i>Постройте завод на пустой точке поверхности</i>\n\n<b>вознаграждение: 1000</b>'),
(18, 2, 2000, '18(34) Геологический зонд.\n\nДля работы заводу необходимы как полезные ископаемые, так и чертежи, чертеж представляет собой программу, в которой подробнейшим образом расписано в какой последовательности и как именно сгруппированы атомы в конечном продукте. Для оптимизации размера такие программы применяют фрактальные вычисления.\nВыберите "завод" на поверхности, на панели слева зайдите в закладку "Использовать" и в выпадающем списке выберите "Геологический зонд".\nВ таблице отмечены материалы, которые необходимы для постройки зонда.\nМатериалы, которых не хватает, отмечены красным. Необходимо добыть и переработать еще полезных ископаемых, что бы получить необходимое количество материалов.\nЕсли все необходимое присутствует на складе, можно запускать производство. Количество последовательно произведенных устройств зависит от уровня завода, чем выше уровень завода, тем большее количество устройств может быть произведено без вашего вмешательства. Для обеспечения безостановочного производства следует использовать роботов.\n\n<i>Изготовьте геологический зонд</i>\n\n<b>вознаграждение: 2000</b>\n'),
(19, 2, 3000, '19(34) Геологоразведка.\n\nГеологический зонд необходим для исследования поверхности.\nВыберите свободное место на поверхности, в левой панели перейдите в закладку "усовершенствовать" и запустите исследование поверхности. После запуска зонда исследуется следующий неисследованный слой.\nМатериалы верхнего слоя расположены пластами и легко определяются визуально, материалы среднего и глубинного слоя расположены точечно и их расположение совершенно случайно.\nДля добычи материалов среднего слоя необходимо использовать шахту. Для добычи материалов глубинного слоя необходимо использовать буровую. На одной единице поверхности может располагаться только одна постройка.\n\n<i>Исследуйте средний или глубинный слой</i>\n\n<b>вознаграждение: 3000</b>\n'),
(20, 2, 2000, '20(34) Сборочный цех\n\nВы прошли вводный курс, теперь вам предоставляется самостоятельно разработать и построить космический челнок. У вас в капсуле есть все необходимые чертежи и макеты. Используйте роботов на добывающих предприятиях, это сэкономит время и позволит накопить ресурсы.\nДля сборки челнока вам понадобится "Сборочный цех" постройте его на любой свободной поверхности.\n\n<i>Постройте сборочный цех.</i>\n\n<b>вознаграждение: 2000</b>'),
(21, 2, 0, '21(34) Корабли\n\nТеперь можно запустить все добывающие предприятия, для большей производительности используйте роботов, это позволит вам отвлечься от процесса добычи и заняться производством или войнами.\nВ галактике помимо людей были обнаружены Трититы, которые нападают на корабли и иногда даже перехватывают корабли, выходящие из гиперпространства. Вам необходимо тщательно следить и своевременно уничтожать Трититов, иначе от этого могут пострадать ваши торговые корабли, не обладающие оружием.\n\n<i>Запустите все добывающие предприятия и перейдите во вкладку "корабли"</i>\n'),
(22, 3, 0, '22(34) Расконсервация\n\nВ списке кораблей вы можете найти несколько патрульных катеров, сейчас эти космические корабли представляют собой сборочные модули, выделите и выберете в списке приказов "Расконсервировать" это позволит запустить процесс автоматической сборки корабля. В результате вы получите настоящие рабочие корабли.\nКорабли можно расконсервировать по одному, а можно сразу все, выбрав на главном экране количество кораблей для расконсервации.\n\n<i>Расконсервируйте все патрульные корабли</i>\n'),
(23, 3, 0, '23(34) Флот\n\nТеперь вам надо объединить корабли во флот, что бы ими было легче управлять. Для этого выделите несколько кораблей в списки (для этого воспользуйтесь клавишей Ctrl или Shift) после выделения больше одного корабля появится возможность объединить их в один флот.\n\n<i>Объедините корабли в флот</i>'),
(24, 3, 0, '24(34) Орбита\n\nЕдиным флотом вам необходимо вывести корабль на орбиту для этого выделите флот и отдайте приказ "Выйти на орбиту"\n\n<i>Выведите флот на орбиту</i>'),
(25, 3, 0, '25(34) Открытый космос\n\nНа патрульном корабле установлен радар, позволяющий находить в системе чужие корабли. Чтобы воспользоваться этим радаром, вам необходимо отвести корабль от источников гравитационного поля, для этого улетите в сторону от планеты, в любую пустую точку пространства.\n\n<i>Отлетите вашим флотом в сторону от планет</i>\n'),
(28, 2, 0, '28(34) Корабли\n\nВы изготовили свой первый космический корабль.\nНа планетарных шатлах установлены только антигравитационные двигатели, которые позволяют взлететь с планеты, для перемещения дальше орбиты необходимы корабли с межпланетными двигателями. Все корабли изготавливаются в законсервированном виде, это позволяет загружать их в транспортные корабли и перемещать как груз. Для использования корабля его необходимо расконсервировать. Процесс расконсервации доступен в меню "корабли"\n\n<i>Перейдите в меню управления кораблями</i>'),
(29, 3, 0, '29(34) Расконсервация шатла\n\nВ данном меню осуществляется все управление кораблями.\nДля начала найдите свой шатл и расконсервируйте корабль, что бы стало доступно управление кораблем.\n\n<i>Расконсервируйте шатл</i>'),
(30, 3, 500, '30(34) Первый полет\n\nТеперь можно воспользоваться кораблем и подняться на орбиту. Можно отправить корабль самостоятельно, можно выступить в роли капитана. Функциональность корабля не зависит от наличия капитана на борту, однако нельзя удаленно управлять постройками и торговлей.\nДля того, что бы переместится в корабль необходимо выбрать корабль и отдать приказ "переместиться в корабль". В ответ рядом с кораблем появится символ "*", что означает наличие капитана корабля.\nДля взлета необходимо немного времени (примерно 10 секунд) после того, как вы отдадите приказ на взлет, с поверхности планеты рядом с кораблем появится таймер, он показывает оставшееся время для выполнения приказа.\n\n<i>Переместитесь в корабль и поднимитесь на орбиту</i>\n\n<b>вознаграждение: 500</b>\n'),
(31, 3, 0, '31(34) Торговая станция\n\nПоздравляем вас с первым выходом в космос в роли капитана корабля.\nПерейдите на вкладку "Местность" и посмотрите на планету из космоса. На орбите есть несколько "точек стояния", в которых могут быть расположены различные спутники, орбитальные заводы, газодобывающие заводы и другие орбитальные объекты.\nС момента начала колонизации планеты на орбите расположена торговая станция. Постройка служит, прежде всего, защитным сооружением предоставленным конфедерацией. Любой корабль попытавшийся напасть на вашу "родную" планету будет моментально уничтожен.\nИсходя из названия понятно, что торговая станция осуществляет еще и торговую функцию. В настоящий момент на торговой станции расположены дополнительные чертежи и макет "Большого шатла", данный корабль значительно более вместительный по сравнению с малым шатлом. Необходимо доставить эти чертежи на поверхность. Для стыковки необходимо выделить точку стояния, где находится торговая станция и в левой панели во вкладке "использовать" начать стыковку.\n\n<i>Пристыкуйтесь к торговой станции</i>\n'),
(32, 3, 0, '32(34) Склад\n\nДобро пожаловать на станцию.\nНа станции хранятся чертежи и макет, их необходимо переместить на планету, это позволит изготавливать межпланетный шатл. Для управления грузом перейдите в меню Склад.\n\n<i>Перейдите в меню склад</i>'),
(33, 4, 0, '33(34) Чертежи и макеты\n\nМеню Склад позволяет перемещать товары и собственность игрока.\nСлева вверху отображаются все активные корабли игрока, под кораблями все склады, с которыми соотносится выбранный корабль. Это могут быть станции, планеты, соседние корабли, находящиеся в том же месте.\nСправа вверху отображаются окно товаров этого корабля. Если ваш корабль все еще находится на станции, выберите его в левой верхней панели, а в нижней выберите станцию. Справа внизу вы увидите список товаров для "переноса". Направление переноса определяется выбранным товаром и стрелкой. Вам необходимо перенести все чертежи и макет со склада станции на корабль.\n\n<i>Перенесите все чертежи и макет на корабль</i>\n'),
(34, 4, 3000, 'Вы закончили обучение.\n\nТеперь можно отстыковаться от станции и лететь на планету. Прилетев на планету, не забудьте выгрузить товар на склад.\nПосле этого в выпадающем списке на заводе появятся новые устройства, к которым есть чертежи, а в выпадающем списке сборочного цеха появится новый корабль "Межпланетный шатл" макет которого вы привезете.\n\nДля более быстрого развития Конфедерация выплачивает вам 10 конфедерат.\n\n<i>Летите на планету и выгрузите чертежи и макет<i>\n\n<b>вознаграждение: 3000</b>'),
(26, 3, 0, '26(34) Трититы\n\nВ списке приказов флота выберите "Переместится в системе", теперь на карте вы увидите один или несколько желтых кружков, именно так радар отмечает чужие корабли. Если вы не обнаружили таких отметок на планетарной карте, подождите, в среднем каждые 15 минут в звездную систему наведываются Трититы.\n\n<i>Найдите и уничтожьте Трититов</i>'),
(27, 3, 0, '27(34) Шатл\n\nВы справились с этим заданием, теперь можете вернуться на планету и продолжить постройку Шатла\n\n<i>Постройте свой шатл</i>');

-- seed hints
INSERT INTO `hints` (`tid`, `text`) VALUES
('books_dtConfederates', 'Это количество конфедерат. Единственная валюта принятая для торговли редкими артефактами.'),
('books_dtCredits', 'Это количество кредитов. Кредиты это общегалактическая валюта для торговли. Принимается всеми торговыми станциями.'),
('books_dtDefence', 'В случае нападения конфедерация оценивает ваши силы и силы противника и при перевесе в сторону противника высылает свой флот на помощь вам.'),
('books_dtHomePlanet', 'Это планета которая была выбрана для колонизации. Конфедерация возлагает надежды на вас, как колонизатора.'),
('books_dtHomeStar', 'Это ваша звезда. Именно тут вас высадили корабли конфедерации. Вы можете переименовать звезду если пожелаете.'),
('books_dtInsur', 'Наличие и количество страховок. Используется для сохранения имплантантов в случае смерти.'),
('books_dtLevel', 'Это общий уровень, который показывает некоторую статистику вашей деятельности. Чем выше уровень, тем большего вы добились.'),
('books_dtLink', 'Позволяет вам пополнить счет конфедератами. Курс перевода очень зависит от способа пополнения.'),
('books_dtNewName', 'Вам необходимо выбрать новое имя. Имя должно быть уникально и не содержать оскорблений или унижений.'),
('books_dtOrbitAtack', 'Общая сила атаки с орбиты. Орбита это первая линия обороны, чем больше это число тем большие потери понесет противник в случае нападения.'),
('books_dtOrbitBuildings', 'Количество орбитальных построек. Максимальное количество построек 50. Учитывая это можно оценить занятость орбиты ее развитость.'),
('books_dtOrbitShield', 'Общая сила щитов орбиты. Вычисляется путем сложения щита каждой отдельной конструкции, на орбите щит не закрывает не военные постройки и они могут быть уничтожены.'),
('books_dtOrbitShips', 'Количество кораблей дислоцирующихся на орбите. Позволяет примерно оценить флот орбитальной обороны.'),
('books_dtOrbitWare', 'Орбитальный склад. Отображается именно <u>свободное</u> место на орбите. Как и на планете все склады связаны между собой и представляются единым складом.'),
('books_dtPlanet', 'Планета, где вы сейчас находитесь. Это местоположение непосредственно вас, как космонавта.'),
('books_dtPlanetAtack', 'Суммарна сила залпа всех планетарных военных построек. Позволяет оценить обороноспособность планеты. Чем выше число, тем больший флот может быть уничтожен.'),
('books_dtPlanetBuildings', 'Количество построек на планете. Позволяет оценить ресурс планеты. Чем больше построек, тем меньше свободного места. Так же является показателем развитости колонии.'),
('books_dtPlanetShield', 'Общая сила щитов. Чем больше щитов размещено на поверхности планеты, тем дольше продержаться войска во время атаки. Щиты помогают выиграть битву за планету.'),
('books_dtPlanetShips', 'Количество кораблей на планете. Учитываются только расконсервированные корабли. Позволяет оценить флот дислоцирующийся на планете.'),
('books_dtPlanetWare', 'Общий склад планеты. Позволяет оценить возможности хранения товара. Отображается именно <u>свободное</u> место на планете'),
('books_dtReferal', 'Если вы дадите эту ссылку вашим друзьям, то они могут принести вам прибыль. Все операции связанные с конфедератами принесут вам 10%25 в том числе окончание обучения.'),
('books_dtRename', 'Вы можете задать свое имя для планеты или звезды. Это платная услуга, поскольку потребуется регистрация во всех справочниках галактики.'),
('books_dtRobots', 'Количество роботов которые находятся в вашем подчинении. Роботы в данном случае не разделяются по типам.'),
('books_dtStar', 'Звезда, где вы сейчас находитесь. Это местоположение непосредственно вас, как космонавта.'),
('books_dtStatus', 'Это показатель ваших отношений с конфедерацией. При отрицательном значении вы станете пиратом.'),
('books_dtWar', 'Тут отражается ваш уровень военного мастерства. Он увеличивается, когда вы выигрываете битву. Уменьшается в случае вашего проигрыша.'),
('books_instance1', 'Левая панель где выводится информация о вас. Тут можно узнать ваше местоположение, а так же посмотреть основные характеристики.'),
('books_instance138', 'Позволяет перейти к игроку, что бы посмотреть информацию о нем, поменять отношение к нему или назначить вознаграждение за его голову.'),
('books_instance182', 'Запускает все добывающие сооружения на максимально возможное количество циклов. Отчет приходит в системном чате.'),
('books_instance195', 'Запускает все доступные нанодиспенсеры на планете на переработку руды. Все детали и корабли остаются в исходном состоянии.'),
('books_instance208', 'Запускает все нанодиспенсеры используя любое сырье. Это может быть руда, детали, корабли. В итоге разбирая все до элементов.'),
('books_instance221', 'Позволяет переименовать звезду или планету недопустимо использование оскорбляющих слов и выражений.'),
('books_instance23', 'Панель отношений позволяет определить кто из пилотов является вашим другом или врагом, а так же кому вы друг или враг.'),
('books_instance25', 'Панель отношений позволяет определить кто из пилотов является вашим другом или врагом, а так же кому вы друг или враг.'),
('books_instance283', 'Запускает выполнение задания. После вашего согласия задание уйдет из общего списка. Помните, что от некоторых заданий вы не сможете отказаться.'),
('books_instance296', 'Позволяет отказаться от трудного или невыполнимого задания. После вашего отказа конфедерация понизит ваш статус и несколько минут вы не сможете выполнять задания.'),
('books_instance3', 'Левая панель где выводится информация о вас. Тут можно узнать ваше местоположение, а так же посмотреть основные характеристики.'),
('books_instance30', 'Панель статистики позволяет рассмотреть общие сведения о вашей звездной системе, а так же контролировать ваши колонии.'),
('books_instance32', 'Панель статистики позволяет рассмотреть общие сведения о вашей звездной системе, а так же контролировать ваши колонии.'),
('books_instance345', 'Отдает команду на изучение. Развитие ваших навыков улучшает тот или иной показатель. Все навыки полезны, однако следует определить очередность вашего обучения.'),
('books_instance381', 'Позволяет удалить выбранные сообщения в независимости от их важности и прочитанности. Можно выделить все сообщения и затем удалить этой кнопкой.'),
('books_instance394', 'Позволяет удалить все прочитанные сообщения одним нажатием. Так же удалятся маловажные сообщения.'),
('books_instance420', 'Позволяет написать сообщение любому игроку. После того как он появится в эфире сообщение будет доставлено.'),
('books_instance46', 'Панель заданий. Позволяет выполнять небольшие миссии от конфедерации. За выполнение заданий выплачивается вознаграждение, а так же улучшается статус.'),
('books_instance48', 'Панель заданий. Позволяет выполнять небольшие миссии от конфедерации. За выполнение заданий выплачивается вознаграждение, а так же улучшается статус.'),
('books_instance509', 'Ярко зеленый цвет обозначает взаимно дружественные отношения. Темно зеленый - вы считаете его другом. Нейтральный - вас считают другом.'),
('books_instance53', 'Панель обучения. Тут вы можете изучать науки, развиваться и устанавливать имплантанты. Все это значительно улучшает ваши возможности.'),
('books_instance537', 'Ярко красный цвет обозначает взаимно враждебные отношения. Темно красный - вы считаете его врагом. Нейтральный - вас считают врагом.'),
('books_instance55', 'Панель обучения. Тут вы можете изучать науки, развиваться и устанавливать имплантанты. Все это значительно улучшает ваши возможности.'),
('books_instance565', 'Список ваших колоний. На первом месте всегда стоит ваша родная система, затем родная планета, затем все колонии.'),
('books_instance60', 'Имплантант это зачастую микрокомпьютер интегрируемый в мозг. Иногда биокомпьютер. Имплантант позволяет значительно расширить способности организма.'),
('books_instance61', 'Панель сообщений. Тут выводятся все сообщения, которые были присланы вам системой или другими пилотами. Вы так же можете ответить или написать свое сообщение.'),
('books_instance62', 'Панель сообщений. Тут выводятся все сообщения, которые были присланы вам системой или другими пилотами. Вы так же можете ответить или написать свое сообщение.'),
('books_instance683', 'Список присланных сообщейний. Слева отображается отправитель, справа краткий текст сообщения. Выделив сообщение можно прочесть его полностью.'),
('misc_dtDesc', 'Подробное описание объекта. Энциклопедия позволяет вспомнить то, что вы учили в академии дальней разведки. Это наиболее полный источник ваших знаний.'),
('misc_instance148', 'Сохраняет все выбранные настройки. Громкость музыки изменится через некоторое время после сохранения.'),
('misc_instance290', 'Список ваших роботов. Роботы часто используются на производствах для ускорения процесса. Приобрести их можно у конфедерации в любом количестве.'),
('misc_instance3', 'Громкость проигрывания музыки. При громкости меньше 10%25 музыка при входе будет отключена.'),
('misc_instance6', 'Громкость звуков и эффектов. При экономии траффика можно не трогать этот параметр, поскольку он никак не влияет.'),
('misc_instance73', 'Громкость проигрывания музыки. При громкости меньше 10%25 музыка при входе будет отключена.'),
('misc_instance74', 'Громкость проигрывания музыки. При громкости меньше 10%25 музыка при входе будет отключена.'),
('misc_instance75', 'Громкость звуков и эффектов. При экономии траффика можно не трогать этот параметр, поскольку он никак не влияет.'),
('misc_instance76', 'Громкость звуков и эффектов. При экономии траффика можно не трогать этот параметр, поскольку он никак не влияет.'),
('orbit_dtCbHeader', 'Основная характеристика объекта.'),
('orbit_dtCoord', 'Координаты выбранного объекта. Всего орбита содержит 50 точек стояния. В каждой точке можно расположить 1 орбитальную постройку.'),
('orbit_dtCount', 'Количество производственных циклов.'),
('orbit_dtDesc', 'Описание выбранной постройки. Основное назначение и некоторые характеристики.'),
('orbit_dtDgHeader', 'Пояснение к таблице. Как правило тут приводится время производства или информация об орбите в целом.'),
('orbit_dtLevel', 'Уровень постройки. Большинство построек можно улучшить до 10 уровня. Это увеличивает эффективность использования точки стояния.'),
('orbit_dtTitle', 'Наименование и уровень выбранной постройки. Большинство построек можно улучить, это позволяет эффективней использовать пространство орбиты.'),
('orbit_instance11', 'Панель улучшения. Позволяет улучшить орбитальную постройку за счет доработок и технологических улучшений.'),
('orbit_instance114', 'Запускает улучшение. Помните, что улучшение нельзя будет остановить или отменить и постройки может оказаться недоступной на время улучшения.'),
('orbit_instance125', 'Панель улучшения. Позволяет улучшить орбитальную постройку за счет доработок и технологических улучшений.'),
('orbit_instance13', 'Панель использования. Позволяет производить основные операции с постройками. Это основная панель управления.'),
('orbit_instance145', 'Выпадающий список с выбором производимого действия. Многие объекты умеют только хранить ресурсы.'),
('orbit_instance171', 'Запускает производство, переработку или добычу с использованием робота. Это позволяет использовать постройку максимально эффективно.'),
('orbit_instance184', 'Запускает выбранное действие на орбитальной постройке. Большинство действий можно отменить.'),
('orbit_instance20', 'Количество производственных циклов.'),
('orbit_instance22', 'Панель использования. Позволяет производить основные операции с постройками. Это основная панель управления.'),
('orbit_instance24', 'Информационная панель. Позволяет посмотреть название и характеристики орбитальных построек, а так же снести их.'),
('orbit_instance266', 'Прерывает ранее запущенное действие. Учтите, что прерванный цикл не завершится и все вернется в состояние начала цикла.'),
('orbit_instance27', 'Координаты выбранного объекта. Всего орбита содержит 50 точек стояния. В каждой точке можно расположить 1 орбитальную постройку.'),
('orbit_instance277', 'Панель использования. Позволяет производить основные операции с постройками. Это основная панель управления.'),
('orbit_instance29', 'Информационная панель. Позволяет посмотреть название и характеристики орбитальных построек, а так же снести их.'),
('orbit_instance294', 'Позволяет уничтожить постройку. После сноса вам вернут половину ресурсов затраченных на постройку и все улучшения.'),
('orbit_instance305', 'Информационная панель. Позволяет посмотреть название и характеристики орбитальных построек, а так же снести их.'),
('orbit_instance326', 'Подтверждает приказ о сносе. Помните, что это действие является необратимым и его нельзя будет отменить позднее. В случае ошибки придется строить заново.'),
('orbit_instance339', 'Отменяет приказ о сносе орбитальной постройки.'),
('orbit_instance370', 'Список ресурсов необходимый для улучшения. Красным отмечены недостающие ресурсы.'),
('orbit_instance394', 'В зависимости от выбранной постройки тут выводятся разные сведения. Как правило это ресурсы или детали и их количество.'),
('orbit_instance5', 'Панель улучшения. Позволяет улучшить орбитальную постройку за счет доработок и технологических улучшений.'),
('orbit_instance516', 'Это планета на орбите которой вы находитесь.'),
('planet_dtCbHeader', 'Основная характеристика объекта.'),
('planet_dtCoord', 'Координаты выбранного объекта. Во многих случаях система сообщает именно эти координаты, что бы однозначно идентифицировать постройку.'),
('planet_dtCount', 'Количество производственных циклов.'),
('planet_dtDesc', 'Описание выбранной постройки. Основное назначение и некоторые характеристики.'),
('planet_dtDgHeader', 'Пояснение к таблице. Как правило тут приводится время производства или информация о планете в целом.'),
('planet_dtLevel', 'Уровень постройки. Большинство построек можно улучшить до 10 уровня. Это увеличивает эффективность использования точки стояния.'),
('planet_dtTitle', 'Наименование и уровень выбранной постройки. Большинство построек можно улучить, это позволяет эффективней использовать пространство планеты.'),
('planet_instance12', 'Панель улучшения. Позволяет улучшить планетарную постройку за счет доработок и технологических улучшений.'),
('planet_instance135', 'Запускает улучшение. Помните, что улучшение нельзя будет остановить или отменить и постройки может оказаться недоступной на время улучшения.'),
('planet_instance14', 'Панель использования. Позволяет производить основные операции с постройками. Это основная панель управления.'),
('planet_instance146', 'Панель улучшения. Позволяет улучшить планетарную постройку за счет доработок и технологических улучшений.'),
('planet_instance166', 'Выпадающий список с выбором производимого действия. Многие объекты умеют только хранить ресурсы.'),
('planet_instance192', 'Запускает выбранное действие на планетарной постройке. Большинство действий можно отменить.'),
('planet_instance205', 'Запускает производство или добычу с использованием робота. Это позволяет использовать постройку максимально эффективно.'),
('planet_instance21', 'Количество производственных циклов.'),
('planet_instance23', 'Панель использования. Позволяет производить основные операции с постройками. Это основная панель управления.'),
('planet_instance241', 'Уменьшить количество циклов на 1.'),
('planet_instance25', 'Информационная панель. Позволяет посмотреть название и характеристики планетарных построек, а так же снести их.'),
('planet_instance253', 'Увеличить количество циклов на 1.'),
('planet_instance265', 'Установить минимальное количество циклов.'),
('planet_instance277', 'Установить максимально возможное количество циклов.'),
('planet_instance28', 'Координаты выбранного объекта. Во многих случаях система сообщает именно эти координаты, что бы однозначно идентифицировать постройку.'),
('planet_instance298', 'Панель использования. Позволяет производить основные операции с постройками. Это основная панель управления.'),
('planet_instance3', 'Панель управления миникартой. Кнопкой "+" можно выделить все объекты которые можно улучшить. Объекты выделятся красным цветом.'),
('planet_instance30', 'Информационная панель. Позволяет посмотреть название и характеристики планетарных построек, а так же снести их.'),
('planet_instance315', 'Позволяет уничтожить постройку. После сноса вам вернут половину ресурсов затраченных на постройку и все улучшения.'),
('planet_instance326', 'Информационная панель. Позволяет посмотреть название и характеристики планетарных построек, а так же снести их.'),
('planet_instance347', 'Подтверждает приказ о сносе. Помните, что это действие является необратимым и его нельзя будет отменить позднее. В случае ошибки придется строить заново.'),
('planet_instance360', 'Отменяет приказ о сносе планетарной постройки.'),
('planet_instance37', 'Миникарта. Позволяет оценить занятость планеты, быстро переместится к нужной руде или к простаивающему производству.'),
('planet_instance390', 'Список ресурсов необходимый для улучшения. Красным отмечены недостающие ресурсы.'),
('planet_instance414', 'В зависимости от выбранной постройки тут выводятся разные сведения. Как правило это ресурсы или детали и их количество.'),
('planet_instance6', 'Панель улучшения. Позволяет улучшить планетарную постройку за счет доработок и технологических улучшений.'),
('ships_dtCount', 'Количество кораблей которые вы хотите расконсервировать. При количестве больше 1 расконсервированные корабли объединяются во флот.'),
('ships_dtGroup', 'Имя группы кораблей. При наличии имплантанта "Модуль объединения" позволяет фильтровать корабли и флота по группам.'),
('ships_dtInfo', 'Характеристики выбранного корабля или флота. Тут вы можете увидеть владельца и технические характеристики. Позволяет оценивать противника.'),
('ships_dtName', 'Имя корабля или флота. Запрещается использовать оскорбительные слова или выражения.'),
('ships_dtShips', 'Список кораблей в флоте. Все корабли перечисленные в списке получают общий приказ и действуют совместно.'),
('ships_instance106', 'Список ваших кораблей и флотов. Выбрав корабль вы можете отдать ему приказ.'),
('ships_instance2180', 'Список всех товаров на корабле или всех кораблях флота. Как правило используется, что бы проверить заправлен ли корабль и насколько он снаряжен'),
('ships_instance5612', 'Отдает приказ на переименование корабля или флота.'),
('ships_instance57', 'Список приказов. Все корабли слушаются ваших приказов. В зависимости от положения корабля приказы будут различны.'),
('ships_instance82', 'Фильтр кораблей. Позволяет выделить только те корабли, которые вас интересуют. При помощи "Модуля объединения" можно создавать собственные фильтры.'),
('ships_instance8244', 'Нажимая вы отдаете приказ на расконсервацию кораблей в выбранном количестве. Все корабли окажутся в том же месте.'),
('ships_instance8257', 'Расконсервирует все корабли данного типа и объединяет их в флот. Позволяет быстро развернуть значительные силы.'),
('station_dtAvg', 'Средняя цена по галактике. Приводится в информационных целях.'),
('station_dtCount', 'Количество доступного или торгуемого товара.'),
('station_dtMax', 'Максимальная цена по галактике. Приводится в информационных целях.'),
('station_dtMin', 'Минимальная цена по галактике. Приводится в информационных целях.'),
('station_dtPrice', 'Ваша цена товара. Вы вправе назначить выгодную для вас цену.'),
('station_dtSumm', 'Общая сумма денег. Учитываются только кредиты, сделки за конфедераты возможны только с конфедерацией.'),
('station_instance132', 'Список товаров позволяет выбрать товар для торговли.'),
('station_instance160', 'Список сделок на вашей станции. Зеленые - покупка, Красные - продажа, Желтые - и покупка и продажа.'),
('station_instance61', 'Фильтр позволяющий выделить нужный вам класс товаров. Для таблицы сделок.'),
('station_instance86', 'Фильтр позволяющий выделить нужный вам класс товаров. Для выпадающего списка товаров.'),
('trade_dtConf', 'Количество конфедерат у вас. Вы можете оценить свои возможности покупки. Пополнить конфедераты можно используя желтую ссылку сверху.'),
('trade_dtConfSumm', 'Сумма покупки в конфедератах. Некоторые товары можно купить заплатив любой валютой по выбору. Некоторые товары продаются только за одну определенную валюту.'),
('trade_dtConfTitle', 'Позволяет вам пополнить счет конфедератами. Курс перевода очень зависит от способа пополнения.'),
('trade_dtCount', 'Количество товара для торговли. Именно тут вы должны ввести количество товара который хотите купить или продать.'),
('trade_dtCredit', 'Количество кредитов у вас. Вы можете оценить свои возможности покупки.'),
('trade_dtCreditSumm', 'Сумма покупки в кредитах. Некоторые товары можно купить заплатив любой валютой по выбору. Некоторые товары продаются только за одну определенную валюту.'),
('trade_dtDesc', 'Описание товара который вы приобретаете у конфедерации. Подобное описание содержится в энциклопедии.'),
('trade_dtMoney', 'Количество денег у вас. Вы можете оценить свои возможности.'),
('trade_dtSumm', 'Сумма которая получается при сделки.'),
('trade_dtTitle', 'Наименование товара. Именно этот товар выделен для торговли.'),
('trade_instance1', 'Панель конфедерации позволяет покупать товар у конфедерации. Некоторые вещи можно купить только за конфедераты, некоторые только за кредиты.'),
('trade_instance109', 'Панель конфедерации позволяет покупать товар у конфедерации. Некоторые вещи можно купить только за конфедераты, некоторые только за кредиты.'),
('trade_instance13', 'Панель покупки. Позволяет осуществлять торговые операции между вашими кораблями и другими торговыми станциями.'),
('trade_instance14', 'Панель продажи. Позволяет осуществлять торговые операции между вашими кораблями и другими торговыми станциями.'),
('trade_instance191', 'Панель продажи. Позволяет осуществлять торговые операции между вашими кораблями и другими торговыми станциями.'),
('trade_instance273', 'Панель покупки. Позволяет осуществлять торговые операции между вашими кораблями и другими торговыми станциями.'),
('trade_instance28', 'Панель сводки цен. Тут выводятся наиболее выгодные сделки в галактике. Зеленые - можно заработать, Черные - ваши, Синие - не выгодные.'),
('trade_instance29', 'Панель покупки. Позволяет осуществлять торговые операции между вашими кораблями и другими торговыми станциями.'),
('trade_instance304', 'Панель сводки цен. Тут выводятся наиболее выгодные сделки в галактике. Зеленые - можно заработать, Черные - ваши, Синие - не выгодные.'),
('trade_instance352', 'Список ваших кораблей пристыкованных на чужих торговых станциях. В качестве объема выводится доступное для загрузки пространство.'),
('trade_instance394', 'Список товаров покупаемый на другой станции. Вы можете продать любой товар, в любом количестве.'),
('trade_instance44', 'Панель сводки цен. Тут выводятся наиболее выгодные сделки в галактике. Зеленые - можно заработать, Черные - ваши, Синие - не выгодные.'),
('trade_instance443', 'Список ваших кораблей пристыкованных на чужих торговых станциях. В качестве объема выводится доступное для загрузки пространство.'),
('trade_instance485', 'Список товаров продаваемый на другой станции. Вы можете приобрести любой товар, если вам позволяют кредиты. В любом доступном количестве.'),
('trade_instance76', 'Вы можете купить это за кредиты. Количество конфедерат не изменится. Однако большинство артефактов дешевле купить за конфедераты.'),
('trade_instance91', 'Вы можете купить это за конфедераты. Некоторые вещи можно приобрести только за конфедераты.'),
('warehouse_dtCount', 'Количество товара для переноса. Если выбрано несколько товаров, по возможности каждый товар будет перемещен в этом количестве.'),
('warehouse_dtShipCount', 'Количество свободного места на корабле. Если выбрано несколько кораблей, отображается наименьший трюм.'),
('warehouse_dtTitle', 'Наименование товара, который планируется переместить. Можно выбрать несколько товаров и несколько кораблей для более быстрой загрузки-разгрузки.'),
('warehouse_dtWareCount', 'Количество свободного места на складе к которому пристыкован корабль.'),
('warehouse_instance1124', 'Список товаров на выбранном корабле или кораблях. В случае выбора нескольких кораблей отображается максимальное количество одинакового товара.'),
('warehouse_instance155', 'Фильтр позволяет выбрать тот класс товара, который вас интересует.'),
('warehouse_instance180', 'Фильтр позволяет выбрать тот класс товара, который вас интересует.'),
('warehouse_instance204', 'Список всех кораблей у которых трюм больше нуля и которые пристыкованы к какому-либо складу. Можно выделить несколько кораблей расположенных в одном месте.'),
('warehouse_instance472', 'Список всех доступных мест для перемещения товара. Тут выводится место стыковки корабля, а так же все корабли пристыкованные в том же месте.'),
('warehouse_instance632', 'Список товара на выбранном складе. Можно выделить сразу несколько товаров, что бы ускорить процесс загрузки корабля.'),
('books_dtTextMsg', 'Текст сообщения. Чаще всего сообщения отсылаются системой и являются предупреждающими или информационными.'),
('books_dtTextLrn', 'Описание навыки или имплантанта, многие навыки можно изучать только после того, как будут изучены предыдущие навыки.'),
('books_dtTextQst', 'Описание задания. Внимательно читайте задания, некоторые очень простые, другие сложные. Каждое задание оценивается адекватно сложности.'),
('books_dtTo', 'Ник пилота, которому вы хотите написать сообщение. Система автоматически проверяет правильность его написания. В случае ошибки окно окрасится красным цветом.'),
('books_dtText', 'Текст сообщения для пилота. Можно использовать любой язык, однако спец. символы будут удалены из текста.'),
('books_instance498', 'Отправляет сообщение пилоту. Изменить или удалить отправленное сообщение не представляется возможным.'),
('books_instance485', 'Отменяет отправку сообщения. В данном случае текст будет удален.'),
('books_instance75', 'Форма для написания сообщений другим пилотам. Все сообщения доставляются сразу, однако система не гарантирует, что ваше сообщение будет прочитано.');

-- seed planet_types
INSERT INTO `planet_types` (`id`, `name`) VALUES
(1, 'Планета земного типа'),
(2, 'Газовый гигант'),
(3, 'Необитаемая планета'),
(4, 'Мертвая планета'),
(5, 'Астероид');

-- seed place_name
INSERT INTO `place_name` (`id`, `name`) VALUES
(0, 'Орбита'),
(1, 'Планета'),
(2, 'Корабль'),
(3, 'Станция'),
(5, 'В пути'),
(7, 'Система'),
(8, 'Гиперпространство');

-- seed enciclopedia
INSERT INTO `enciclopedia` (`object_id`, `desc`) VALUES
(1, '<b>Автономный робот</b>\n\nРобот представляет собой автономный программный модуль, который позволяет назначать задания на заводы, карьеры, шахты и буровые. Последовательно запускает циклы, что позволяет использовать постройку с максимальной эффективностью.\n\nСрок работы измеряется в часах, 168 часов (7 дней) беспрерывной работы.\nЕсли робот лежит на складе и не используется, время не тратится.'),
(2, '<b>Автономный робот</b>\n\nРобот представляет собой автономный программный модуль, который позволяет назначать задания на заводы, карьеры, шахты и буровые. Последовательно запускает циклы, что позволяет использовать постройку с максимальной эффективностью.\n\nСрок работы измеряется в часах, 720 часов (30 дней) беспрерывной работы.\nЕсли робот лежит на складе и не используется, время не тратится.'),
(3, '<b>Обмен конфедератов на кредиты.</b>\n1 конфедерат = 10000 кредитов.'),
(4, '<b>Обмен конфедератов на кредиты.</b>\n9 конфедератов = 100000 кредитов.'),
(5, '<b>Странники</b>\n\nНеизвестная цивилизация, представители которой нигде не оставались надолго. В большинстве своем об этой цивилизации стало известно из найденных кораблей и иной техники. Корабли очень сильно напоминают стандартные человеческие корабли, от чего очень часто возникают споры между учеными. Одни ученые утверждают, что человечество это потомки Странников и мы представляем сейчас лишь очередной виток истории и эволюции одного и того же вида. Другие ученые утверждают, что Странники являются потомками человечества, которые по непонятным причинам совершили скачек в прошлое во времени. Нередко встречаются корабли точное устройство которых не поддается анализу, однако всегда есть возможность использовать такой корабль.\nУже доподлинно известно, что управление кораблем создано для человекоподобной расы, такого же среднего роста с тем же количеством конечностей, с теми же голосовыми и визуальными рецепторами.\n\nВ кораблях Странников настолько все очеловечено, что нельзя это списать на случайность. Либо корабли специально конструировались для человека и потом подброшены нам ради какого-то эксперимента, либо корабли конструировались для Странников, но тогда Странники это те же люди, по крайней мере телом.\n\nНекоторые корабли содержали чертежи и макеты, после тщательного изучения монокристаллов стало понятно, что эта технология полностью совпадает с технологией людей, однако устройства странников (не смотря на то, что их можно произвести) не поддаются доработке или копированию. Некоторые молекулярные связи в приборах и корпусах специально собраны на "неизвлекаемость", при попытке разобрать такое устройство оно самоликвидируется практически без выделения энергии.\n\nЗа неимением отрицательных данных конфедерация поддерживает Странников.\nПри попытке контакта рекомендуется проявлять максимальное терпение и сдержанность.\n\nВ случае обнаружения корабля Странников с членами экипажа на борту стоит немедленно обратится в конфедерацию и ожидать дальнейших инструкций.'),
(6, '<b>Страховка конфедерации</b>\n\nКонфедерация предлагает застраховать невосполнимую собственность. Страховка действует до момента смерти. В случае вашей смерти вам вернут все имплантанты, однако страховка будет аннулирована. Не забывайте вовремя оформить страховку и вы никогда не потеряете имплантанты. Есть возможность купить несколько страховок "на перед", однако не забывайте следить за состоянием страховок.'),
(7, '<b>Защита конфедерации</b>\n\nЗа определенную сумму конфедерация готова разместить свой флот недалеко от вашей системы. В случае нападения на орбиту планеты с установленной защитой конфедерация выставит свой флот на подмогу.\nСтоит учитывать, что конфедерация не будет выдвигать свой флот без явной опасности для орбитальных строений. Если по расчетам конфедерации защита устоит, то флот не вылетит на подмогу. Однако при явном перевесе в силе выдвигается флот заведомо сильнее нападающего. После атаки на вашу планету флот будет оставаться на орбите еще 3 дня в режиме охраны. Все корабли противников конфедерации будут уничтожены. Через три дня после атаки флот покинет свою позицию.\nЗащита конфедерации достаточно дорогое удовольствие, однако позволяет себя обезопасить от действительно сильного нападения. Если у вас нет орбитальной обороны, конфедерация сама по себе не будет защищать вашу планету.\nКонфедерация не пошлет свой флот на защиту пиратов, даже если она была оплачена еще до того, как вы стали пиратом - флот вылетать не станет. Однако и защита не будет снята с планеты и как только статус в обществе будет положительным защита начнет работать.'),
(23, '<img src="img/karier2.png"><b>Карьер</b>\n\nПозволяет добывать полезные ископаемые с поверхности планеты. Одно из первых зданий, которое должно быть построено для планомерного развития. Для постройки необходим <font color="#00FFFF">Нанодиспенсер</font>\nС каждым новым уровнем усовершенствования увеличивается количество циклов производства. Начальный уровень 1 цикл, максимальный уровень 10 циклов. Для безостановочного производства необходимо использовать автономных роботов, необходима лицензия земной конфедерации.\n\nСклад для хранения добытых полезных ископаемых: 1000\nНачальное время постройки: 60 секунд, уменьшается при изучении науки "Строитель"\nПотребление энергии: 10'),
(24, '<img src="img/dispancer2.png"><b>Нанодиспенсер</b>\n\nПереплавляет ископаемые, и ненужные устройства в ресурсы. Производство работает за счет применения наноботов, наноботы расщепляют вещества на составляющие атомы, из которых впоследствии можно изготавливать различные устройства. Качество переплавки зависит от уровня структуры. Первое производственное здание, которое необходимо построить на планете.\nГотовые сложные устройства, собранные в сборочном цехе не поддаются переплавке ввиду их больших размеров. Переплавка и расщепление можно производить только на планетарном уровне, аналогичных строений орбитального базирования нет.\nДля постройки необходимо наличие <font color="#00FFFF">Электростанции</font>\nСклад для хранения добытых полезных ископаемых: 1000<br>Начальное время постройки: 120 секунд, уменьшается при изучении науки "Строитель"'),
(25, '<img src="img/laboratory_2.png"><b>Лаборатория</b>\n\nИспользуется для исследования устройств, что позволяет с определенной долей вероятности получить чертеж исследуемого устройства необходимый для изготовления аналогичных устройств. Время исследования зависит от устройства. Некоторые устройства невозможно исследовать в принципе, ввиду недостаточного технического развития, это относится к сложным устройствам, а так же к артефактам иных цивилизаций. Для постройки требуется <font color="#00FFFF">сборочный цех</font>\n\nВ лаборатории можно изготавливать копию чертежа, время изготовления копии зависит от сложности чертежа. Некоторые чертежи облагаются лицензией, ввиду чего копирование таких чертежей невозможно.\n\nБолее высокий уровень структуры обеспечивает большую вероятность изготовления чертежа из устройства. Начальный уровень вероятности 20 процентов, максимальный уровень 80 процентов, гарантию изготовления чертежа до окончания исследования получить невозможно. Устройство, которое отдается на исследование, теряется в любом случае, однако в случае удачи, при наличии чертежа можно изготовить другое.\n\nСклад для хранения добытых полезных ископаемых: 500\nНачальное время постройки: 180 секунд, уменьшается при изучении науки "Строитель"\nПотребление энергии: 35'),
(26, '<img src="img/capsule.png"><b>Капсула</b>\n\nКосмическая капсула в которой вы спустились на планету. В капсуле установлено устройство обучения и сканирования нейронной сети, а так же полный комплект регенерирующей машины. Это позволяет восстанавливать тело и память вплоть до момента смерти. Капсула не может быть уничтожена или улучшена.'),
(27, '<img src="img/rocket.png"><b>Ракетная защита</b>\n\nРакетная защита, как и все военные постройки, не требует ничего для строительства. Собственные генераторы позволяют вырабатывать достаточное количество энергии для радара и орудий. Производство снарядов происходит на внутреннем заводе и не требует вмешательства. Ракеты являются самым слабым защитным оружием, однако при улучшении постройки можно запускать корабельные ракеты. Максимальный тип ракет зависит от уровня постройки.\n\nТТХ:\nСила выстрела: 2\nКол. выстрелов: 1\nМаксимальный тип ракет = ( уровень постройки - 1 )'),
(28, '<img src="img/laser.png"><b>Лазерная защита</b>\n\nЛазерная защита, как и все военные постройки, не требует ничего для строительства. Собственные генераторы позволяют вырабатывать достаточное количество энергии для радара и орудий. Лазер используется против малых кораблей, обладая огромным количеством выстрелов способен уничтожить значительный флот противника одним залпом. Прежде всего, уничтожаются транспортные корабли, не обладающие щитом.\n\nТТХ:\nСила выстрела: 5\nКол. выстрелов: 10 на каждый уровень\nСклад для хранения добытых полезных ископаемых: 0\nНачальное время постройки: 1800 секунд, уменьшается при изучении науки "Строитель"\nПотребление энергии: 0'),
(29, '<img src="img/plasma.png"><b>Плазменная защита</b>\n\nПлазменная защита, как и все военные постройки, не требует ничего для строительства. Собственные генераторы позволяют вырабатывать достаточное количество энергии для радара и орудий. Плазма представляет собой сгусток ионизированного газа с очень высокой внутренней энергией. В момент выстрела плазма направляется по каналу ствола магнитным полем.\n\nТТХ:\nСила выстрела: 75\nКол. выстрелов: 1 на каждый уровень'),
(30, '<img src="img/maser.png"><b>Коротковолновый мазер</b>\n\nКоротковолновый мазер, как и все военные постройки, не требует ничего для строительства. Собственные генераторы позволяют вырабатывать достаточное количество энергии для радара и орудий. Мазер представляет собой волновое оружие, излучающее СВЧ волны смешанного диапазона. Оружие обладает большой проникающей способностью, что позволяет атаковать противника группой. При этом слабые корабли сгорают под действием оружия, сильные корабли теряют часть щита.\n\n\nТТХ:\nСила выстрела: 1 на каждый уровень\nКол. выстрелов: по всем целям одновременно\nСклад для хранения добытых полезных ископаемых: 0\nНачальное время постройки: 1200 секунд, уменьшается при изучении науки "Строитель"\nПотребление энергии: 0'),
(31, '<img src="img/shield.png"><b>Планетарный щит</b>\n\nПланетарный щит, как и все военные постройки, не требует ничего для строительства. Собственные генераторы позволяют вырабатывать достаточное количество энергии для щита. Щит не наносит урона противнику, однако поглощает любой импульс энергии направленные в сторону планеты. Таким образом, во время атаки в первую очередь страдают именно щиты. После боя щит полностью восстанавливается. Рекомендуется как минимум одно такое сооружение для обороны планеты, это позволит предотвратить массовую бомбардировку планеты с уничтожением гражданских построек.\n\nТТХ:\nЩит: 1000 на каждый уровень'),
(33, '<img src="img/factory2.png"><b>Завод</b>\n\nИспользуется для изготовления устройств и деталей. Для производства необходимы полезные ископаемые в виде материалов, а так же чертеж устройства, которое изготавливается. Чертежи приобретаются, копируются в Лаборатории или производятся из исследования устройств. Каждое устройство для производства требует времени. Для постройки необходим Нанодиспенсер\nС каждым новым уровнем усовершенствования увеличивается количество циклов производства устройства. Начальный уровень 1 цикл, максимальный уровень 10 циклов. Для безостановочного производства необходимо использовать автономных роботов, необходима лицензия земной конфедерации.\n\nСклад для хранения полезных ископаемых и произведенных деталей: 5000\nНачальное время постройки: 60 секунд, уменьшается при изучении науки "Строитель"\nПотребление энергии: 50\n'),
(34, '<img src="img/electro_2.png"><b>Электростанция</b>\n\nДобывает электроэнергию из солнечного света, ветра, а так же верхних слоев атмосферы. Для постройки не требуется никаких зданий.\nБолее высокий уровень структуры обеспечивает большее количество энергии. Начальное количество производства энергии 100 единиц. Энергия производится не циклами, а постоянно.\nСклад на структуре: 0<br>Начальное время постройки: 60 секунд, уменьшается при изучении науки "Строитель"'),
(36, '<img src="img/mine2.png"><b>Шахта</b>\n\nПозволяет добывать полезные ископаемые со среднего слоя планеты. Для постройки обязательно исследование среднего слоя планеты. Для постройки необходим <font color="#00FFFF">Нанодиспенсер</font>\nС каждым новым уровнем усовершенствования увеличивается количество циклов производства. Начальный уровень 1 цикл, максимальный уровень 10 циклов. Для безостановочного производства необходимо использовать автономных роботов.\nСклад для хранения добытых полезных ископаемых: 1000<br>Начальное время постройки: 120 секунд, уменьшается при изучении науки "Строитель"'),
(37, '<img src="img/burovaya_2.png"><b>Буровая</b>\n\nПозволяет добывать полезные ископаемые с глубинного слоя планеты. Для постройки обязательно исследование глубинного слоя планеты. Для постройки необходим <font color="#00FFFF">Нанодиспенсер</font>\nС каждым новым уровнем усовершенствования увеличивается количество циклов производства. Начальный уровень 1 цикл, максимальный уровень 10 циклов. Для безостановочного производства необходимо использовать автономных роботов.\n\nСклад для хранения добытых полезных ископаемых: 1000\nНачальное время постройки: 240 секунд, уменьшается при изучении науки "Строитель"\nПотребление энергии: 60'),
(38, '<img src="img/silo.png"><b>Склад</b>\n\nИспользуется для хранения любых полезных ископаемых, минералов и продукции. Количество свободного места определяется уровнем постройки. Чем выше уровень постройки, тем глубже расположены отсеки хранения, поэтому каждое новое усовершенствование обходится дороже предыдущего.'),
(39, '<img src="img/asemble2.png"><b>Сборочный цех</b>\n\nИспользуется для изготовления сложных устройств из деталей, произведенных на <font color="#00FFFF">Заводе</font>. Для производства необходимы детали, а так же макет устройства которое изготавливается. Макеты приобретаются или копируются в <font color="#00FFFF">Лаборатории</font>. Каждое устройство для производства требует времени. Для постройки необходим <font color="#00FFFF">Завод</font>\nС каждым новым уровнем усовершенствования увеличивается количество циклов производства устройств. Начальный уровень 1 цикл, максимальный уровень 10 циклов. Для безостановочного производства необходимо использовать автономных роботов, необходима лицензия земной конфедерации.\nСклад для хранения полезных ископаемых и произведенных деталей: 5000<br>Начальное время постройки: 420 секунд, уменьшается при изучении науки "Строитель"'),
(50, '<b>Конспект по обучению</b>\n\nВо время длительных перелетов человеческий организм погружается в анабиоз, что накладывает отпечаток на память. После анабиоза человек знает все, чему его учили, но из-за ослабленных синапсных связей не может это вспомнить. По сути обучение представляет собой восполнение связей в нейронной сети головного мозга и из-за этого не может быть прервано. Каждый последующий уровень обучения затрагивает все более и более ослабленные нейроны, что бы не вызвать неприятных последствий производится более щадящим способом и требует больше времени на восстановление. Полный курс восстановления разбит на 10 этапов, что позволяет без труда рассчитывать время необходимое для восстановления.\n\nОбучение некоторым наукам невозможно без восполнения сопутствующих знаний. Некоторые знания не преподавались в принципе и поэтому их изучение требует еще большего времени.\n\nОсновные знания, которые доступны для обучения:\nГеолог - Позволяет использовать геологические приборы.\n 3 - Шахтер - Сокращает время добычи ресурсов.\n     3 - Металлург - Сокращает время переплавки ископаемых.\n         3 - Производственник - Сокращает время производства различных деталей.\n             3 - Инженер - Увеличивает вероятность создания чертежа по образцу.\n                 5 - Навигатор - Сокращает время перелета между двумя точками пространства.\n                     3 - Гипернавигатор - Сокращает время перелета в гиперпространстве.\n                     5 - Бомбардир - Увеличивает точность попадания при атаке планеты.\n                         5 - Абордаж - Увеличивает вероятность абордажа.\n                 5 - Снайпер - Позволяет реже промахиваться в космическом бою\n                 7 - Тактик - Определяет очередность кораблей с которых производится выстрел\n                 7 - Стратег - Определяет очередность кораблей и построек по которым производится выстрел\nСкорочтение - Сокращает время изучения других наук\nСтроитель - Сокращает время постройки объектов\n 3 - Технолог - Увеличивает время и количество добычи любого минерала.\n     10 - Технолог карьеров - Увеличивает время и количество добычи минералов с верхнего слоя.\n     10 - Технолог шахт - Увеличивает время и количество добычи минералов со среднего слоя.\n     10 - Технолог буровых - Увеличивает время и количество добычи минералов с глубинного слоя.\n     10 - Технолог орбитальных заводов - Увеличивает время и количество добычи газа на орбитальных газодобывающих заводах.'),
(51, '<b>Конспект по геологии</b>\n\nПолезные ископаемые расположены на трех равных по площади слоях планеты.\n\n<i>Поверхность</i> - Выделяется разной раскраской, что позволяет определить состав минералов. Добыча осуществляется карьером. Скорость добычи большая. Минералы стандартной группы. Наибольшую важность представляют собой железо и кремний, как основные материалы для строительства. На втором месте по значимости расположены медь и титан. Если есть выбор добывать минерал с поверхности или с среднего слоя, стоит всегда отдавать предпочтение поверхности, поскольку скорость добычи материалов как правило окупает низкое процентное содержание.\n\n<i>Средний слой</i> - Наполнен минералами малого и редкого содержания. Минералы в слое расположены абсолютно хаотично. Для получения сведений о содержании минералов необходимо "усовершенствовать" точку на планете используя "геологический зонд" или построить "геологический спутник". Каждый зонд исследует 1 слой поверхности, Спутник проводит исследования на 5-м уровне. Средний слой представляет собой компромисс между редкими минералами и длительной добычей. Для разработки используются шахты. Средний слой обладает лучшей скоростью добычи по сравнению с глубинным слоем. В случае выбора стоит отдавать предпочтение среднему слою.\n\n<i>Глубинный слой</i> - Наполнен редкоземельными минералами. Минералы в слое расположены абсолютно хаотично. Для получения сведений о минералах необходимо использовать 2 "геологических зонда" в одной и той же точке или развить "геологический спутник" до 10 уровня. Добычу проводят при помощи буровой. Добыча минералов из глубинного слоя достаточно длительный процесс, а содержание редкоземельных веществ как правило не превышает 5%25 от породы.\n\nПродажа или использование породы в чистом виде практически не встречается, для получения чистых химических элементов используется нанодиспенсер. Скорость обработки материала не зависит от его объема. Нельзя обрабатывать разные материалы одновременно. Нельзя назначать робота обрабатывать материалы, поскольку переработка может уничтожить (разобрать) полезные детали и корабли.\n\nПустая планета (без построек) обладает складом 500, что позволяет выгрузить железо, кремний и медь для начала колонизации.\n\nЭкономически выгоднее исследовать планеты при помощи зондов, поскольку спутник обходится дороже, однако после исследования спутник можно снести, и получить обратно половину потраченных материалов. Однажды разведанное месторождение остается разведанным навсегда. Спутник к тому же достаточно менее затратное по времени устройство.\n\nНекоторые материалы, такие, как Тритий, нельзя получить из минералов, однако его можно получить в результате переработки.\n\nСводная таблица распространенности материалов:\nКислород	1725\nКремний		464\nСера			277\nЖелезо		275\nКальций		226\nМедь			208\nМарганец	202\nАлюминий	172\nРтуть		170\nЦирконий	157\nСеребро		154\nТитан		125\nУглерод		124\nВольфрам	123\nТеллур		115\nНатрий		107\nМышьяк		100\nСвинец		95\nХлор			92\nВодород		89\nУран			88\nМагний		86\nВисмут		80\nЗолото		77\nЦинк			76\nМолибден	60\nСтронций	59\nФтор			50\nКобальт		47\nКалий		42\nНикель		34\nОлово		31\nФосфор		30\nСурьма		24\nРубидий		21\nХром			21\nТорий		16\nЦезий		16\nСамарий		14\nГадолиний	14\nБор			10\nАзот			9\nСелен		8\nГерманий	7\nНеодим		6\nВанадий		5\nБериллий	5\nЛитий		2\nДейтерий	1\nИттрий		1'),
(52, '<b>Конспект по планетоведению</b>\n\nПланеты галактики состоят из 4-х типов планет.\n1. Газовые гиганты, добывается Водород, красного цвета\n2. Планеты земного типа, добывается Кислород, зеленого цвета\n3. Высохшие планеты добывается Азот, желтого цвета\n4. Мертвые планеты добывается Хлор, белого цвета\nПри строительстве орбитальных газодобывающих заводов вокруг каждой планеты добывается свой собственный газ.\n\nДля колонизации выбирается планета земного типа как наиболее пригодная для жизни. Однако в процессе колонизации не запрещается осваивать природные ресурсы других планет. Конфедерация не несет никакой ответственности за колонизацию иных планет, а соответственно не обеспечивает охраной.\n\nЛюбая планета имеет 4 линии обороны.\n1. Корабли на орбите планеты\n2. Орбитальные средства защиты\n3. Корабли на поверхности планеты\n4. Планетарные защитные сооружения.\n\n<i>Газовые гиганты</i>\nГигантские планеты в сотни и тысячи раз больше обитаемых планет. Не обладают твердой поверхностью как таковой, имеют очень высокий процент выветривания, что позволяет добывать на их орбите водород для заправки кораблей. Нередко газовые гиганты становятся пристанищем для пиратских баз, легкий доступ к топливу и большое количество планет этого типа позволяет легко затеряться в просторах космоса.\n\n<i>Планеты земного типа</i>\nОчень редкие планеты в составе звездных систем. Как правило в звездной системе существует только одна планета этого типа. Колонисту предоставляется полная свобода действий на поверхности этой планеты и гарантируется полная неприкосновенность. Однако на планетах этого типа не всегда можно найти достаточное количество минералов и со временем приходится разрабатывать другие планеты. Некоторые минералы содержат мизерное количество редкоземельных материалов. Однако количество добывающих сооружений ограничено количеством ископаемых на планете.\n\n<i>Высохшие планеты</i>\nПланеты раньше были очень похожи на землю, содержали кислородную атмосферу и возможно там существовала жизнь, однако до сих пор не было найдено ни одной планеты этого типа на которой обнаружились бы проявления разумной жизни. Некоторые постройки были сделаны пришельцами извне, поскольку носили высокотехнологичный уровень и не имели предшествующих развитию построек. Раса пришельцев зовется условно "Странники", поскольку их никто никогда не видел, но были найдены не однократно подтверждения их присутствия во вселенной. Остатки органики образуют азотную атмосферу, газодобывающие заводы располагаются в верхних ее слоях и получают азот в чистом виде.\n\n<i>Мертвые планеты</i>\nКак правило планеты образуются из-за близости к светилу либо это бывшие крупные астероиды или кометы. Планеты образуют слабую оболочку из хлора, но из-за слабой гравитации орбита планеты может стать пристанищем для нескольких заводов по сбору хлора.'),
(53, '<b>Конспект по строительству</b>\n\nЛюбое здание, построенное на планете, создается из сложного молекулярного сплава кремния и железа. Это основные элементы необходимые для постройки. Некоторые сложные строения, такие как охранные сооружения, содержат очень редкие материалы. Для большинства зданий необходима энергия, однако потреблять энергию они начинают только после постройки. Количество энергии зависит от количества и уровня электростанций на планете. Каждое строение призвано выполнять только свою функцию, однако во многих помещениях пустое пространство используется под складирование материалов.\n\nЕсли на планете нет ни одного здания, на планету можно выгрузить 500 единиц. В отличии от орбиты на поверхности нет возможности использовать материал из трюма кораблей.\n\nВ случае сноса постройки на склад возвращается половина ресурсов, потраченных на строительство и улучшение постройки. На одной точки поверхности может быть установлено только одно здание, что ограничивает поселенца на малых планетах.\n\n<i>Этапы развития</i>\nПрежде всего необходимо добыть Железо и Кремний, именно эти составляющие позволят планомерно застраивать всю планету. Следующий по необходимости материал это Медь. Стоит всегда следить за оставшейся энергией, постройки начинают потреблять энергию в момент окончания строительства. Любой процесс запущенный на планете не остановится, если закончится энергия, однако запустить новый процесс не получится.\n\nЛюбая гражданская постройка не содержит укрепленных конструкций и может быть легко разрушена в случае атаки на планету. Для защиты планеты следует использовать планетарный щит. Это устройство окружает всю планету непроницаемым барьером. В случае атаки на планету это единственное средство планетарной защиты.\n\nДля того, что бы отразить атаку противника так же следует строить активные оборонительные сооружения, такие как Лазерная защита, Плазменная защита, Квантовый генератор. Любая постройка улучшает свои характеристики с улучшением уровня. Некоторые характеристики схожи при дублировании, например два карьера 5 уровня добывают столько же материала как 1 карьер 10-го уровня, однако 2 карьера тратят в 2 раза меньше времени на добычу ресурсов, а 1 карьер 10-го уровня обойдется дороже в развитии.\n\nЛюбое улучшение первого уровня требует 1/4 часть ресурсов необходимых для постройки. Второй уровень обходится в 1/2, третий в 3/4, четвертый потребует ровно такое же количество ресурсов как новая постройка. Однако не стоит забывать, что есть характеристики, которые можно получить только улучшая постройки, так например Нанодиспенсер 10-го уровня перерабатывает руду с КПД 99%25, то есть масса материала практически не теряется за время обработки. 99%25 это максимально возможное КПД.');

INSERT INTO `enciclopedia` (`object_id`, `desc`) VALUES
(54, '<b>Конспекты по кораблестроению</b>\n\nКораблестроение это одна из основных отраслей развития колонии, космические корабли позволяют вести торговлю, исследовать вселенную и вести военные компании.\n\nПервостепенное назначение кораблей это доставка грузов. Большинство кораблей обладает грузовым отсеком, однако при перевозке груза следует учитывать, что кораблю необходимо топливо.\n\nВсе корабли снабжаются различными двигателями, существует всего три основных типа двигателей:\n\n<i>Антигравитационный двигатель</i> - он не потребляет топливо, но позволяет легко и быстро преодолеть путь в атмосфере планеты. На любом корабле, который способен приземлиться на планету, установлен этот тип двигателей. Конструктивная особенность двигателя не позволяет устанавливать его на большие корабли, поскольку действие гравитационного и антигравитационного поля создают слишком большое напряжение на корпус корабля.\n\n<i>Двигатель планетарного типа</i> - сейчас существует несколько двигателей на принципе разгона материи с последующим использованием разницы в кинетической энергии разгонного тела. Существуют маломощные ионные двигатели не потребляющие топлива, существуют диффузные двигатели в которых разгонным телом служит ионизированный водород. Данный тип двигателя установлен практически на всех космических кораблях, за исключением орбитальных шатлов. Двигатели потребляют водород в зависимости от массы корабля и скорости разгона.\n\n<i>Гиперпространственный двигатель</i> - Во время экспериментов с сильными магнитными и гравитационными полями ученые обнаружили свойство пространства скачкообразно менять размерность. Сначала удалось реализовать пятимерное пространство, а затем и большее количество измерений. Изменения в пространстве сохраняются некоторое время и тесты показали, что с увеличением размерности пространства увеличивается максимальная скорость с которой может перемещаться масса. При достижении семимерного пространства скорость стала неограниченной и рост массы при ускорении не наблюдался вовсе. Это позволило создать гиперактивный двигатель, в основе которого лежит принцип резкого изменения пространства с последующим перемещением с неограниченной скоростью. При выходе в обычное пространство корабль должен находиться в состоянии покоя, иначе произойдет непредвиденное перемещение во времени. Гипрепространственные двигатели потребляют уран для перемещения, производя большое количество энергии из управляемого ядерного взрыва.\n\nКрупные корабли обладают слабой внутренней конструкцией и не могут приземлиться на планету, их просто расплющит под собственным весом во время посадки. При этом такой корабль можно построить на поверхности и использовать как планетарную крепость. Крупные корабли состоят из нескольких модулей и собираются непосредственно на орбите. Любой модуль массой больше 10000 необходимо собирать на орбите, иначе его нечем будет вывести с планеты.\n\n<i>Транспортные корабли</i> - обладают малым расходом топлива и большой грузоподъемностью, однако по скорости они самые медленные корабли во вселенной. Не стоит забывать про Трититов, которые могут перехватить транспортный корабль на выходе из гиперпространства, всегда следует собирать транспортный флот с военным кораблем. Для защиты от Трититов достаточно одного истребителя.\n\n<i>Военные корабли</i> - обязательно содержат щит или броню и обладают огневой мощью. Для простоты военное вооружение можно разделить на три типа: лазерное, плазменное и квантовое. Лазерное оружие обладает малой мощностью, но способно наносить множественные удары по кораблям противников. Плазменное оружие обладает огромной мощностью. Но против малых кораблей не эффективно, потому что после уничтожения корабля остается запас мощности улетучивающийся в космос. Квантовое оружие обладает малой мощностью, но наносит поражение всем кораблям противника одновременно, в независимости от их количества.\n\n<i>Специальные корабли</i> - существует несколько специальных кораблей которые не относятся к общим классам. Прежде всего это радарные корабли, которые могут обнаружить чужие корабли в обычном пространстве. Радарные корабли - используются для поиска потерянных кораблей, для охоты на трититов и для поиска чужаков в своей звездной системе. Гиперперехватчики - используются для экономии топлива в торговых операциях, а так же пиратами для нападения на транспортные корабли выходящие из гиперпространства. Авианосцы - по своей сути являются огромными транспортными кораблями которые способны в одиночку перевозить несколько других кораблей.'),
(55, '<b>Конспект по исследованиям</b>\n\nИсследования - это одно из направлений для развития колоний. Прежде всего исследования позволяют сэкономить средства колониста. Некоторые чертежи удается расширить и улучшить, некоторые чертежи удается просто скопировать, а учитывая нулевой вес чертежа легко доставить его на другую планету. Некоторые чертежи не поддаются копированию и доработке, ввиду сложной конструкции агрегата.\n\nИмеется возможность изготовить чертеж имея только само устройство, однако некоторые устройства не поддаются исследованию из-за применения неизвестных до сих пор технологий, а так же из-за применения специальных приемов сокрытия конструкций. Во время исследования агрегат подвергают различным осмотрам во всех спектрах радиочастот, после чего следует молекулярное исследование, разбирающее чертеж до последнего атома. Во время исследования нельзя точно предугадать результат, всегда существует возможность потерять деталь и не получить чертеж.\n\nКопирование чертежей всегда завершается удачно, однако чертежи которые нельзя скопировать можно только купить.\n\nДоработать можно только те устройства, чертежи которых имеются у исследователя. Доработка не улучшает характеристики безвозмездно, происходит подмена одних характеристик другими, так устанавливая дополнительное вооружение как правило уменьшается свободное место в трюме. На некоторых кораблях удается заменить высокопроизводительные водородные двигатели медленными, но экономными ионными двигателями.'),
(56, '<b>Конспект по торговле</b>\n\nДля торговли у каждого колониста есть торговая станция. На станции установлен гиперпередатчик, благодаря которому торговый компьютер получает информацию даже с самых удаленных планет.\n\n<i>Торговый компьютер</i>\nУстройство представляет собой статистический список товаров продаваемых в галактике. В первом столбце отображается наименование товара, далее экран условно можно разделить на две равные части. Левые 4 столбца относятся к продаже товара. Правые 4 столбца относятся к покупке товара. Если вы хотите заработать на торговле, вам необходимо найти планету, где цена товара на продажу ниже цены товара на покупку. Компьютер отмечает такие сделки зеленым цветом.\nУчтите, во время вашего полета вас могут ограбить пираты или на ваш корабль могут напасть Трититы. Настоятельно советуем сопровождать транспортный корабль хотя бы одним истребителем.\n\n<i>Продажа или покупка товара на своей станции</i>\nДля продажи или покупки товара необходимо переместиться лично на станцию и зайти в меню Местность. Слева будут указаны все существующие сделки, справа необходимо сначала выбрать товар в верхнем выпадающем списке, затем назначить цену на покупку или продажу, выбрать количество товара для покупки или продажи и сохранить изменения.\n\nЧто бы продать(купить) что-то на своей станции:\n1.Выбрать товар справа вверху\n2.Назначить цену продажи(покупки)\n3.Указать количество товара для продажи(покупки)\n4.Сохранить настройки.\n\nЕсли вы покупаете товар, деньги на вашем счете сразу блокируются. Если вы продаете товар, то блокируется товар. Продавать и покупать товар можно только за кредиты.\n\nРазрешается выставлять товар одновременно и на продажу и на покупку, при этом продаваемый товар будет приносить прибыль, покупаемый товар будет откладываться на складе станции.\n\nМожно выставлять товар на покупку даже если этого товара нет нигде в галактике, на продажу можно выставлять только тот товар, которые есть на станции на момент продажи.\n\n<i>Продажа и покупка товара на чужой станции</i>\nДля торговли необходимо:\n1. Пристыковаться любым вашим кораблем к станции на которой осуществляется продажа или покупка товара.\n2. Зайти в меню Торговля - Покупка/Продажа.\n3. В списке кораблей выбрать свой корабль.\n4. В списке товара выбрать товар.\n5. Написать количество и осуществить покупку или продажу товара.\n  Вместо количества можно использовать "Купить полностью" и "Продать полностью" - тогда сделка осуществится на максимальное количество товара.\n\n<i>Торговля с дельфинами</i>\nВ галактике существует раса разумных дельфинов. Никто не знает откуда они появились, они не вступают в конфликты, не обращают внимание на статус или боевые заслуги. Все, что их интересует это прибыль. Если вы продаете что-то дешевле чем кто-то покупает, будьте уверены рано или поздно к вам прилетят дельфины. Они летают на очень медленных кораблях, однако всегда производят моментальную куплю-продажу. У ученых есть только одна теория на этот счет, что на самом деле летят не два корабля, а один - просто он одновременно находится в двух точках вселенной одновременно. Как только на одной станции происходит покупка, на другой станции осуществляется продажа. Принцип работы этого механизма не изучен, захваченные корабли не проявляют таких свойств. Возможно дельфины как-то осуществляют переброску товара используя свои способности.'),
(57, '<b>Военное дело</b>\n\nДлительность боя зависит от количества кораблей и их мощности.\n\nБой состоит из волн, одна волна - это когда оба противника сделали все выстрелы из всех кораблей.\nВолна состоит из залпов. Залпы чередуются до тех пор, пока есть не стрелявшие корабли с обоих сторон.\n\nПервым стреляет атакующая сторона, в зависимости от навыка Тактик выбирается корабль который будет производить залп. Затем в зависимости от навыка Стратег определяется цель для выстрела из орудия и производится выстрел. Если после выстрела противник остался в живых второй выстрел производится по той же цели. Если после выстрела противник уничтожен или захвачен, выбирается следующий противник. Когда залп (все выстрелы с корабля) закончены, ход переходит обороняющейся стороне.\n\nОдин ход занимает 1 секунду, если у одной из сторон не осталось кораблей, то все оставшиеся корабли стреляют по очереди без перехода хода. Когда с обоих сторон все корабли выстрелили, начинается вторая волна.\n\nБой длится до тех пор, пока с одной из сторон не останется кораблей (построек)\n\nПри атаке на планету учитывается навык Бомбардир. В случае низкого уровня будет очень большой разброс от цели, что может привести к полному уничтожению всех построек. При высоком уровне поражаются только военные объекты.\n\nПланетарный щит окружает всю планету непроницаемой оболочкой, таким образом, пока энергия щита не истощится, ни одна постройка не пострадает. Если щитов несколько их энергия будет кончаться последовательно (сначала выйдет из строя первый щит, затем второй и т.д.)\n\nЛюбой щит (планетарный или щит корабля) восстанавливается после окончания всех боев. Если нападение идет несколькими флотами подряд, при этом первый бой еще не закончился и второй бой уже начался, щиты между боями не восстановятся.\n\nЕсли на корабле есть ракеты, то вместе с первым выстрелом в залпе вылетит ракета. Если на корабле есть несколько типов ракет, первой вылетит та ракета, количество которых больше. Если количество равное, то первой вылетит более слабая ракета.\n\n<b>Методы атаки:</b>\n<i>Планеты</i>\nПланеты атакуются с орбиты. Стрелять могут все корабли, однако корабли без антигравитационного двигателя не могут подойти близко к поверхности и вынуждены стрелять прямо с орбиты, от этого страдает мощность выстрела. До планеты доходит лишь 10%25 от выстрела. При этом главным навыком будет "Бомбометание", данный навык определяет разброс от попадания. При 0 уровне снаряд отклоняется в любую сторону на 10 позиций. Таким образом обстреливается квадрат 20 на 20 в случайном порядке. Это приводит к уничтожению практически всех объектов в этом квадрате. При уровне бомбометания 10 уничтожаются только военные цели, снаряды и выстрелы не отклоняются от траектории прицеливания.\nПрежде всего на планете уничтожается планетарный щит. Если щитов несколько они уничтожаются последовательно один за другим. Затем уничтожаются военные постройки. Если на планете нет ни одной военной постройки планета считается захваченной.\nВсе корабли на планете могут быть выставлены в режим охраны, таким образом планета будет защищена с двух фронтов. Однако флот на планете не находится под защитой щита и будет атаковаться как обычный флот (или корабль)\n\n<i>Орбита</i>\nОрбита атакуется при подлете. Если в момент перемещения к планете не было написано "атаковать орбиту", то орбита считается незащищенной и подлет разрешен. Однако если во время перелета корабля владелец построек на орбите включит защиту, корабль подлетающий к планете не будет извещен об этом. В таком случае подлетающий корабль будет сразу же атакован.\nПри атаке используются все корабли флота, при этом корабль может так же промазать мимо военного объекта. Учитывается так же навык Бомбардир. Атаковать орбиту можно как из космоса, так и с планеты (вариант блокады планеты) при этом взлетающие корабли будут предупреждены об установленной охране на орбите. На орбите нет аналога щита, таким образом сразу начинается разрушение военных построек.\nЕсли на орбите есть флот в режиме охраны, то флот будет атакован вместе с орбитой. При этом нападающий получит преимущество по мощности, но проиграет во времени. Два боя идут более быстротечно и активно.\n\n<i>Другой флот или корабль</i>\nПри атаке корабля на корабль учитываются навыки Стратег и Тактик.\n\nКорабли можно использовать как охранное сооружение, для этого достаточно установить у корабля "Режим охраны" в этом случае корабль будет нападать на все приближающиеся корабли других колонистов. Необходимо очень осторожно относится к этому режиму, есть вероятность, что вы атакуете невинный корабль.\n\n<b>Захват кораблей</b>\nЕсли во время боя у корабля истощился щит - есть вероятность проникновения абордажной команды. В случае успеха корабль переходит на сторону противника вместе со всем содержимым трюма. Вероятность абордажа зависит от навыка Абордаж. Каждый уровень навыка дает 2%25 вероятности успешного абордажа. У пиратов всегда есть вероятность абордажа, которая зависит от статуса в обществе. Вероятности навыка Абордаж и пиратства складываются.\nУровень абордажа для пиратов:\n0 -10 = 5%25\n-10 -100 = 15%25\n-100 -1000 = 30%25\n-1000 -10000 = 40%25\nменьше -10000 = 50%25\n\n<b>Общая тактика:</b>\nНападать двумя малыми флотами хуже, чем одним большим.\nНападать поочередно хуже, чем нападать с малой разницей во времени (относится к ситуации, когда нельзя объединить корабли в общий флот)');

INSERT INTO `enciclopedia` (`object_id`, `desc`) VALUES
(58, '<b>Конспект по планетоведению</b>\n\n<font color="#FFFFFF"><b>Персонаж</b></font>\nМодуль управления персонажем. Слева отображается основная информация о вас.\n\n<font color="#00FFFF">Родная звезда, родная планета</font> - место вашей высадки, именно на этой планете находится ваша капсула и в случае вашей гибели вас воскресят на этой планете.\n\n<font color="#00FFFF">Звезда, планета</font> - ваше настоящее местонахождение. Если вы находитесь в полете или в области гиперпространства информация может не отображаться.\n\n<font color="#00FFFF">Кредитов</font> - ваш счет в банке. Это ваши свободные средства, которые вы можете использовать для покупки товара.\n\n<font color="#00FFFF">Конфедератов</font> - ваш счет в валюте конфедерации. Эти средства вы можете использовать при расчете с конфедерацией. Для пополнения счета нужно воспользоваться ссылкой "Купить" расположенной справа.\n\n<font color="#00FFFF">Роботов</font> - количество автономных роботов. Роботы не относятся к физическим объектам, поэтому их общее количество можно посмотреть только тут.\n\n<font color="#00FFFF">Уровень военного обучения</font> - статус и уровень вашего военного мастерства, данный показатель будет увеличиваться или уменьшаться на протяжении игры в зависимости от успешности ваших боевых действий. Чем больше побед вы одержите в бою, тем выше будет уровень.\n\n<font color="#00FFFF">Уровень ответственности</font> - основной показатель отношений между вами и конфедерацией. При положительном уровне вы являетесь добропорядочным гражданином, и всяческая агрессия против вас будет рассматриваться как угроза конфедерации. При отрицательном уровне вы являетесь пиратом, и агрессия против вас поощряется.\n\n<font color="#00FFFF">Приобретенный опыт</font> - показатель ваших действий в игре. Увеличивается от любого действия, начиная от постройки или переработки, и заканчивая разработкой сложных макетов и чертежей. Любое ваше действие в той или иной степени увеличивает количество опыта.\n\n<font color="#FFFFFF"><b>Местность</b></font>\nМодуль отображения внешней среды. Всегда показывает то место, где находится персонаж. Разделяется на 3 основных типа: планету, орбиту, станцию. Во время перемещений (перелетов) отображается ход перемещения и оставшееся время до окончания перелета.\n\n<font color="#00FFFF">Планета</font> - отображается, если вы находитесь на планете, непосредственно или в корабле, в модуле отображается поверхность планеты и панель управления. Панель управления имеет 3 кладки: информация, использовать, улучшить. Через панель управления осуществляются все действия на планете. Рядом с панелью управления (в левом верхнем углу) расположена карта местности, при помощи которой можно быстро переместиться в любую точку на поверхности. На карте отображается примерное расположение различных пород, ваши постройки, а так же их занятость. По цвету можно легко определить простаивающие производства - они обозначаются белым цветом. Если в энциклопедии выбрать пункт "Показать на карте" именно на этой мини-карте будут стоять отметки о найденных ископаемых, черным цветом - залежи глубинного слоя, темно синим - залежи среднего слоя.\n\n<font color="#00FFFF">Орбита</font> - отображается, если вы в корабле находитесь на орбите планеты. Орбита представляет собой линию из "точек стояния". В каждой точке может располагаться постройка. На орбите строятся орбитальные спутники, склады и производства. В отличии от планетарных заводов на орбите имеется только одно строение которое работает и с чертежами и с макетами, оно более универсально. У орбитальных построек нет аналога нанодиспенсера. На родной планете основной орбитальной постройкой является торговая станция. В основном орбитальные постройки используются как первая линия обороны на ничьих планетах. Не смотря на слабый уровень защиты орбитальных сооружений, они дают время среагировать на внешнюю атаку. Самым используемым орбитальным спутником является "Геологический спутник" - он позволяет открыть все залежи планеты при усовершенствовании. Строить на орбите можно не выгружая ресурсы из кораблей, достаточно, что бы корабль с ресурсами для постройки находился на орбите в начале строительства.\n\n<font color="#00FFFF">Станция</font> - отображается, если вы находитесь на станции, непосредственно или в корабле. Первичное назначение станции это защита планеты от всех возможных посягательств. Именно благодаря торговой станции никто не имеет возможности использовать оружие на орбите родной планеты. Так же блокируется всякая попытка приземлиться на планету. Станция так же может использоваться как склад для перемещения товара. Если станция находится на родной планете, вы можете перемещать товар на станцию и обратно на корабль. Если вы приземлились на чужой станции, то вам доступно только перемещение товара между вашими кораблями, то есть любую станцию в галактике можно использовать для дозаправки ваших кораблей.\nНаходясь в станции, вам предоставляется интерфейс для торговли. Торговля представляет собой аналог биржевых сделок.\n\n<font color="#00FF00">Покупка</font> - при покупке на вашем счете блокируется полная сумма закупки, если вы отменяете сделку, сумма полностью возвращается. При закупке необходимо учитывать рыночную стоимость, которая указывается на графике. Если график пуст - значит вы единственный покупатель. Чем выше цена закупки, тем больше вероятность, что вам продадут товар. Товар с самой высокой ценой закупки отображается в торговом компьютере как самая выгодная сделка. Запрос на закупку не может превышать свободную сумму на вашем счету. Купить можно только тот товар, который присутствует физически в галактике. Если нигде в галактике нет законсервированного Уничтожителя - вы не сможете его купить.\n\n<font color="#00FF00">Продажа</font> - при продаже товар переносится на склад продажи и блокируется там до самой продажи или до отмены сделки. Товар, находящийся на складе продажи не занимает места на складе станции. Чем ниже цена продажи товара, тем больше вероятность, что его купят. При определении цены следует учитывать среднюю цену, выставленную в галактике, она отображается на графике. Если график пуст - вы единственный продавец.\n\nСделку необходимо сохранить, чтобы она стала доступна для всех.\n\nСправа отображаются все сделки выставленные вами на станции. Для быстрой коррекции сделки достаточно выбрать ее из списка, изменить значения и сохранить. Цвет сделки обозначает направление. Красные - закупка, зеленые - продажа, желтые - двунаправленные.\n\n<font color="#FFFFFF"><b>Корабли</b></font>\nМодуль дает возможность управлять всеми кораблями, а так же просматривать чужие корабли, находящиеся с вашими кораблями в одном месте. Корабли могут быть объединены во флот, при этом в списке будет отображаться только название флота. Флот имеет большое преимущество при расходе топлива, достаточно одного заправленного корабля и все корабли флота будут пользоваться его содержимым, такой корабль условно называется заправщиком. Флот не ограничен по количеству и составу кораблей, однако скорость флота равна скорости самого медленного корабля, а возможности перемещения флота равны возможностям каждого корабля, если в составе флота есть хотя бы один корабль без антигравитационного двигателя - флот не сможет приземлиться на планету.\nЭкран условно разделен на две части - панель управления и основной экран. В свою очередь панель управления состоит из панели кораблей и приказов.\n\n<font color="#00FFFF">Панель кораблей</font> - сверху выводится список кораблей. Сначала отображаются ваши корабли в зависимости от их положения.\nПринцип сортировки следующий:\n1.перемещающиеся корабли\n2.корабли в открытом космосе\n3.корабли на орбите планеты\n4.корабли на поверхности планеты\n5.корабли пристыкованные к орбитальным постройкам\nЗатем идут законсервированные корабли единым списком. И под конец идут чужие корабли, находящиеся с вами в одной точке.\nКорабли можно выделять сразу группой (используйте кнопки Ctrl или Shift) это позволит объединять корабли во флот.\n\n<font color="#00FFFF">Приказы</font> - количество приказов зависит от возможностей корабля, его местоположения и окружающего пространства. Для группы кораблей доступно только 2 приказа, это или объединение во флот или приказ к атаке. Практически каждый приказ влияет на отображение главного экрана.\n\n<font color="#00FFFF">Переместится в системе</font> - при этом приказе на главный экран выводится карта звездной системы. Для перемещения достаточно выбрать точку, в которую следует отправить корабль. Желтыми окружностями отображаются чужие корабли, зелеными свои. Внизу пишется, сколько всего объектов было найдено во время сканирования системы. Чужие корабли выводятся только в том случае, если в системе есть хотя бы один корабль оснащенный радаром. Белая линия курса говорит о полете к планете, зеленая о полете в свободную точку космоса, красная о нехватки топлива для полета. В верхней части написано название и координаты звезды. Во время выбора точки перемещения внизу выводится название или координаты места назначения, примерное время полета, а так же количество топлива. Если строка с топливом окрашена желтым, значит топлива хватит только в один конец.\n\n<font color="#00FFFF">Переместится в галактике</font> - при этом приказе выводится карта звездного неба, на карте отмечаются только ваши корабли, поскольку нет возможности сканировать такие огромные расстояния. Кратность синей сетки на заднем плане 100. В центральной части галактике скопление звезд более плотное. Звезда, отмеченная зеленой окружностью это ваша родная звезда. Белой окружностью отмечается звезда, если вы взяли какое-то задание на выполнение.\n\n<font color="#FFFFFF"><b>Склад</b></font>\nМодуль дает возможность переместить любой груз, который находится в вашем распоряжении. Верхняя часть управления относится к кораблю - основной единице склада. Нижняя часть определяет второй склад для передачи, которым может быть поверхность планеты, орбита планеты или другой корабль. Для перемещения товара необходимо выбрать два смежных склада, выбрать товар переместить его. После выбора товара можно определить количество в центральной части управления или "переместить все" - в этом случае будет перемещено максимально возможное количество товара. Товар можно выбирать группой, для этого надо использовать клавиши Ctrl или Shift, в этом случае товар будет передаваться в порядке выбора до тех пор, пока будет такая возможность. Если выбрать группу товара и отдать команду "переместить все" - будет перемещено максимально возможное количество товара. Если определить количество вручную, каждая единица товара будет перемещена в том количестве, которое определено, или меньше при нехватке места или товара.\nПереместить товар из корабля в корабль можно на любой торговой станции (даже чужой) этим можно воспользоваться для дозаправки своих кораблей. Товар, находящийся на орбитальном складе или на поверхности планеты не имеет принадлежности и его может взять любой, кто окажется в этом месте. Исключение составляет только торговая станция.\n\n<font color="#FFFFFF"><b>Торговля</b></font>\nМодуль отображает все сделки, а так же позволяет осуществлять любые торговые операции.\n	<font color="#00FFFF">Торговый компьютер</font> - отображает все сделки в галактике, сделка считается выгодной если цена продажи ниже цены покупки (без расчета затрат на доставку), в данном случае сделка отображается зеленым цветом. Если сделка не парная (есть только продавец или только покупатель) такая сделка отображается серым цветом. Данный раздел очень полезен торговцам, именно через торговый компьютер можно быстро и удобно найти выгодный товар. Для торгового флота главная добыча сводится к водороду и урану, чтобы обеспечить себя бесплатным топливом.\n	<font color="#00FFFF">Покупка</font> - В разделе отображаются только те корабли, которые находятся на чужих торговых станциях. Если на станции есть продаваемый товар, то вы можете его купить, используя любой из ваших кораблей. Товар нельзя купить удаленно, а потом забрать, для торговли необходимо присутствие вашего корабля на станции. Покупать можно любое количество товара.\n	<font color="#00FFFF">Продажа</font> - Так же, как и в разделе покупки, отображаются только корабли на чужих торговых станциях. Если у вас на корабле есть товар, который требуется станции, он отобразится, и вы сможете его продать. Сумма сделки зависит от количества товара и цены за него. Продавать можно любое количество товара.\n	<font color="#00FFFF">Конфедерация</font> - Раздел позволяющий покупать напрямую у Конфедерации планет. Некоторые товары можно приобрести только у конфедерации, например, Автономные роботы. Товар, купленный у конфедерации, моментально доставят на вашу торговую станцию. Конфедерация не занимается покупкой товара. Как правило, цены конфедерации выше, чем средняя цена по галактике, однако моментальная доставка товара на вашу торговую станцию может оказаться выгоднее, чем денежная экономия. Для покупки необходимо выбрать товар и осуществить покупку. Некоторые товары можно приобрести как за кредиты, так и за конфедераты, это позволяет выбрать наиболее выгодные условия.\n\n<font color="#FFFFFF"><b>Прочее</b></font>\nМодуль объединяет в себе несколько информационных разделов.\n	<font color="#00FFFF">Энциклопедия</font> - Главный источник знаний. Любой товар, имеющийся в галактике, имеет свое описание. Прежде чем строить или покупать корабль можно посмотреть полный перечень его характеристик, а так же набор деталей требующихся для производства. У большинства деталей есть подробное описание позволяющее понять суть их работы.\n	<font color="#00FFFF">Роботы</font> - Все автономные роботы, которые имеются в вашем распоряжении, присутствуют в этом разделе. Красным цветом отображается робот, который занят на производстве, зеленым - свободный робот. Если робот не занят производством, время его использования не тратится. После того, как робот закончился, он исчезает из списка. В списке всегда можно посмотреть, где и на каком производстве задействованы ваши роботы.\n	<font color="#00FFFF">Настройки</font> - Раздел позволяет настроить все отчеты, определив, что необходимо срочно сообщить в чат, а что можно отослать в виде сообщения. Так же тут можно настроить громкость спецэффектов и музыки.\n\n<font color="#FFFFFF"><b>Чат</b></font>\nЧат состоит из 3-х основных частей:\n	<font color="#00FFFF">чтение</font> - основной экран чата - куда выводятся все сообщения от системы и других игроков.\nСистемное сообщение - время отображается зеленым цветом, сообщение серым\nОбычное сообщение - время отображается голубым цветом, сообщение белым (ник игрока желтым)\nПриватное сообщение - время отображается красным, сообщение белым (ник игрока желтым)\n	<font color="#00FFFF">написание</font> - строка внизу экрана предназначена для отправки сообщения в чат. Если кликнуть мышкой в ник игрока, то его ник автоматически пропишется в строке для ответа. Если игрок написал вам приватное сообщение, то и ответ будет приватный. Для начала приватного сообщения необходимо кликнуть в замочек слева от имени игрока в списке.\n	<font color="#00FFFF">список игроков</font> - список отображается в алфавитном порядке. Цвет имени говорит о статусе в обществе. Белый цвет - обозначает нейтральный статус. Зеленый - говорит о добропорядочности игрока (за нападение на такого пилота игрока наказывают). Красный цвет - говорит о принадлежности к пиратам, справа в скобках отображается награда за "голову" пирата. Награда выплачивается только в случае, если игрок лично присутствовал в уничтоженном корабле. Во всех остальных случаях выплачивается часть стоимости корабля или постройки.\n'),
(1000, '<b>Серебро</b> <u><a href=''page.php?id=2%26ml=1000''>Показать на карте</a></u>\nПолезное ископаемое.\n\nСодержится в минералах:\n<u><a href=''page.php?id=6%26itm=Аргентит''>Аргентит</a></u>				87\n<u><a href=''page.php?id=6%26itm=Пираргирит''>Пираргирит</a></u>			60\n<u><a href=''page.php?id=6%26itm=Сильванит''>Сильванит</a></u>				6\n<u><a href=''page.php?id=6%26itm=Алабандин''>Алабандин</a></u>			1'),
(1001, '<b>Алюминий</b> <u><a href=''page.php?id=2%26ml=1001''>Показать на карте</a></u>\nПолезное ископаемое.\n\nСодержится в минералах:\n<u><a href=''page.php?id=6%26itm=Корунд''>Корунд</a></u>				53\n<u><a href=''page.php?id=6%26itm=Дюмортьерит''>Дюмортьерит</a></u>			32\n<u><a href=''page.php?id=6%26itm=Мусковит''>Мусковит</a></u>				20\n<u><a href=''page.php?id=6%26itm=Альбит''>Альбит</a></u>				19\n<u><a href=''page.php?id=6%26itm=Жадеит''>Жадеит</a></u>				12\n<u><a href=''page.php?id=6%26itm=Берилл''>Берилл</a></u>				10\n<u><a href=''page.php?id=6%26itm=Иллит''>Иллит</a></u>					9\n<u><a href=''page.php?id=6%26itm=Петалит''>Петалит</a></u>				9\n<u><a href=''page.php?id=6%26itm=Рубицин''>Рубицин</a></u>				8'),
(1002, '<b>Мышьяк</b> <u><a href=''page.php?id=2%26ml=1002''>Показать на карте</a></u>\nПолезное ископаемое.\n\nСодержится в минералах:\n<u><a href=''page.php?id=6%26itm=Реальгар''>Реальгар</a></u>				70\n<u><a href=''page.php?id=6%26itm=Эритрин''>Эритрин</a></u>				25\n<u><a href=''page.php?id=6%26itm=Турманит''>Турманит</a></u>				3\n<u><a href=''page.php?id=6%26itm=Ринерит''>Ринерит</a></u>				2'),
(1003, '<b>Золото</b> <u><a href=''page.php?id=2%26ml=1003''>Показать на карте</a></u>\nПолезное ископаемое.\n\nСодержится в минералах:\n<u><a href=''page.php?id=6%26itm=Калаверит''>Калаверит</a></u>				43\n<u><a href=''page.php?id=6%26itm=Сильванит''>Сильванит</a></u>				34'),
(1004, '<b>Бор</b> <u><a href=''page.php?id=2%26ml=1004''>Показать на карте</a></u>\nПолезное ископаемое.\n\nСодержится в минералах:\n<u><a href=''page.php?id=6%26itm=Данбурит''>Данбурит</a></u>				8\n<u><a href=''page.php?id=6%26itm=Дюмортьерит''>Дюмортьерит</a></u>			2'),
(1005, '<b>Бериллий</b> <u><a href=''page.php?id=2%26ml=1005''>Показать на карте</a></u>\nПолезное ископаемое.\n\nСодержится в минералах:\n<u><a href=''page.php?id=6%26itm=Берилл''>Берилл</a></u>				5'),
(1006, '<b>Висмут</b> <u><a href=''page.php?id=2%26ml=1006''>Показать на карте</a></u>\nПолезное ископаемое.\n\nСодержится в минералах:\n<u><a href=''page.php?id=6%26itm=Висмутин''>Висмутин</a></u>				80'),
(1007, '<b>Углерод</b> <u><a href=''page.php?id=2%26ml=1007''>Показать на карте</a></u>\nПолезное ископаемое.\n\nСодержится в минералах:\n<u><a href=''page.php?id=6%26itm=Графит''>Графит</a></u>				99\n<u><a href=''page.php?id=6%26itm=Доломит''>Доломит</a></u>				12\n<u><a href=''page.php?id=6%26itm=Стронцианит''>Стронцианит</a></u>			8\n<u><a href=''page.php?id=6%26itm=Колвезит''>Колвезит</a></u>				5'),
(1008, '<b>Кальций</b> <u><a href=''page.php?id=2%26ml=1008''>Показать на карте</a></u>\nПолезное ископаемое.\n\nСодержится в минералах:\n<u><a href=''page.php?id=6%26itm=Флюорит''>Флюорит</a></u>				51\n<u><a href=''page.php?id=6%26itm=Апатит''>Апатит</a></u>				39\n<u><a href=''page.php?id=6%26itm=Перовскит''>Перовскит</a></u>			29\n<u><a href=''page.php?id=6%26itm=Уваровит''>Уваровит</a></u>				24\n<u><a href=''page.php?id=6%26itm=Гипс''>Гипс</a></u>					23\n<u><a href=''page.php?id=6%26itm=Доломит''>Доломит</a></u>				22\n<u><a href=''page.php?id=6%26itm=Данбурит''>Данбурит</a></u>				16\n<u><a href=''page.php?id=6%26itm=Шеелит''>Шеелит</a></u>				14\n<u><a href=''page.php?id=6%26itm=Эвдиалит''>Эвдиалит</a></u>				6\n<u><a href=''page.php?id=6%26itm=Монацит''>Монацит</a></u>				2'),
(1009, '<b>Цезий</b> <u><a href=''page.php?id=2%26ml=1009''>Показать на карте</a></u>\nПолезное ископаемое.\n\nСодержится в минералах:\n<u><a href=''page.php?id=6%26itm=Монацит''>Монацит</a></u>				9\n<u><a href=''page.php?id=6%26itm=Эвдиалит''>Эвдиалит</a></u>				7'),
(1010, '<b>Хлор</b> <u><a href=''page.php?id=2%26ml=1010''>Показать на карте</a></u>\nПолезное ископаемое.\n\nСодержится в минералах:\n<u><a href=''page.php?id=6%26itm=Галит''>Галит</a></u>					60\n<u><a href=''page.php?id=6%26itm=Каломель''>Каломель</a></u>				15\n<u><a href=''page.php?id=6%26itm=Каинит''>Каинит</a></u>					14\n<u><a href=''page.php?id=6%26itm=Апатит''>Апатит</a></u>					2\n<u><a href=''page.php?id=6%26itm=Эвдиалит''>Эвдиалит</a></u>				1'),
(1011, '<b>Кобальт</b> <u><a href=''page.php?id=2%26ml=1011''>Показать на карте</a></u>\nПолезное ископаемое.\n\nСодержится в минералах:\n<u><a href=''page.php?id=6%26itm=Эритрин''>Эритрин</a></u>				29\n<u><a href=''page.php?id=6%26itm=Колвезит''>Колвезит</a></u>				18'),
(1012, '<b>Хром</b> <u><a href=''page.php?id=2%26ml=1012''>Показать на карте</a></u>\nПолезное ископаемое.\n\nСодержится в минералах:\n<u><a href=''page.php?id=6%26itm=Уваровит''>Уваровит</a></u>				21'),
(1013, '<b>Медь</b> <u><a href=''page.php?id=2%26ml=1013''>Показать на карте</a></u>\nПолезное ископаемое.\n\nСодержится в минералах:\n<u><a href=''page.php?id=6%26itm=Азурит''>Азурит</a></u>					99\n<u><a href=''page.php?id=6%26itm=Диоптаз''>Диоптаз</a></u>				40\n<u><a href=''page.php?id=6%26itm=Колвезит''>Колвезит</a></u>				39\n<u><a href=''page.php?id=6%26itm=Ринерит''>Ринерит</a></u>				25\n<u><a href=''page.php?id=6%26itm=Висмутин''>Висмутин</a></u>				3\n<u><a href=''page.php?id=6%26itm=Алабандин''>Алабандин</a></u>			2'),
(1014, '<b>Дейтерий</b> <u><a href=''page.php?id=2%26ml=1014''>Показать на карте</a></u>\nПолезное ископаемое.\n\nСодержится в минералах:\n<u><a href=''page.php?id=6%26itm=Вода''>Вода</a></u>					1'),
(1015, '<b>Фтор</b> <u><a href=''page.php?id=2%26ml=1015''>Показать на карте</a></u>\nПолезное ископаемое.\n\nСодержится в минералах:\n<u><a href=''page.php?id=6%26itm=Флюорит''>Флюорит</a></u>				48\n<u><a href=''page.php?id=6%26itm=Мусковит''>Мусковит</a></u>				1\n<u><a href=''page.php?id=6%26itm=Апатит''>Апатит</a></u>					1'),
(1016, '<b>Железо</b> <u><a href=''page.php?id=2%26ml=1016''>Показать на карте</a></u>\nПолезное ископаемое.\n\nСодержится в минералах:\n<u><a href=''page.php?id=6%26itm=Магнетит''>Магнетит</a></u>				72\n<u><a href=''page.php?id=6%26itm=Гематит''>Гематит</a></u>				69\n<u><a href=''page.php?id=6%26itm=Ильменит''>Ильменит</a></u>				37\n<u><a href=''page.php?id=6%26itm=Ярозит''>Ярозит</a></u>				33\n<u><a href=''page.php?id=6%26itm=Пентландит''>Пентландит</a></u>			32\n<u><a href=''page.php?id=6%26itm=Ринерит''>Ринерит</a></u>				13\n<u><a href=''page.php?id=6%26itm=Вольфрамит''>Вольфрамит</a></u>			9\n<u><a href=''page.php?id=6%26itm=Жадеит''>Жадеит</a></u>				3\n<u><a href=''page.php?id=6%26itm=Эвдиалит''>Эвдиалит</a></u>				3\n<u><a href=''page.php?id=6%26itm=Иллит''>Иллит</a></u>					2\n<u><a href=''page.php?id=6%26itm=Брукит''>Брукит</a></u>				2'),
(1017, '<b>Гадолиний</b> <u><a href=''page.php?id=2%26ml=1017''>Показать на карте</a></u>\nПолезное ископаемое.\n\nСодержится в минералах:\n<u><a href=''page.php?id=6%26itm=Монацит''>Монацит</a></u>				14'),
(1018, '<b>Германий</b> <u><a href=''page.php?id=2%26ml=1018''>Показать на карте</a></u>\nПолезное ископаемое.\n\nСодержится в минералах:\n<u><a href=''page.php?id=6%26itm=Ринерит''>Ринерит</a></u>				7'),
(1019, '<b>Водород</b> <u><a href=''page.php?id=2%26ml=1019''>Показать на карте</a></u>\nПолезное ископаемое.\nПродается конфедерацией по 100 за одну сделку.\nПосле покупки водород появится на торговой станции.\n\nСодержится в минералах:\n<u><a href=''page.php?id=6%26itm=Вода''>Вода</a></u>					48\n<u><a href=''page.php?id=6%26itm=Дарапскит''>Дарапскит</a></u>			12\n<u><a href=''page.php?id=6%26itm=Мирабилит''>Мирабилит</a></u>			6\n<u><a href=''page.php?id=6%26itm=Брусит''>Брусит</a></u>				3\n<u><a href=''page.php?id=6%26itm=Опал''>Опал</a></u>					3\n<u><a href=''page.php?id=6%26itm=Каинит''>Каинит</a></u>				2\n<u><a href=''page.php?id=6%26itm=Гипс''>Гипс</a></u>					2\n<u><a href=''page.php?id=6%26itm=Эритрин''>Эритрин</a></u>				2\n<u><a href=''page.php?id=6%26itm=Колвезит''>Колвезит</a></u>				1\n<u><a href=''page.php?id=6%26itm=Мусковит''>Мусковит</a></u>				1\n<u><a href=''page.php?id=6%26itm=Тальк''>Тальк</a></u>				1\n<u><a href=''page.php?id=6%26itm=Дюмортьерит''>Дюмортьерит</a></u>			1\n<u><a href=''page.php?id=6%26itm=Эвдиалит''>Эвдиалит</a></u>				1\n<u><a href=''page.php?id=6%26itm=Гемиморфит''>Гемиморфит</a></u>			1\n<u><a href=''page.php?id=6%26itm=Ярозит''>Ярозит</a></u>				1\n<u><a href=''page.php?id=6%26itm=Диоптаз''>Диоптаз</a></u>				1\n<u><a href=''page.php?id=6%26itm=Апатит''>Апатит</a></u>				1\n<u><a href=''page.php?id=6%26itm=Турманит''>Турманит</a></u>				1\n<u><a href=''page.php?id=6%26itm=Иллит''>Иллит</a></u>					1'),
(1020, '<b>Ртуть</b> <u><a href=''page.php?id=2%26ml=1020''>Показать на карте</a></u>\nПолезное ископаемое.\n\nСодержится в минералах:\n<u><a href=''page.php?id=6%26itm=Киноварь''>Киноварь</a></u>				86\n<u><a href=''page.php?id=6%26itm=Каломель''>Каломель</a></u>				84'),
(1021, '<b>Калий</b> <u><a href=''page.php?id=2%26ml=1021''>Показать на карте</a></u>\nПолезное ископаемое.\n\nСодержится в минералах:\n<u><a href=''page.php?id=6%26itm=Каинит''>Каинит</a></u>				16\n<u><a href=''page.php?id=6%26itm=Мусковит''>Мусковит</a></u>				9\n<u><a href=''page.php?id=6%26itm=Ярозит''>Ярозит</a></u>				8\n<u><a href=''page.php?id=6%26itm=Иллит''>Иллит</a></u>					6\n<u><a href=''page.php?id=6%26itm=Рубицин''>Рубицин</a></u>				3'),
(1022, '<b>Литий</b> <u><a href=''page.php?id=2%26ml=1022''>Показать на карте</a></u>\nПолезное ископаемое.\n\nСодержится в минералах:\n<u><a href=''page.php?id=6%26itm=Петалит''>Петалит</a></u>				2'),
(1023, '<b>Магний</b> <u><a href=''page.php?id=2%26ml=1023''>Показать на карте</a></u>\nПолезное ископаемое.\n\nСодержится в минералах:\n<u><a href=''page.php?id=6%26itm=Брусит''>Брусит</a></u>				41\n<u><a href=''page.php?id=6%26itm=Тальк''>Тальк</a></u>				19\n<u><a href=''page.php?id=6%26itm=Доломит''>Доломит</a></u>				13\n<u><a href=''page.php?id=6%26itm=Каинит''>Каинит</a></u>				10\n<u><a href=''page.php?id=6%26itm=Турманит''>Турманит</a></u>				3'),
(1024, '<b>Марганец</b> <u><a href=''page.php?id=2%26ml=1024''>Показать на карте</a></u>\nПолезное ископаемое.\n\nСодержится в минералах:\n<u><a href=''page.php?id=6%26itm=Гаусманит''>Гаусманит</a></u>				72\n<u><a href=''page.php?id=6%26itm=Алабандин''>Алабандин</a></u>			65\n<u><a href=''page.php?id=6%26itm=Турманит''>Турманит</a></u>				52\n<u><a href=''page.php?id=6%26itm=Вольфрамит''>Вольфрамит</a></u>			9\n<u><a href=''page.php?id=6%26itm=Иллит''>Иллит</a></u>					2\n<u><a href=''page.php?id=6%26itm=Эвдиалит''>Эвдиалит</a></u>				2'),
(1025, '<b>Молибден</b> <u><a href=''page.php?id=2%26ml=1025''>Показать на карте</a></u>\nПолезное ископаемое.\n\nСодержится в минералах:\n<u><a href=''page.php?id=6%26itm=Молибденит''>Молибденит</a></u>			60'),
(1026, '<b>Азот</b> <u><a href=''page.php?id=2%26ml=1026''>Показать на карте</a></u>\nПолезное ископаемое.\n\nСодержится в минералах:\n<u><a href=''page.php?id=6%26itm=Дарапскит''>Дарапскит</a></u>				9'),
(1027, '<b>Натрий</b> <u><a href=''page.php?id=2%26ml=1027''>Показать на карте</a></u>\nПолезное ископаемое.\n\nСодержится в минералах:\n<u><a href=''page.php?id=6%26itm=Галит''>Галит</a></u>					39\n<u><a href=''page.php?id=6%26itm=Дарапскит''>Дарапскит</a></u>				22\n<u><a href=''page.php?id=6%26itm=Мирабилит''>Мирабилит</a></u>			14\n<u><a href=''page.php?id=6%26itm=Альбит''>Альбит</a></u>					12\n<u><a href=''page.php?id=6%26itm=Жадеит''>Жадеит</a></u>				11\n<u><a href=''page.php?id=6%26itm=Эвдиалит''>Эвдиалит</a></u>				9'),
(1028, '<b>Неодим</b> <u><a href=''page.php?id=2%26ml=1028''>Показать на карте</a></u>\nПолезное ископаемое.\n\nСодержится в минералах:\n<u><a href=''page.php?id=6%26itm=Монацит''>Монацит</a></u>				6'),
(1029, '<b>Никель</b> <u><a href=''page.php?id=2%26ml=1029''>Показать на карте</a></u>\nПолезное ископаемое.\n\nСодержится в минералах:\n<u><a href=''page.php?id=6%26itm=Пентландит''>Пентландит</a></u>			34'),
(1030, '<b>Кислород</b> <u><a href=''page.php?id=2%26ml=1030''>Показать на карте</a></u>\nПолезное ископаемое.\n\nСодержится в минералах:\n<u><a href=''page.php?id=6%26itm=Мирабилит''>Мирабилит</a></u>			69\n<u><a href=''page.php?id=6%26itm=Касситерит''>Касситерит</a></u>			68\n<u><a href=''page.php?id=6%26itm=Опал''>Опал</a></u>					64\n<u><a href=''page.php?id=6%26itm=Гипс''>Гипс</a></u>					55\n<u><a href=''page.php?id=6%26itm=Брусит''>Брусит</a></u>				55\n<u><a href=''page.php?id=6%26itm=Иллит''>Иллит</a></u>					54\n<u><a href=''page.php?id=6%26itm=Берилл''>Берилл</a></u>				53\n<u><a href=''page.php?id=6%26itm=Кварц''>Кварц</a></u>				53\n<u><a href=''page.php?id=6%26itm=Данбурит''>Данбурит</a></u>				52\n<u><a href=''page.php?id=6%26itm=Петалит''>Петалит</a></u>				52\n<u><a href=''page.php?id=6%26itm=Доломит''>Доломит</a></u>				52\n<u><a href=''page.php?id=6%26itm=Вода''>Вода</a></u>					50\n<u><a href=''page.php?id=6%26itm=Дюмортьерит''>Дюмортьерит</a></u>			50\n<u><a href=''page.php?id=6%26itm=Тальк''>Тальк</a></u>				50\n<u><a href=''page.php?id=6%26itm=Дарапскит''>Дарапскит</a></u>			48\n<u><a href=''page.php?id=6%26itm=Мусковит''>Мусковит</a></u>				47\n<u><a href=''page.php?id=6%26itm=Корунд''>Корунд</a></u>				46\n<u><a href=''page.php?id=6%26itm=Жадеит''>Жадеит</a></u>				46\n<u><a href=''page.php?id=6%26itm=Каинит''>Каинит</a></u>				44\n<u><a href=''page.php?id=6%26itm=Ярозит''>Ярозит</a></u>				44\n<u><a href=''page.php?id=6%26itm=Эритрин''>Эритрин</a></u>				43\n<u><a href=''page.php?id=6%26itm=Диоптаз''>Диоптаз</a></u>				40\n<u><a href=''page.php?id=6%26itm=Рубицин''>Рубицин</a></u>				40\n<u><a href=''page.php?id=6%26itm=Уваровит''>Уваровит</a></u>				38\n<u><a href=''page.php?id=6%26itm=Эвдиалит''>Эвдиалит</a></u>				38\n<u><a href=''page.php?id=6%26itm=Апатит''>Апатит</a></u>				38\n<u><a href=''page.php?id=6%26itm=Брукит''>Брукит</a></u>				38\n<u><a href=''page.php?id=6%26itm=Колвезит''>Колвезит</a></u>				36\n<u><a href=''page.php?id=6%26itm=Циркон''>Циркон</a></u>				35\n<u><a href=''page.php?id=6%26itm=Перовскит''>Перовскит</a></u>			35\n<u><a href=''page.php?id=6%26itm=Гемиморфит''>Гемиморфит</a></u>			33\n<u><a href=''page.php?id=6%26itm=Стронцианит''>Стронцианит</a></u>			32\n<u><a href=''page.php?id=6%26itm=Турманит''>Турманит</a></u>				32\n<u><a href=''page.php?id=6%26itm=Ильменит''>Ильменит</a></u>				31\n<u><a href=''page.php?id=6%26itm=Гематит''>Гематит</a></u>				30\n<u><a href=''page.php?id=6%26itm=Гаусманит''>Гаусманит</a></u>			27\n<u><a href=''page.php?id=6%26itm=Магнетит''>Магнетит</a></u>				27\n<u><a href=''page.php?id=6%26itm=Монацит''>Монацит</a></u>				26\n<u><a href=''page.php?id=6%26itm=Шеелит''>Шеелит</a></u>				22\n<u><a href=''page.php?id=6%26itm=Вольфрамит''>Вольфрамит</a></u>			21\n<u><a href=''page.php?id=6%26itm=Настуран''>Настуран</a></u>				11'),
(1031, '<b>Фосфор</b> <u><a href=''page.php?id=2%26ml=1031''>Показать на карте</a></u>\nПолезное ископаемое.\n\nСодержится в минералах:\n<u><a href=''page.php?id=6%26itm=Апатит''>Апатит</a></u>					18\n<u><a href=''page.php?id=6%26itm=Монацит''>Монацит</a></u>				12'),
(1032, '<b>Свинец</b> <u><a href=''page.php?id=2%26ml=1032''>Показать на карте</a></u>\nПолезное ископаемое.\n\nСодержится в минералах:\n<u><a href=''page.php?id=6%26itm=Галенит''>Галенит</a></u>				86\n<u><a href=''page.php?id=6%26itm=Висмутин''>Висмутин</a></u>				6\n<u><a href=''page.php?id=6%26itm=Алабандин''>Алабандин</a></u>			3'),
(1033, '<b>Рубидий</b> <u><a href=''page.php?id=2%26ml=1033''>Показать на карте</a></u>\nПолезное ископаемое.\n\nСодержится в минералах:\n<u><a href=''page.php?id=6%26itm=Рубицин''>Рубицин</a></u>				21'),
(1034, '<b>Сера</b> <u><a href=''page.php?id=2%26ml=1034''>Показать на карте</a></u>\nПолезное ископаемое.\n\nСодержится в минералах:\n<u><a href=''page.php?id=6%26itm=Молибденит''>Молибденит</a></u>			39\n<u><a href=''page.php?id=6%26itm=Пентландит''>Пентландит</a></u>			33\n<u><a href=''page.php?id=6%26itm=Ринерит''>Ринерит</a></u>				30\n<u><a href=''page.php?id=6%26itm=Реальгар''>Реальгар</a></u>				29\n<u><a href=''page.php?id=6%26itm=Алабандин''>Алабандин</a></u>			28\n<u><a href=''page.php?id=6%26itm=Гипс''>Гипс</a></u>					19\n<u><a href=''page.php?id=6%26itm=Пираргирит''>Пираргирит</a></u>			17\n<u><a href=''page.php?id=6%26itm=Ярозит''>Ярозит</a></u>					13\n<u><a href=''page.php?id=6%26itm=Киноварь''>Киноварь</a></u>				13\n<u><a href=''page.php?id=6%26itm=Каинит''>Каинит</a></u>					13\n<u><a href=''page.php?id=6%26itm=Галенит''>Галенит</a></u>				13\n<u><a href=''page.php?id=6%26itm=Аргентит''>Аргентит</a></u>				12\n<u><a href=''page.php?id=6%26itm=Мирабилит''>Мирабилит</a></u>			10\n<u><a href=''page.php?id=6%26itm=Дарапскит''>Дарапскит</a></u>				8'),
(1035, '<b>Сурьма</b> <u><a href=''page.php?id=2%26ml=1035''>Показать на карте</a></u>\nПолезное ископаемое.\n\nСодержится в минералах:\n<u><a href=''page.php?id=6%26itm=Пираргирит''>Пираргирит</a></u>			22\n<u><a href=''page.php?id=6%26itm=Висмутин''>Висмутин</a></u>				2'),
(1036, '<b>Селен</b> <u><a href=''page.php?id=2%26ml=1036''>Показать на карте</a></u>\nПолезное ископаемое.\n\nСодержится в минералах:\n<u><a href=''page.php?id=6%26itm=Висмутин''>Висмутин</a></u>				8');

INSERT INTO `enciclopedia` (`object_id`, `desc`) VALUES
(1037, '<b>Кремний</b> <u><a href=''page.php?id=2%26ml=1037''>Показать на карте</a></u>\nПолезное ископаемое.\n\nСодержится в минералах:\n<u><a href=''page.php?id=6%26itm=Альбит''>Альбит</a></u>				68\n<u><a href=''page.php?id=6%26itm=Кварц''>Кварц</a></u>				46\n<u><a href=''page.php?id=6%26itm=Петалит''>Петалит</a></u>				36\n<u><a href=''page.php?id=6%26itm=Опал''>Опал</a></u>					32\n<u><a href=''page.php?id=6%26itm=Берилл''>Берилл</a></u>				31\n<u><a href=''page.php?id=6%26itm=Тальк''>Тальк</a></u>				29\n<u><a href=''page.php?id=6%26itm=Жадеит''>Жадеит</a></u>				27\n<u><a href=''page.php?id=6%26itm=Рубицин''>Рубицин</a></u>				27\n<u><a href=''page.php?id=6%26itm=Иллит''>Иллит</a></u>					25\n<u><a href=''page.php?id=6%26itm=Данбурит''>Данбурит</a></u>				23\n<u><a href=''page.php?id=6%26itm=Эвдиалит''>Эвдиалит</a></u>				22\n<u><a href=''page.php?id=6%26itm=Мусковит''>Мусковит</a></u>				21\n<u><a href=''page.php?id=6%26itm=Диоптаз''>Диоптаз</a></u>				18\n<u><a href=''page.php?id=6%26itm=Уваровит''>Уваровит</a></u>				16\n<u><a href=''page.php?id=6%26itm=Циркон''>Циркон</a></u>				15\n<u><a href=''page.php?id=6%26itm=Дюмортьерит''>Дюмортьерит</a></u>			14\n<u><a href=''page.php?id=6%26itm=Гемиморфит''>Гемиморфит</a></u>			11\n<u><a href=''page.php?id=6%26itm=Турманит''>Турманит</a></u>				3'),
(1038, '<b>Самарий</b> <u><a href=''page.php?id=2%26ml=1038''>Показать на карте</a></u>\nПолезное ископаемое.\n\nСодержится в минералах:\n<u><a href=''page.php?id=6%26itm=Монацит''>Монацит</a></u>				14'),
(1039, '<b>Олово</b> <u><a href=''page.php?id=2%26ml=1039''>Показать на карте</a></u>\nПолезное ископаемое.\n\nСодержится в минералах:\n<u><a href=''page.php?id=6%26itm=Касситерит''>Касситерит</a></u>			31'),
(1040, '<b>Стронций</b> <u><a href=''page.php?id=2%26ml=1040''>Показать на карте</a></u>\nПолезное ископаемое.\n\nСодержится в минералах:\n<u><a href=''page.php?id=6%26itm=Стронцианит''>Стронцианит</a></u>			59'),
(1041, '<b>Теллур</b> <u><a href=''page.php?id=2%26ml=1041''>Показать на карте</a></u>\nПолезное ископаемое.\n\nСодержится в минералах:\n<u><a href=''page.php?id=6%26itm=Сильванит''>Сильванит</a></u>				59\n<u><a href=''page.php?id=6%26itm=Калаверит''>Калаверит</a></u>				56'),
(1042, '<b>Торий</b> <u><a href=''page.php?id=2%26ml=1042''>Показать на карте</a></u>\nПолезное ископаемое.\n\nСодержится в минералах:\n<u><a href=''page.php?id=6%26itm=Монацит''>Монацит</a></u>				16'),
(1043, '<b>Титан</b> <u><a href=''page.php?id=2%26ml=1043''>Показать на карте</a></u>\nПолезное ископаемое.\n\nСодержится в минералах:\n<u><a href=''page.php?id=6%26itm=Брукит''>Брукит</a></u>					59\n<u><a href=''page.php?id=6%26itm=Перовскит''>Перовскит</a></u>				35\n<u><a href=''page.php?id=6%26itm=Ильменит''>Ильменит</a></u>				31'),
(1044, '<b>Уран</b> <u><a href=''page.php?id=2%26ml=1044''>Показать на карте</a></u>\nПолезное ископаемое.\nПродается конфедерацией по 100 за одну сделку.\nПосле покупки уран появится на торговой станции.\n\nСодержится в минералах:\n<u><a href=''page.php?id=6%26itm=Настуран''>Настуран</a></u>				88'),
(1045, '<b>Ванадий</b> <u><a href=''page.php?id=2%26ml=1045''>Показать на карте</a></u>\nПолезное ископаемое.\n\nСодержится в минералах:\n<u><a href=''page.php?id=6%26itm=Турманит''>Турманит</a></u>				5'),
(1046, '<b>Вольфрам</b> <u><a href=''page.php?id=2%26ml=1046''>Показать на карте</a></u>\nПолезное ископаемое.\n\nСодержится в минералах:\n<u><a href=''page.php?id=6%26itm=Шеелит''>Шеелит</a></u>				63\n<u><a href=''page.php?id=6%26itm=Вольфрамит''>Вольфрамит</a></u>			60'),
(1047, '<b>Иттрий</b> <u><a href=''page.php?id=2%26ml=1047''>Показать на карте</a></u>\nПолезное ископаемое.\n\nСодержится в минералах:\n<u><a href=''page.php?id=6%26itm=Эвдиалит''>Эвдиалит</a></u>				1'),
(1048, '<b>Цинк</b> <u><a href=''page.php?id=2%26ml=1048''>Показать на карте</a></u>\nПолезное ископаемое.\n\nСодержится в минералах:\n<u><a href=''page.php?id=6%26itm=Гемиморфит''>Гемиморфит</a></u>			54\n<u><a href=''page.php?id=6%26itm=Ринерит''>Ринерит</a></u>				22'),
(1049, '<b>Цирконий</b> <u><a href=''page.php?id=2%26ml=1049''>Показать на карте</a></u>\nПолезное ископаемое.\n\nСодержится в минералах:\n<u><a href=''page.php?id=6%26itm=Бадделеит''>Бадделеит</a></u>				99\n<u><a href=''page.php?id=6%26itm=Циркон''>Циркон</a></u>				49\n<u><a href=''page.php?id=6%26itm=Эвдиалит''>Эвдиалит</a></u>				9'),
(2000, '<b>Геологический зонд</b>\n\nИспользуется для проведения разведки планеты. Ресурсоемкость зонда очень мала, что позволяет изготавливать его еще на первом этапе колонизации. Чертеж зонда изначально передаются колонизатору.\nПри наличии зонда появляется возможность "усовершенствовать" любую не занятую точку на планете. При первом запуске зонд углубится до среднего слоя и проведет анализ породы. Используя второй зонд в той же точке исследуется глубинный слой планеты. Зонды являются одноразовыми устройствами и теряются в породе на всегда, поэтому для каждого исследования необходим новый зонд.'),
(2001, '<b>Корпус шатла</b>\n\nКорпус представляет собой поверхность шатла собранную из отдельных пластин. Основной материал корпуса это титан, как правило по внешнему виду легко отличить разный тип кораблей, однако существуют корабли с нестандартным наполнением.'),
(2002, '<b>Малый ядерный реактор</b>\n\nПо сути своей одноразовый реактор. Топливо для реактора загружается один раз на заводе во время изготовления и в последующем не заменяется. Теоретически считается, что топлива хватит для нормальной работы в течении 35 лет. В настоящее время нет ядерных реакторов с таким сроком службы, поэтому практически срок службы реактора пока не подтвержден.\n\nМощность реактора: 30 ГВт'),
(2003, '<b>Антигравитационный двигатель</b>\n\nИспользуется на кораблях планетарного базирования, не потребляет топливо и позволяет очень быстро выводить корабль на орбиту. Не приемлемо использование в космическом пространстве ввиду отсутствия достаточных источников гравитационного поля. Двигатель не позволяет перемещяться в космосе. Двигатель ограничен в грузоподъемности ввиду особенности работы, для поднятия большой массы не предназначен, из-за этой конструктивной особенности не устанавливается на больших кораблях. Однако существует ряд малых кораблей на которых устанавливаются двигатели 2-х и более типов одновременно, что делает такие корабли незаменимыми разведчиками.\n\nМощность двигателя 200 МВт'),
(2004, '<b>Малый грузовой отсек</b>\n\nСамый маленький грузовой отсек, очень удобен для перевозки чертежей и макетов. Обладает малой вместимостью и малым весом. Устанавливается на шатлы и некоторые корабли дальней разведки.\n\nВместимость: 850'),
(2005, '<b>Кабина шатла</b>\n\nКабина это основное место прибывание пилота во время перемещения. В кабине установлена вся аппаратура для управления кораблем. Кабина шатла как правило не очень комфорта, поскольку этот тип кораблей не создан для длительных перемещений.'),
(3001, '<b>Торговая станция</b>\n\nТорговая станция является собственностью конфедерации свободных планет и охраняется конфедерацией. На станции могут храниться любые продукты, также на станцию разрешена стыковка других космических кораблей. Планета, вокруг которой летает станция, не может быть оснащена охранными сооружениями, поскольку любые боевые действия в секторе с планетой игрока строго запрещены конфедерацией.\nСтанцию нельзя переместить на другую планету, равно как и нельзя обладать более чем одной торговой станцией одновременно.\nТорговая станция самодостаточная структура и не требует ни складов, ни энергии для нормального функционирования. Количество пристыкованных кораблей не ограничено.'),
(3002, '<img src="img/geosat.png"><b>Геологический спутник</b>\n\nПозволяет исследовать средний и глубинные слои планеты из космоса. Уровень постройки определяет исследование. После исследования информация остается навсегда. Любой игрок высадившийся на планету получает доступ ко всей информации. Таким образом спутник развитый до 10 уровня можно сносить.\n\n\n5 уровень - исследование всего среднего слоя.\n10 уровень - исследование всего глубинного слоя.'),
(3003, '<img src="img/power.png"><b>Солнечная электростанция</b>\n\nЭлектростанция представляет собой диск диаметром несколько сотен метров состоящий из ячеек. Энергия накапливается в аккумуляторах на станции и по мере надобности транспортируется по орбите сильным пучком СВЧ излучения. Количество добываемой энергии зависит от уровня постройки.\n\nВыработка энергии: 1250 (+250 на каждый уровень)'),
(3004, '<img src="img/warehouse.png"><b>Орбитальный склад</b>\n\nСклад на орбите способен вмещать огромные количества грузов. Используется как торговый буфер на орбите родной планеты. Склад нередко используется как модуль для стыковки на орбитах газовых гигантов и колонизированных планет. Любой корабль способен пристыковаться к складу для перегрузки товара.'),
(3005, '<img src="img/orbfactory.png"><b>Орбитальный сборочный цех</b>\n\nПо своей сути это завод и сборочный цех в одном строении на орбите. Изначально был создан для постройки огромных кораблей и конструкций, которые не могут самостоятельно взлететь с поверхности планеты. Сборочный цех используют большие корпорации для постройки сотен линкоров и уничтожителей. Это настоящий завод на орбите.'),
(3006, '<img src="img/orbmine.png"><b>Орбитальный газодобывающий завод</b>\n\nСпутник со слабой гравитационной ловушкой и небольшой емкостью для сжиженного газа. Завод располагается на низкой орбите и собирает атомарный газ, улетающий из атмосферы планеты. Наибольший интерес для разработки представляют газовые гиганты, из атмосферы которых улетает водород. Завод имеет длительный цикл, но за каждый цикл добывается 1000 газа.\n\nОрбитальный склад: 3000\nПотребление энергии: 250'),
(3007, '<img src="img/orb_laser.png"><b>Лазерный спутник</b>\n\nНаиболее слабое орбитальное оборонительное сооружение способное во время боя атаковать любую цель. Наиболее эффективен против малых военных и транспортных кораблей.\n\nТТХ:\nСила выстрела: 5\nКол. выстрелов: 10 на каждый уровень\nЩит: 500'),
(3008, '<img src="img/orb_plasma.png"><b>Плазменный спутник</b>\n\nСамое сильное орбитальное оборонительное сооружение способное во время боя атаковать любую цель. Наиболее эффективен против крупных военных кораблей. Обладая большой мощностью способен уничтожать крупные корабли.\n\nТТХ:\nСила выстрела: 50\nКол. выстрелов: 1 на каждый уровень\nЩит: 500'),
(3009, '<img src="img/orb_quant.png"><b>Квантовый генератор</b>\n\nКвантовый генератор является дальнейшим развитием плазменной технологии. Передав веществу еще больше энергии удалось разорвать внутренние мезонные связи, что привело к появлению так называемого "квантового облака". Эта материя находится на грани с волной и не подчиняется никаким законам физики. Единственная сила, которая продолжает действовать на материю это гравитация. Соединяясь с обычным веществом начинается процесс растворения, вещество превращается в квантовую материю, а квантовая материя начинает терять запас энергии и со временем превращается в мелкодисперсное вещество. Таким образом внешне это выглядит как испарение вещества по всему объему. Генератор атакует весь флот противника одновременно.\n\nТТХ:\nСила выстрела: 1 за каждый уровень.\nЩит : 300'),
(3010, '<img src="img/orb_termo.png"><b>Термоядерный преобразователь</b>\n\nОрбитальный термоядерный реактор, который способен использовать в качестве топлива любое вещество. Соответственно на выходе получается результат реакции. Энергия получаемая во время реакции тратится на продолжение этого цикла.\n\nКПД преобразователя 50%25\n\nВсего идет 3 линии преобразования:\n\n1.Кислород - Кремний - Железо - Сера - Свинец - Теллур - Вольфрам - Ртуть - Серебро - Фосфор - Хлор - Золото - Олово - Стронций - Неодим - Сурьма - Дейтерий\n\n2.Водород - Уран - Кальций - Цирконий - Натрий - Висмут - Магний - Цинк - Гадолиний - Бор - Мышьяк - Никель - Калий - Германий - Хром - Ванадий - Иттрий\n\n3.Медь - Титан - Углерод - Алюминий - Марганец - Цезий - Торий - Самарий - Азот - Молибден - Фтор - Кобальт - Рубидий - Бериллий - Литий - Селен - Тритий\n\nОрбитальный склад: 100000\nПотребление энергии: 2500'),
(4001, '<b>Малый шатл</b>\n\nПервый космический корабль доступный для постройки. Все необходимые чертежи и макеты передаются колонизатору в капсуле приземления. Данный тип кораблей используется повсеместно, поскольку малая масса консервированной версии позволяет загружать корабль в более крупные транспортные корабли.\nКорабль обладает только антигравитационным двигателем и не способен самостоятельно перемещаться в пространстве за пределами планеты.'),
(5000, '<img src="img/1.png"><b>Азурит</b>\nПриродный минерал <font color=''#00FFFF''>первой</font> группы.\n\nСодержит полезные ископаемые:\n<u><a href=''page.php?id=6%26itm=Медь Cu''>Медь Cu</a></u>					99'),
(5001, '<b>Алабандин</b> <u><a href=''page.php?id=2%26ml=5001''>Показать на карте</a></u>\nПриродный минерал <font color=''#00FFFF''>второй</font> группы.\n\nСодержит полезные ископаемые:\n<u><a href=''page.php?id=6%26itm=Марганец Mn''>Марганец Mn</a></u>				65\n<u><a href=''page.php?id=6%26itm=Сера S''>Сера S</a></u>					28\n<u><a href=''page.php?id=6%26itm=Свинец Pb''>Свинец Pb</a></u>					3\n<u><a href=''page.php?id=6%26itm=Медь Cu''>Медь Cu</a></u>					2\n<u><a href=''page.php?id=6%26itm=Серебро Ag''>Серебро Ag</a></u>				1'),
(5002, '<b>Альбит</b> <u><a href=''page.php?id=2%26ml=5002''>Показать на карте</a></u>\nПриродный минерал <font color=''#00FFFF''>второй</font> группы.\n\nСодержит полезные ископаемые:\n<u><a href=''page.php?id=6%26itm=Кремний Si''>Кремний Si</a></u>				68\n<u><a href=''page.php?id=6%26itm=Алюминий Al''>Алюминий Al</a></u>			19\n<u><a href=''page.php?id=6%26itm=Натрий Na''>Натрий Na</a></u>					12'),
(5003, '<b>Апатит</b> <u><a href=''page.php?id=2%26ml=5003''>Показать на карте</a></u>\nПриродный минерал <font color=''#00FFFF''>второй</font> группы.\n\nСодержит полезные ископаемые:\n<u><a href=''page.php?id=6%26itm=Кальций Ca''>Кальций Ca</a></u>				39\n<u><a href=''page.php?id=6%26itm=Кислород O''>Кислород O</a></u>				38\n<u><a href=''page.php?id=6%26itm=Фосфор P''>Фосфор P</a></u>				18\n<u><a href=''page.php?id=6%26itm=Хлор Cl''>Хлор Cl</a></u>					2\n<u><a href=''page.php?id=6%26itm=Водород H''>Водород H</a></u>				1\n<u><a href=''page.php?id=6%26itm=Фтор F''>Фтор F</a></u>					1'),
(5004, '<b>Аргентит</b> <u><a href=''page.php?id=2%26ml=5004''>Показать на карте</a></u>\nПриродный минерал <font color=''#00FFFF''>второй</font> группы.\n\nСодержит полезные ископаемые:\n<u><a href=''page.php?id=6%26itm=Серебро Ag''>Серебро Ag</a></u>				87\n<u><a href=''page.php?id=6%26itm=Сера S''>Сера S</a></u>					12'),
(5005, '<img src="img/2.png"><b>Бадделеит</b>\nПриродный минерал <font color=''#00FFFF''>первой</font> группы.\n\nСодержит полезные ископаемые:\n<u><a href=''page.php?id=6%26itm=Цирконий Zr''>Цирконий Zr</a></u>				99'),
(5006, '<b>Берилл</b> <u><a href=''page.php?id=2%26ml=5006''>Показать на карте</a></u>\nПриродный минерал <font color=''#00FFFF''>второй</font> группы.\n\nСодержит полезные ископаемые:\n<u><a href=''page.php?id=6%26itm=Кислород O''>Кислород O</a></u>				53\n<u><a href=''page.php?id=6%26itm=Кремний Si''>Кремний Si</a></u>				31\n<u><a href=''page.php?id=6%26itm=Алюминий Al''>Алюминий Al</a></u>			10\n<u><a href=''page.php?id=6%26itm=Бериллий Be''>Бериллий Be</a></u>				5'),
(5007, '<img src="img/3.png"><b>Брукит</b>\nПриродный минерал <font color=''#00FFFF''>первой</font> группы.\n\nСодержит полезные ископаемые:\n<u><a href=''page.php?id=6%26itm=Титан Ti''>Титан Ti</a></u>					59\n<u><a href=''page.php?id=6%26itm=Кислород O''>Кислород O</a></u>				38\n<u><a href=''page.php?id=6%26itm=Железо Fe''>Железо Fe</a></u>				2'),
(5008, '<b>Брусит</b> <u><a href=''page.php?id=2%26ml=5008''>Показать на карте</a></u>\nПриродный минерал <font color=''#00FFFF''>второй</font> группы.\n\nСодержит полезные ископаемые:\n<u><a href=''page.php?id=6%26itm=Кислород O''>Кислород O</a></u>				55\n<u><a href=''page.php?id=6%26itm=Магний Mg''>Магний Mg</a></u>					41\n<u><a href=''page.php?id=6%26itm=Водород H''>Водород H</a></u>				3'),
(5009, '<b>Висмутин</b> <u><a href=''page.php?id=2%26ml=5009''>Показать на карте</a></u>\nПриродный минерал <font color=''#00FFFF''>третьей</font> группы.\n\nСодержит полезные ископаемые:\n<u><a href=''page.php?id=6%26itm=Висмут Bi''>Висмут Bi</a></u>					80\n<u><a href=''page.php?id=6%26itm=Селен Se''>Селен Se</a></u>					8\n<u><a href=''page.php?id=6%26itm=Свинец Pb''>Свинец Pb</a></u>					6\n<u><a href=''page.php?id=6%26itm=Медь Cu''>Медь Cu</a></u>					3\n<u><a href=''page.php?id=6%26itm=Сурьма Sb''>Сурьма Sb</a></u>					2'),
(5010, '<img src="img/0.png"><b>Вода</b>\nПриродный минерал <font color=''#00FFFF''>первой</font> группы.\n\nСодержит полезные ископаемые:\n<u><a href=''page.php?id=6%26itm=Кислород O''>Кислород O</a></u>				50\n<u><a href=''page.php?id=6%26itm=Водород H''>Водород H</a></u>				48\n<u><a href=''page.php?id=6%26itm=Дейтерий D''>Дейтерий D</a></u>				1'),
(5011, '<b>Вольфрамит</b> <u><a href=''page.php?id=2%26ml=5011''>Показать на карте</a></u>\nПриродный минерал <font color=''#00FFFF''>второй</font> группы.\n\nСодержит полезные ископаемые:\n<u><a href=''page.php?id=6%26itm=Вольфрам W''>Вольфрам W</a></u>				60\n<u><a href=''page.php?id=6%26itm=Кислород O''>Кислород O</a></u>				21\n<u><a href=''page.php?id=6%26itm=Марганец Mn''>Марганец Mn</a></u>				9\n<u><a href=''page.php?id=6%26itm=Железо Fe''>Железо Fe</a></u>				9'),
(5012, '<img src="img/5.png"><b>Галенит</b>\nПриродный минерал <font color=''#00FFFF''>первой</font> группы.\n\nСодержит полезные ископаемые:\n<u><a href=''page.php?id=6%26itm=Свинец Pb''>Свинец Pb</a></u>					86\n<u><a href=''page.php?id=6%26itm=Сера S''>Сера S</a></u>					13'),
(5013, '<b>Галит</b> <u><a href=''page.php?id=2%26ml=5013''>Показать на карте</a></u>\nПриродный минерал <font color=''#00FFFF''>второй</font> группы.\n\nСодержит полезные ископаемые:\n<u><a href=''page.php?id=6%26itm=Хлор Cl''>Хлор Cl</a></u>					60\n<u><a href=''page.php?id=6%26itm=Натрий Na''>Натрий Na</a></u>					39'),
(5014, '<b>Гаусманит</b> <u><a href=''page.php?id=2%26ml=5014''>Показать на карте</a></u>\nПриродный минерал <font color=''#00FFFF''>второй</font> группы.\n\nСодержит полезные ископаемые:\n<u><a href=''page.php?id=6%26itm=Марганец Mn''>Марганец Mn</a></u>				72\n<u><a href=''page.php?id=6%26itm=Кислород O''>Кислород O</a></u>				27'),
(5015, '<img src="img/6.png"><b>Гематит</b>\nПриродный минерал <font color=''#00FFFF''>первой</font> группы.\n\nСодержит полезные ископаемые:\n<u><a href=''page.php?id=6%26itm=Железо Fe''>Железо Fe</a></u>				69\n<u><a href=''page.php?id=6%26itm=Кислород O''>Кислород O</a></u>				30'),
(5016, '<b>Гемиморфит</b> <u><a href=''page.php?id=2%26ml=5016''>Показать на карте</a></u>\nПриродный минерал <font color=''#00FFFF''>второй</font> группы.\n\nСодержит полезные ископаемые:\n<u><a href=''page.php?id=6%26itm=Цинк Zn''>Цинк Zn</a></u>					54\n<u><a href=''page.php?id=6%26itm=Кислород O''>Кислород O</a></u>				33\n<u><a href=''page.php?id=6%26itm=Кремний Si''>Кремний Si</a></u>				11\n<u><a href=''page.php?id=6%26itm=Водород H''>Водород H</a></u>				1'),
(5018, '<img src="img/8.png"><b>Гипс</b>\nПриродный минерал <font color=''#00FFFF''>первой</font> группы.\n\nСодержит полезные ископаемые:\n<u><a href=''page.php?id=6%26itm=Кислород O''>Кислород O</a></u>				55\n<u><a href=''page.php?id=6%26itm=Кальций Ca''>Кальций Ca</a></u>				23\n<u><a href=''page.php?id=6%26itm=Сера S''>Сера S</a></u>					19\n<u><a href=''page.php?id=6%26itm=Водород H''>Водород H</a></u>				2'),
(5019, '<b>Графит</b> <u><a href=''page.php?id=2%26ml=5019''>Показать на карте</a></u>\nПриродный минерал <font color=''#00FFFF''>второй</font> группы.\n\nСодержит полезные ископаемые:\n<u><a href=''page.php?id=6%26itm=Углерод C''>Углерод C</a></u>				99'),
(5020, '<b>Данбурит</b> <u><a href=''page.php?id=2%26ml=5020''>Показать на карте</a></u>\nПриродный минерал <font color=''#00FFFF''>второй</font> группы.\n\nСодержит полезные ископаемые:\n<u><a href=''page.php?id=6%26itm=Кислород O''>Кислород O</a></u>				52\n<u><a href=''page.php?id=6%26itm=Кремний Si''>Кремний Si</a></u>				23\n<u><a href=''page.php?id=6%26itm=Кальций Ca''>Кальций Ca</a></u>				16\n<u><a href=''page.php?id=6%26itm=Бор B''>Бор B</a></u>						8'),
(5021, '<b>Дарапскит</b> <u><a href=''page.php?id=2%26ml=5021''>Показать на карте</a></u>\nПриродный минерал <font color=''#00FFFF''>второй</font> группы.\n\nСодержит полезные ископаемые:\n<u><a href=''page.php?id=6%26itm=Кислород O''>Кислород O</a></u>				48\n<u><a href=''page.php?id=6%26itm=Натрий Na''>Натрий Na</a></u>					22\n<u><a href=''page.php?id=6%26itm=Водород H''>Водород H</a></u>				12\n<u><a href=''page.php?id=6%26itm=Азот N''>Азот N</a></u>					9\n<u><a href=''page.php?id=6%26itm=Сера S''>Сера S</a></u>					8'),
(5022, '<b>Диоптаз</b> <u><a href=''page.php?id=2%26ml=5022''>Показать на карте</a></u>\nПриродный минерал <font color=''#00FFFF''>третьей</font> группы.\n\nСодержит полезные ископаемые:\n<u><a href=''page.php?id=6%26itm=Кислород O''>Кислород O</a></u>				40\n<u><a href=''page.php?id=6%26itm=Медь Cu''>Медь Cu</a></u>					40\n<u><a href=''page.php?id=6%26itm=Кремний Si''>Кремний Si</a></u>				18\n<u><a href=''page.php?id=6%26itm=Водород H''>Водород H</a></u>				1'),
(5023, '<b>Доломит</b> <u><a href=''page.php?id=2%26ml=5023''>Показать на карте</a></u>\nПриродный минерал <font color=''#00FFFF''>третьей</font> группы.\n\nСодержит полезные ископаемые:\n<u><a href=''page.php?id=6%26itm=Кислород O''>Кислород O</a></u>				52\n<u><a href=''page.php?id=6%26itm=Кальций Ca''>Кальций Ca</a></u>				22\n<u><a href=''page.php?id=6%26itm=Магний Mg''>Магний Mg</a></u>					13\n<u><a href=''page.php?id=6%26itm=Углерод C''>Углерод C</a></u>				12'),
(5024, '<b>Дюмортьерит</b> <u><a href=''page.php?id=2%26ml=5024''>Показать на карте</a></u>\nПриродный минерал <font color=''#00FFFF''>второй</font> группы.\n\nСодержит полезные ископаемые:\n<u><a href=''page.php?id=6%26itm=Кислород O''>Кислород O</a></u>				50\n<u><a href=''page.php?id=6%26itm=Алюминий Al''>Алюминий Al</a></u>			32\n<u><a href=''page.php?id=6%26itm=Кремний Si''>Кремний Si</a></u>				14\n<u><a href=''page.php?id=6%26itm=Бор B''>Бор B</a></u>						2\n<u><a href=''page.php?id=6%26itm=Водород H''>Водород H</a></u>				1'),
(5025, '<b>Жадеит</b> <u><a href=''page.php?id=2%26ml=5025''>Показать на карте</a></u>\nПриродный минерал <font color=''#00FFFF''>второй</font> группы.\n\nСодержит полезные ископаемые:\n<u><a href=''page.php?id=6%26itm=Кислород O''>Кислород O</a></u>				46\n<u><a href=''page.php?id=6%26itm=Кремний Si''>Кремний Si</a></u>				27\n<u><a href=''page.php?id=6%26itm=Алюминий Al''>Алюминий Al</a></u>			12\n<u><a href=''page.php?id=6%26itm=Натрий Na''>Натрий Na</a></u>					11\n<u><a href=''page.php?id=6%26itm=Железо Fe''>Железо Fe</a></u>				3'),
(5026, '<b>Иллит</b> <u><a href=''page.php?id=2%26ml=5026''>Показать на карте</a></u>\nПриродный минерал <font color=''#00FFFF''>третьей</font> группы.\n\nСодержит полезные ископаемые:\n<u><a href=''page.php?id=6%26itm=Кислород O''>Кислород O</a></u>				54\n<u><a href=''page.php?id=6%26itm=Кремний Si''>Кремний Si</a></u>				25\n<u><a href=''page.php?id=6%26itm=Алюминий Al''>Алюминий Al</a></u>			9\n<u><a href=''page.php?id=6%26itm=Калий K''>Калий K</a></u>					6\n<u><a href=''page.php?id=6%26itm=Марганец Mn''>Марганец Mn</a></u>				2\n<u><a href=''page.php?id=6%26itm=Железо Fe''>Железо Fe</a></u>				2\n<u><a href=''page.php?id=6%26itm=Водород H''>Водород H</a></u>				1'),
(5027, '<b>Ильменит</b> <u><a href=''page.php?id=2%26ml=5027''>Показать на карте</a></u>\nПриродный минерал <font color=''#00FFFF''>второй</font> группы.\n\nСодержит полезные ископаемые:\n<u><a href=''page.php?id=6%26itm=Железо Fe''>Железо Fe</a></u>				37\n<u><a href=''page.php?id=6%26itm=Титан Ti''>Титан Ti</a></u>					31\n<u><a href=''page.php?id=6%26itm=Кислород O''>Кислород O</a></u>				31'),
(5028, '<b>Каинит</b> <u><a href=''page.php?id=2%26ml=5028''>Показать на карте</a></u>\nПриродный минерал <font color=''#00FFFF''>второй</font> группы.\n\nСодержит полезные ископаемые:\n<u><a href=''page.php?id=6%26itm=Кислород O''>Кислород O</a></u>				44\n<u><a href=''page.php?id=6%26itm=Калий K''>Калий K</a></u>					16\n<u><a href=''page.php?id=6%26itm=Хлор Cl''>Хлор Cl</a></u>					14\n<u><a href=''page.php?id=6%26itm=Сера S''>Сера S</a></u>					13\n<u><a href=''page.php?id=6%26itm=Магний Mg''>Магний Mg</a></u>					10\n<u><a href=''page.php?id=6%26itm=Водород H''>Водород H</a></u>				2'),
(5029, '<b>Калаверит</b> <u><a href=''page.php?id=2%26ml=5029''>Показать на карте</a></u>\nПриродный минерал <font color=''#00FFFF''>третьей</font> группы.\n\nСодержит полезные ископаемые:\n<u><a href=''page.php?id=6%26itm=Теллур Te''>Теллур Te</a></u>				56\n<u><a href=''page.php?id=6%26itm=Золото Au''>Золото Au</a></u>					43'),
(5030, '<b>Каломель</b> <u><a href=''page.php?id=2%26ml=5030''>Показать на карте</a></u>\nПриродный минерал <font color=''#00FFFF''>третьей</font> группы.\n\nСодержит полезные ископаемые:\n<u><a href=''page.php?id=6%26itm=Ртуть Hg''>Ртуть Hg</a></u>					84\n<u><a href=''page.php?id=6%26itm=Хлор Cl''>Хлор Cl</a></u>					15'),
(5031, '<b>Касситерит</b> <u><a href=''page.php?id=2%26ml=5031''>Показать на карте</a></u>\nПриродный минерал <font color=''#00FFFF''>второй</font> группы.\n\nСодержит полезные ископаемые:\n<u><a href=''page.php?id=6%26itm=Кислород O''>Кислород O</a></u>				68\n<u><a href=''page.php?id=6%26itm=Олово Sn''>Олово Sn</a></u>					31'),
(5032, '<img src="img/4.png"><b>Кварц</b>\nПриродный минерал <font color=''#00FFFF''>первой</font> группы.\n\nСодержит полезные ископаемые:\n<u><a href=''page.php?id=6%26itm=Кислород O''>Кислород O</a></u>				53\n<u><a href=''page.php?id=6%26itm=Кремний Si''>Кремний Si</a></u>				46'),
(5033, '<b>Киноварь</b> <u><a href=''page.php?id=2%26ml=5033''>Показать на карте</a></u>\nПриродный минерал <font color=''#00FFFF''>второй</font> группы.\n\nСодержит полезные ископаемые:\n<u><a href=''page.php?id=6%26itm=Ртуть Hg''>Ртуть Hg</a></u>					86\n<u><a href=''page.php?id=6%26itm=Сера S''>Сера S</a></u>					13'),
(5034, '<b>Колвезит</b> <u><a href=''page.php?id=2%26ml=5034''>Показать на карте</a></u>\nПриродный минерал <font color=''#00FFFF''>третьей</font> группы.\n\nСодержит полезные ископаемые:\n<u><a href=''page.php?id=6%26itm=Медь Cu''>Медь Cu</a></u>					39\n<u><a href=''page.php?id=6%26itm=Кислород O''>Кислород O</a></u>				36\n<u><a href=''page.php?id=6%26itm=Кобальт Co''>Кобальт Co</a></u>				18\n<u><a href=''page.php?id=6%26itm=Углерод C''>Углерод C</a></u>				5\n<u><a href=''page.php?id=6%26itm=Водород H''>Водород H</a></u>				1'),
(5035, '<img src="img/7.png"><b>Корунд</b>\nПриродный минерал <font color=''#00FFFF''>первой</font> группы.\n\nСодержит полезные ископаемые:\n<u><a href=''page.php?id=6%26itm=Алюминий Al''>Алюминий Al</a></u>			53\n<u><a href=''page.php?id=6%26itm=Кислород O''>Кислород O</a></u>				46'),
(5036, '<b>Магнетит</b> <u><a href=''page.php?id=2%26ml=5036''>Показать на карте</a></u>\nПриродный минерал <font color=''#00FFFF''>второй</font> группы.\n\nСодержит полезные ископаемые:\n<u><a href=''page.php?id=6%26itm=Железо Fe''>Железо Fe</a></u>				72\n<u><a href=''page.php?id=6%26itm=Кислород O''>Кислород O</a></u>				27'),
(5037, '<b>Мирабилит</b> <u><a href=''page.php?id=2%26ml=5037''>Показать на карте</a></u>\nПриродный минерал <font color=''#00FFFF''>второй</font> группы.\n\nСодержит полезные ископаемые:\n<u><a href=''page.php?id=6%26itm=Кислород O''>Кислород O</a></u>				69\n<u><a href=''page.php?id=6%26itm=Натрий Na''>Натрий Na</a></u>					14\n<u><a href=''page.php?id=6%26itm=Сера S''>Сера S</a></u>					10\n<u><a href=''page.php?id=6%26itm=Водород H''>Водород H</a></u>				6'),
(5038, '<b>Молибденит</b> <u><a href=''page.php?id=2%26ml=5038''>Показать на карте</a></u>\nПриродный минерал <font color=''#00FFFF''>третьей</font> группы.\n\nСодержит полезные ископаемые:\n<u><a href=''page.php?id=6%26itm=Молибден Mo''>Молибден Mo</a></u>				60\n<u><a href=''page.php?id=6%26itm=Сера S''>Сера S</a></u>					39'),
(5039, '<b>Монацит</b> <u><a href=''page.php?id=2%26ml=5039''>Показать на карте</a></u>\nПриродный минерал <font color=''#00FFFF''>третьей</font> группы.\n\nСодержит полезные ископаемые:\n<u><a href=''page.php?id=6%26itm=Кислород O''>Кислород O</a></u>				26\n<u><a href=''page.php?id=6%26itm=Торий Th''>Торий Th</a></u>					16\n<u><a href=''page.php?id=6%26itm=Самарий Sm''>Самарий Sm</a></u>				14\n<u><a href=''page.php?id=6%26itm=Гадолиний Gd''>Гадолиний Gd</a></u>				14\n<u><a href=''page.php?id=6%26itm=Фосфор P''>Фосфор P</a></u>				12\n<u><a href=''page.php?id=6%26itm=Цезий Cs''>Цезий Cs</a></u>					9\n<u><a href=''page.php?id=6%26itm=Неодим Nd''>Неодим Nd</a></u>				6\n<u><a href=''page.php?id=6%26itm=Кальций Ca''>Кальций Ca</a></u>				2'),
(5040, '<b>Мусковит</b> <u><a href=''page.php?id=2%26ml=5040''>Показать на карте</a></u>\nПриродный минерал <font color=''#00FFFF''>третьей</font> группы.\n\nСодержит полезные ископаемые:\n<u><a href=''page.php?id=6%26itm=Кислород O''>Кислород O</a></u>				47\n<u><a href=''page.php?id=6%26itm=Кремний Si''>Кремний Si</a></u>				21\n<u><a href=''page.php?id=6%26itm=Алюминий Al''>Алюминий Al</a></u>			20\n<u><a href=''page.php?id=6%26itm=Калий K''>Калий K</a></u>					9\n<u><a href=''page.php?id=6%26itm=Водород H''>Водород H</a></u>				1\n<u><a href=''page.php?id=6%26itm=Фтор F''>Фтор F</a></u>					1'),
(5041, '<b>Настуран</b> <u><a href=''page.php?id=2%26ml=5041''>Показать на карте</a></u>\nПриродный минерал <font color=''#00FFFF''>третьей</font> группы.\n\nСодержит полезные ископаемые:\n<u><a href=''page.php?id=6%26itm=Уран U''>Уран U</a></u>					88\n<u><a href=''page.php?id=6%26itm=Кислород O''>Кислород O</a></u>				11'),
(5042, '<b>Опал</b> <u><a href=''page.php?id=2%26ml=5042''>Показать на карте</a></u>\nПриродный минерал <font color=''#00FFFF''>третьей</font> группы.\n\nСодержит полезные ископаемые:\n<u><a href=''page.php?id=6%26itm=Кислород O''>Кислород O</a></u>				64\n<u><a href=''page.php?id=6%26itm=Кремний Si''>Кремний Si</a></u>				32\n<u><a href=''page.php?id=6%26itm=Водород H''>Водород H</a></u>				3'),
(5043, '<b>Пентландит</b> <u><a href=''page.php?id=2%26ml=5043''>Показать на карте</a></u>\nПриродный минерал <font color=''#00FFFF''>второй</font> группы.\n\nСодержит полезные ископаемые:\n<u><a href=''page.php?id=6%26itm=Никель Ni''>Никель Ni</a></u>					34\n<u><a href=''page.php?id=6%26itm=Сера S''>Сера S</a></u>					33\n<u><a href=''page.php?id=6%26itm=Железо Fe''>Железо Fe</a></u>				32'),
(5044, '<b>Перовскит</b> <u><a href=''page.php?id=2%26ml=5044''>Показать на карте</a></u>\nПриродный минерал <font color=''#00FFFF''>третьей</font> группы.\n\nСодержит полезные ископаемые:\n<u><a href=''page.php?id=6%26itm=Титан Ti''>Титан Ti</a></u>					35\n<u><a href=''page.php?id=6%26itm=Кислород O''>Кислород O</a></u>				35\n<u><a href=''page.php?id=6%26itm=Кальций Ca''>Кальций Ca</a></u>				29'),
(5045, '<b>Петалит</b> <u><a href=''page.php?id=2%26ml=5045''>Показать на карте</a></u>\nПриродный минерал <font color=''#00FFFF''>третьей</font> группы.\n\nСодержит полезные ископаемые:\n<u><a href=''page.php?id=6%26itm=Кислород O''>Кислород O</a></u>				52\n<u><a href=''page.php?id=6%26itm=Кремний Si''>Кремний Si</a></u>				36\n<u><a href=''page.php?id=6%26itm=Алюминий Al''>Алюминий Al</a></u>			9\n<u><a href=''page.php?id=6%26itm=Литий Li''>Литий Li</a></u>					2'),
(5046, '<b>Пираргирит</b> <u><a href=''page.php?id=2%26ml=5046''>Показать на карте</a></u>\nПриродный минерал <font color=''#00FFFF''>третьей</font> группы.\n\nСодержит полезные ископаемые:\n<u><a href=''page.php?id=6%26itm=Серебро Ag''>Серебро Ag</a></u>				60\n<u><a href=''page.php?id=6%26itm=Сурьма Sb''>Сурьма Sb</a></u>					22\n<u><a href=''page.php?id=6%26itm=Сера S''>Сера S</a></u>					17'),
(5047, '<b>Реальгар</b> <u><a href=''page.php?id=2%26ml=5047''>Показать на карте</a></u>\nПриродный минерал <font color=''#00FFFF''>второй</font> группы.\n\nСодержит полезные ископаемые:\n<u><a href=''page.php?id=6%26itm=Мышьяк As''>Мышьяк As</a></u>				70\n<u><a href=''page.php?id=6%26itm=Сера S''>Сера S</a></u>					29'),
(5048, '<b>Ринерит</b> <u><a href=''page.php?id=2%26ml=5048''>Показать на карте</a></u>\nПриродный минерал <font color=''#00FFFF''>третьей</font> группы.\n\nСодержит полезные ископаемые:\n<u><a href=''page.php?id=6%26itm=Сера S''>Сера S</a></u>					30\n<u><a href=''page.php?id=6%26itm=Медь Cu''>Медь Cu</a></u>					25\n<u><a href=''page.php?id=6%26itm=Цинк Zn''>Цинк Zn</a></u>					22\n<u><a href=''page.php?id=6%26itm=Железо Fe''>Железо Fe</a></u>				13\n<u><a href=''page.php?id=6%26itm=Германий Ge''>Германий Ge</a></u>				7\n<u><a href=''page.php?id=6%26itm=Мышьяк As''>Мышьяк As</a></u>				2'),
(5049, '<b>Рубицин</b> <u><a href=''page.php?id=2%26ml=5049''>Показать на карте</a></u>\nПриродный минерал <font color=''#00FFFF''>третьей</font> группы.\n\nСодержит полезные ископаемые:\n<u><a href=''page.php?id=6%26itm=Кислород O''>Кислород O</a></u>				40\n<u><a href=''page.php?id=6%26itm=Кремний Si''>Кремний Si</a></u>				27\n<u><a href=''page.php?id=6%26itm=Рубидий Rb''>Рубидий Rb</a></u>				21\n<u><a href=''page.php?id=6%26itm=Алюминий Al''>Алюминий Al</a></u>			8\n<u><a href=''page.php?id=6%26itm=Калий K''>Калий K</a></u>				3'),
(5050, '<b>Сильванит</b> <u><a href=''page.php?id=2%26ml=5050''>Показать на карте</a></u>\nПриродный минерал <font color=''#00FFFF''>третьей</font> группы.\n\nСодержит полезные ископаемые:\n<u><a href=''page.php?id=6%26itm=Теллур Te''>Теллур Te</a></u>				59\n<u><a href=''page.php?id=6%26itm=Золото Au''>Золото Au</a></u>					34\n<u><a href=''page.php?id=6%26itm=Серебро Ag''>Серебро Ag</a></u>				6'),
(5051, '<b>Стронцианит</b> <u><a href=''page.php?id=2%26ml=5051''>Показать на карте</a></u>\nПриродный минерал <font color=''#00FFFF''>третьей</font> группы.\n\nСодержит полезные ископаемые:\n<u><a href=''page.php?id=6%26itm=Стронций Sr''>Стронций Sr</a></u>				59\n<u><a href=''page.php?id=6%26itm=Кислород O''>Кислород O</a></u>				32\n<u><a href=''page.php?id=6%26itm=Углерод C''>Углерод C</a></u>				8'),
(5052, '<b>Тальк</b> <u><a href=''page.php?id=2%26ml=5052''>Показать на карте</a></u>\nПриродный минерал <font color=''#00FFFF''>второй</font> группы.\n\nСодержит полезные ископаемые:\n<u><a href=''page.php?id=6%26itm=Кислород O''>Кислород O</a></u>				50\n<u><a href=''page.php?id=6%26itm=Кремний Si''>Кремний Si</a></u>				29\n<u><a href=''page.php?id=6%26itm=Магний Mg''>Магний Mg</a></u>					19\n<u><a href=''page.php?id=6%26itm=Водород H''>Водород H</a></u>				1'),
(5053, '<b>Турманит</b> <u><a href=''page.php?id=2%26ml=5053''>Показать на карте</a></u>\nПриродный минерал <font color=''#00FFFF''>третьей</font> группы.\n\nСодержит полезные ископаемые:\n<u><a href=''page.php?id=6%26itm=Марганец Mn''>Марганец Mn</a></u>				52\n<u><a href=''page.php?id=6%26itm=Кислород O''>Кислород O</a></u>				32\n<u><a href=''page.php?id=6%26itm=Ванадий V''>Ванадий V</a></u>				5\n<u><a href=''page.php?id=6%26itm=Кремний Si''>Кремний Si</a></u>				3\n<u><a href=''page.php?id=6%26itm=Магний Mg''>Магний Mg</a></u>					3\n<u><a href=''page.php?id=6%26itm=Мышьяк As''>Мышьяк As</a></u>				3\n<u><a href=''page.php?id=6%26itm=Водород H''>Водород H</a></u>				1'),
(5054, '<b>Уваровит</b> <u><a href=''page.php?id=2%26ml=5054''>Показать на карте</a></u>\nПриродный минерал <font color=''#00FFFF''>третьей</font> группы.\n\nСодержит полезные ископаемые:\n<u><a href=''page.php?id=6%26itm=Кислород O''>Кислород O</a></u>				38\n<u><a href=''page.php?id=6%26itm=Кальций Ca''>Кальций Ca</a></u>				24\n<u><a href=''page.php?id=6%26itm=Хром Cr''>Хром Cr</a></u>					21\n<u><a href=''page.php?id=6%26itm=Кремний Si''>Кремний Si</a></u>				16');

INSERT INTO `enciclopedia` (`object_id`, `desc`) VALUES
(5055, '<b>Флюорит</b> <u><a href=''page.php?id=2%26ml=5055''>Показать на карте</a></u>\nПриродный минерал <font color=''#00FFFF''>второй</font> группы.\n\nСодержит полезные ископаемые:\n<u><a href=''page.php?id=6%26itm=Кальций Ca''>Кальций Ca</a></u>				51\n<u><a href=''page.php?id=6%26itm=Фтор F''>Фтор F</a></u>					48'),
(5056, '<b>Циркон</b> <u><a href=''page.php?id=2%26ml=5056''>Показать на карте</a></u>\nПриродный минерал <font color=''#00FFFF''>третьей</font> группы.\n\nСодержит полезные ископаемые:\n<u><a href=''page.php?id=6%26itm=Цирконий Zr''>Цирконий Zr</a></u>				49\n<u><a href=''page.php?id=6%26itm=Кислород O''>Кислород O</a></u>				35\n<u><a href=''page.php?id=6%26itm=Кремний Si''>Кремний Si</a></u>				15'),
(5057, '<b>Шеелит</b> <u><a href=''page.php?id=2%26ml=5057''>Показать на карте</a></u>\nПриродный минерал <font color=''#00FFFF''>третьей</font> группы.\n\nСодержит полезные ископаемые:\n<u><a href=''page.php?id=6%26itm=Вольфрам W''>Вольфрам W</a></u>				63\n<u><a href=''page.php?id=6%26itm=Кислород O''>Кислород O</a></u>				22\n<u><a href=''page.php?id=6%26itm=Кальций Ca''>Кальций Ca</a></u>				14'),
(5058, '<b>Эвдиалит</b> <u><a href=''page.php?id=2%26ml=5058''>Показать на карте</a></u>\nПриродный минерал <font color=''#00FFFF''>третьей</font> группы.\n\nСодержит полезные ископаемые:\n<u><a href=''page.php?id=6%26itm=Кислород O''>Кислород O</a></u>				38\n<u><a href=''page.php?id=6%26itm=Кремний Si''>Кремний Si</a></u>				22\n<u><a href=''page.php?id=6%26itm=Цирконий Zr''>Цирконий Zr</a></u>				9\n<u><a href=''page.php?id=6%26itm=Натрий Na''>Натрий Na</a></u>					9\n<u><a href=''page.php?id=6%26itm=Цезий Cs''>Цезий Cs</a></u>					7\n<u><a href=''page.php?id=6%26itm=Кальций Ca''>Кальций Ca</a></u>				6\n<u><a href=''page.php?id=6%26itm=Железо Fe''>Железо Fe</a></u>				3\n<u><a href=''page.php?id=6%26itm=Марганец Mn''>Марганец Mn</a></u>				2\n<u><a href=''page.php?id=6%26itm=Водород H''>Водород H</a></u>				1\n<u><a href=''page.php?id=6%26itm=Иттрий Y''>Иттрий Y</a></u>					1\n<u><a href=''page.php?id=6%26itm=Хлор Cl''>Хлор Cl</a></u>					1'),
(5059, '<b>Эритрин</b> <u><a href=''page.php?id=2%26ml=5059''>Показать на карте</a></u>\nПриродный минерал <font color=''#00FFFF''>третьей</font> группы.\n\nСодержит полезные ископаемые:\n<u><a href=''page.php?id=6%26itm=Кислород O''>Кислород O</a></u>				43\n<u><a href=''page.php?id=6%26itm=Кобальт Co''>Кобальт Co</a></u>				29\n<u><a href=''page.php?id=6%26itm=Мышьяк As''>Мышьяк As</a></u>				25\n<u><a href=''page.php?id=6%26itm=Водород H''>Водород H</a></u>				2'),
(5060, '<img src="img/9.png"><b>Ярозит</b>\nПриродный минерал <font color=''#00FFFF''>первой</font> группы.\n\nСодержит полезные ископаемые:\n<u><a href=''page.php?id=6%26itm=Кислород O''>Кислород O</a></u>				44\n<u><a href=''page.php?id=6%26itm=Железо Fe''>Железо Fe</a></u>				33\n<u><a href=''page.php?id=6%26itm=Сера S''>Сера S</a></u>					13\n<u><a href=''page.php?id=6%26itm=Калий K''>Калий K</a></u>					8\n<u><a href=''page.php?id=6%26itm=Водород H''>Водород H</a></u>				1'),
(6000, '<b>Геологический зонд</b>\n\nИспользуется для проведения разведки планеты. Ресурсоемкость зонда очень мала, что позволяет изготавливать его еще на первом этапе колонизации. Чертеж зонда изначально передается колонизатору.\nПри наличии зонда появляется возможность "усовершенствовать" любую не занятую точку на планете. При первом запуске зонд углубится до среднего слоя и проведет анализ породы. Используя второй зонд в той же точке, исследуется глубинный слой планеты. Зонды являются одноразовыми устройствами и теряются в породе навсегда, поэтому для каждого исследования необходим новый зонд.'),
(6001, '<b>Корпус шатла</b>\n\nКорпус представляет собой поверхность шатла собранную из отдельных пластин. Основной материал корпуса это титан, как правило, по внешнему виду легко отличить разный тип кораблей, однако существуют корабли с нестандартным наполнением.'),
(6002, '<b>Малый ядерный реактор</b>\n\nПо сути своей одноразовый реактор. Топливо для реактора загружается один раз на заводе во время изготовления и в последующем не заменяется. Теоретически считается, что топлива хватит для нормальной работы в течении 35 лет. В настоящее время нет ядерных реакторов с таким сроком службы, поэтому практически срок службы реактора пока не подтвержден.\n\nДорабатывается до Среднего ядерного реактора\n\nМощность реактора: 30 ГВт'),
(6003, '<b>Антигравитационный двигатель</b>\n\nИспользуется на кораблях планетарного базирования, не потребляет топливо и позволяет очень быстро выводить корабль на орбиту. Не приемлемо использование в космическом пространстве ввиду отсутствия достаточных источников гравитационного поля. Двигатель не позволяет перемещаться в космосе. Двигатель ограничен в грузоподъемности ввиду особенности работы, для поднятия большой массы не предназначен, из-за этой конструктивной особенности не устанавливается на больших кораблях. Однако существует ряд малых кораблей на которых устанавливаются двигатели 2-х и более типов одновременно, что делает такие корабли незаменимыми разведчиками.\n\nМощность двигателя 200 МВт'),
(6004, '<b>Малый грузовой отсек</b>\n\nОсновная деталь малых кораблей. Разработан как легкий и достаточно прочный отсек для хранения любых материалов. Иногда малый грузовой отсек используется в качестве буферного накопителя на крупных кораблях.\n\nДорабатывается до Большого грузового отсека\n\nВместимость отсека: 850'),
(6005, '<b>Кабина шатла</b>\n\nКабина это основное место пребывания пилота во время перемещения. В кабине установлена вся аппаратура для управления кораблем. Кабина шатла как правило не очень комфортна, поскольку этот тип кораблей не создан для длительных перемещений.'),
(6006, '<b>Корпус среднего шатла</b>\n\nКорпус среднего шатла представляет собой доработанный корпус малого шатла. Защищенность и прочность корпуса остались на прежнем уровне.'),
(6007, '<b>Корпус большого шатла</b>\n\nКорпус в основном состоит с прочных и легких сплавов и рассчитан на многократные перегрузки при взлете и посадке, даже при полной загрузке шатла. Большой шатл как и все шатлы представляет собой корабль с внешним каркасом, поэтому корпус является самой прочной частью всего корабля.'),
(6008, '<b>Средний ядерный реактор</b>\n\nРеактор получает энергию от деления ядер. Как и в малом реакторе, основным элементом деления является дейтерий. Количество загруженного топлива достаточно на несколько сотен лет работы и в настоящее время реакторы считаются одноразовыми, однако, пока не зарегистрирована замена реактора из-за малого количества топлива.\n\nРазрабатывается из малого ядерного реактора\n\nМощность реактора: 60 ГВт'),
(6009, '<b>Малый термоядерный реактор</b>\n\nРеактор производит большое количество энергии сравнимое со средним ядерным реактором, однако возможность быстро наращивать мощность позволяет использовать данный тип реакторов на военных кораблях. Структурно реактор представляет собой диффузионную камеру и итератор перегретой плазмы. После реакции термоядерного синтеза продуктом реакции являются нестабильные изотопы He3 и He4, которые со временем превращается в различные изотопы водорода и повторно используется в синтезе. Загрузка реактора топливом производится один раз во время изготовления, далее реактор способен проработать несколько тысяч лет (точный срок службы пока экспериментально не доказан)\n\nДорабатывается до Среднего термоядерного реактора\n\nМощность реактора: 75 ГВт'),
(6010, '<b>Большой грузовой отсек</b>\n\nБольшой грузовой отсек устанавливается на большие транспортные и некоторые военные корабли. Отсек представляет собой пустую капсулу с возможностью установки кронштейнов и креплений. В некоторых нестандартных кораблях отсек используется как оружейная комната.\n\nРазрабатывается из Грузового отсека\n\nДорабатывается до Бомбового отсека\n\nВместимость отсека: 10000'),
(6011, '<b>Диффузный двигатель</b>\n\nНа заре космонавтики использовались реактивные двигатели, позже начали использовать ионные двигатели. Но у обоих типов двигателей были недостатки: реактивные двигатели требовали большого количества топлива, ионные двигатели давали очень малую тягу. Симбиозом этих двух двигателей стал диффузный двигатель. Принцип его действия основан на ионизации водорода с последующим раздельным ускорением протонов и электронов. За счет околосветовых скоростей истекания топлива двигатели обладают внушительной тягой. Топливом в данном случае служит водород, который легко добывается из верхних слоев атмосферы газовых гигантов.\n\nДорабатывается до Ионного двигателя'),
(7001, '<b>Малый шатл</b>\n\nСамый простой корабль, собрать который можно используя лишь ресурсы поверхности планеты. Корабль разрабатывался с целью максимально упростить колонизаторам первый выход в космос. Трюм корабля позволяет доставлять груз на орбиту и развивать торговлю с другими колониями. Корабль не защищен, не несет вооружения и приспособлен только для подъема на орбиту.'),
(7002, '<b>Средний шатл</b>\n\nСредний по вместимости шатл используется в основном для массовой доставки продуктов и ресурсов на орбиту. Очень выгоден для торговли на ранних этапах развития колонии. Учитывая, что антигравитационный двигатель не потребляет топливо, средний шатл заменяет флот из трех малых шатлов. Размер грузового отсека так же позволяет выводить на орбиту крупные конструкции, которые не входят в малый шатл.'),
(7003, '<b>Большой шатл</b>\n\nСамый грузоподъемный корабль из серии орбитальных шатлов. Используется только для доставки груза на орбиту. Не редко корабли объединяют во флот и для доставки большого количества груза на орбиту, где сборочный цех создает большие корабли. В отличии от других шатлов корпус покрыт простой броней, которая позволяет продержаться в бою некоторое время.'),
(7004, '<b>Разведчик</b>\n\nКорабль построен по принципу минимальной массы, поскольку радар установленный на корабле работает на гравитационных аномалиях пространства. Не смотря на мизерный грузовой отсек корабль способен перемещаться с огромными скоростями и обладает всеми тремя типами двигателей, что делает его очень удобным для перемещения игрока по мирным системам. Корабль способен засечь даже минимальную массу (равную своей) в любой точке звездной системы.\n\nДорабатывается до Разведчика-Д'),
(7007, '<b>Межпланетный шатл</b>\n\nРазрабатывая корабль для быстрых грузоперевозок в звездной системе ставилась цель с минимальными затратами получить максимально возможный по вместимости корабль. Большая часть используемых деталей применяется в шатле, отличительной особенностью является установленный межпланетный двигатель и термоядерный реактор. Этот корабль является настоящей рабочей лошадкой строителей и управленцев.'),
(9014, '<b>Межгалактический транспорт</b>\n\nКорабль обладает большой вместимостью грузовых отсеков, что позволяет перевозить множество устройств в трюме корабля. Основное предназначение корабля это транспортировка орбитальных конструкций. Не редко корабль используют в торговых операциях, однако корабль не обладает собственным вооружением, поэтому торговцы часто объединяют во флот несколько военных кораблей. Двигатели корабля потребляют среднее количество урана и водорода, при этом скорость корабля не высока. Большая часть энергии уходит на плавный разгон и плавное торможение. Ввиду большой массы корабль не маневренный.'),
(9015, '<b>Гиперактивный планетарный двигатель</b>\n\nВо время экспериментов с сильными магнитными и гравитационными полями ученые обнаружили свойство пространства скачкообразно менять размерность, сначала удалось реализовать пятимерное пространство, а затем и большее количество измерений. Изменения в пространстве сохраняются некоторое время, и тесты показали, что с увеличением размерности пространства увеличивается максимальная скорость с которой может перемещаться масса. При достижении семимерного пространства скорость стала неограниченной, и рост массы при ускорении не наблюдался вовсе. Это позволило создать гиперактивный двигатель, в основе которого лежит принцип резкого изменения пространства с последующим перемещением с неограниченной скоростью. При выходе в обычное пространство корабль должен находиться в состоянии покоя. Это позволило увеличить расстояния перемещения кораблей.\n\nДорабатывается до Межгалактического двигателя'),
(9016, '<b>Кабина транспортного корабля</b>\n\nКабина представляет собой симбиоз рубки управления и удобного спального места. Перелеты транспортного корабля это длительная процедура, иногда корабль находится неделями в дальних перелетах. В кабинах транспортных кораблей легко помещается до пяти человек, что делает дальние перелеты менее скучными. Профессиональные торговцы благоустраивают кабину настолько, что жить в ней им приятней, чем находиться на станции или на планете. Уровень защищенности кабины от космических лучей и радиации очень велик и позволяет комфортно себя чувствовать даже вблизи белых карликов.'),
(9017, '<b>Корпус среднего транспорта</b>\n\nКорпус представляет собой основную часть корабля, к которой крепятся все внутренние модули и блоки. Корпуса стандартизированы для удобства быстрой автоматической стыковки, а так же для погрузки и разгрузки товара.'),
(9018, '<b>Магнитнорезонансный щит</b>\n\nЩит, используемый на кораблях малого и среднего класса. Технологически представляет собой большое количество сбалансированных электромагнитов на сверхпроводниках. Позволяет отклонять или гасить скорость любой массы направленной на корабль благодаря локальному искажению магнитных полей. Щит не обладает инерцией, что позволяет отключать его на момент выстрела. Щит малопригоден для наземных построек из-за низкотемпературных сверхпроводников.'),
(9019, '<b>Топливно-грузовой отсек</b>\n\nОтсек представляет собой конструкцию из емкостей и помещений для хранения. Уровень прочности отсека позволяет транспортировать различные вещества без опасности их разрушения и порчи. Топливные приемника подключаются непосредственно к отсеку, что позволяет производить загрузку топлива в двигатели по мере надобности. Водород загружается в виде жидкости находящейся в камере переменного объема. Уран загружается как мелкодисперсная пыль урана и углерода, для начала ядерной реакции смесь разогревают до 12000 градусов и подвергают давлению, что вызывает формирование углеродной кристаллической решетки, силами которой начинается цепная ядерная реакция медленного горения.\n\nВместимость отсека: 5000'),
(9025, '<b>Истребитель</b>\n\nМалый истребитель обладает уникальным набором двигателей, что позволяет ему проявлять себя в качестве разведчика. На корабле установлен антигравитационный, межпланетный и гипер двигатель. Корабль способен нести вооружение и перемещаться в удаленные области вселенной. Однако из-за малой огневой мощи для завоевания одиночный корабль мало подходит. При объединении кораблей во флот происходит очень большой перерасход топлива на перемещения.\n\nДорабатывается до Истребителя-С'),
(9026, '<b>Корпус истребителя</b>\n\nБлагодаря двум сложным сплавам, один из которых обладает эффектом памяти, истребитель отлично ведет себя как в космосе, так и в атмосфере планеты. Весь корпус представляет собой подвижную скорлупу, которая принимает наиболее оптимальную форму в зависимости от температуры и условий окружающей среды. При попадании теплового излучения на корпус корабля корпус утолщается, передавая энергию на внутренние радиаторы.\nКорпус, не смотря на малый вес, обладает поистине фантастической устойчивостью, что позволяло неоднократно сохранить жизнь пилота.'),
(9027, '<b>Лазерная турель</b>\n\nЭто универсальное оружие, которое действует и в космическом пространстве и в атмосфере. Нанося малый урон, оружие отличается абсолютной меткостью на малых расстояниях. Данный тип вооружения очень легок и устанавливается на корабли любого типа. Из-за своих характеристик оружие часто применяется во время боев в атмосфере планеты.\nВпервые оружие было установлено на большой шатл, но из-за большой потребляемой мощности шатл при испытаниях был утерян. В настоящее время местонахождение шатла неизвестно. Все последующие типы лазеров устанавливаются только на кораблях с дублируемой системой питания.\n\nДорабатывается до Лазерного модуля'),
(9028, '<b>Кабина истребителя</b>\n\nКонструкция помимо кабины включает в себя простой боевой компьютер, который обеспечивает наведение турелей на цель. Радар корабля может применяться как в космосе, так и на поверхности планеты. За основу взята кабина среднего шатла, но из-за огромного количества военного оборудования кабина достаточно тесная и дальние перелеты в корабле событие малоприятное.'),
(9036, '<b>Квантовый модуль</b>\n\nИспользуя перегретую плазму из ионизированного водорода, а так же ускоритель на фотонной индукции атакует флот подлетающих кораблей волной из частиц. Общая энергия попадающая на корабль сравнима с многотонной нагрузкой. Прежде всего это приводит к истощению защиты кораблей, а затем разрушает конструкцию приводя к запредельным нагрузкам все устройства корабля.\n\nРазрабатывается из Квантовой турели'),
(9037, '<b>Лазерный модуль</b>\n\nИспользуется на больших орбитальных станциях и крупных кораблях уничтожителях. Модуль потребляет огромное количество энергии, которой хватает всего на несколько выстрелов. Из-за постоянного перегрева модуль можно использовать только в открытом космосе. В модуле используется импульсный лазер, который можно в последующем улучшить.\n\nРазрабатывается из Лазерной турели'),
(9038, '<b>Орбитальная платформа</b>\n\nПредставляет собой скелет из гигантских ферм. Платформа снабжена рычагами, магнитными двигателями поворота и импульсными двигателями коррекции орбиты. Платформа используется для орбитального базирования военных спутников. Основная запасная часть для сборки орбитального орудийного спутника.'),
(9039, '<b>Орбитальные наноботы</b>\n\nМелкие роботы размером в несколько десятков и сотен атомов. Используются в безвоздушном пространстве, так как имеют способность к свариванию любых поверхностей. Каждый нанобот снабжен собственным ионным двигателем, обладает малым термоядерным реактором и способен как к самостоятельным, так и к групповым действиям. Наноботы используются для точной подгонки устройств, для улучшения характеристик и другой работы в открытом космосе. Устройства не долговечны и не имеют возможности к саморепликации, что позволяет использовать их даже на вражеской территории без опасности попадания технологии в руки врага.'),
(9040, '<b>Орбитальный реактор</b>\n\nУстройство, производящее энергию получая ее из реакции аннигиляции. Однократной заправки устройства при производстве достаточно для работы в течении двух тысяч лет, что позволяет использовать устройства на удаленных военных станциях не переживая за энергоснабжение.\n\nМощность реактора: 150 ГВт'),
(9041, '<b>Плазменный модуль</b>\n\nИспользуется на орбитальных станциях, а также в крупных кораблях. Производит однократный выстрел за залп, каждый выстрел несет в себе разрушительную мощь. Плазма представляет собой поток перегретых газов, в которых течет постоянный ток по сверхпроводящей оболочке, генерирует собственное магнитное поле и удерживает плазму в замкнутом пространстве. При соприкосновении с объектом плазма передает всю содержащуюся в ней энергию объекту. Щит или электромагнитные ловушки снижают свою эффективность, любое вещество моментально испаряется.\n\nРазрабатывается из Плазменной турели\n\nДорабатывается до Плазменного индуктора'),
(9048, '<b>Корвет</b>\n\nКорвет представляет собой среднее звено военной техники. Объединенные во флот корабли способны поражать цели в любой точки галактики. Не редко данный тип кораблей используют для захвата планет. Грузовой отсек корабля не предназначен для транспортировки большого количества грузов, однако способен перевозить чертежи и макеты в неограниченных количествах.'),
(9049, '<b>Аккумулятор плазмы</b>\n\nУстройство для накопления и поддержания высокой энергии в плазме. Используется в Плазменных реакторах, турелях, орудийных установках. Устанавливается на космические корабли ввиду невозможности генерации нужного количества плазмы в момент выстрела. Плазма генерируется в любое свободное время, однако в момент выстрела магнитные ловушки "отпускают" поток в заданном направлении. Устройство представляет собой четко сбалансированный магнитный щит вокруг накопительной камеры. Для поддержания сильного магнитного поля используются постоянные магниты с корректирующими переменными катушками.\n\nПобочный эффект используется в плазменных реакторах, камера накопления плазмы обладает сильным статическим зарядом, который используется для ионных двигателей.'),
(9050, '<b>Корпус корвета</b>\n\nКорпус корвета представляет собой составную чешуйчатую конструкцию выполненную из Титана легированного Неодимом. В каждом кристалле корпуса выстраивается собственная структура благодаря добавлению золота и молибдена на уровне отдельных атомов, что позволяет получить разные по упругости части конструкции. Корпус способен противостоять любым метеоритам, а так же отразить несколько выстрелов стандартного лазерного орудия. Обладая столь большой прочностью корпус не способен противостоять эрозии поверхности, поэтому для внешнего покрытия используется углеродистое волокно.'),
(9051, '<b>Нанозащитное покрытие</b>\n\nПокрытие представляет собой сплошной лист тонкого, но прочного материала. Основная составляющая покрытия углеродные кластеры и мономолекулярные цепочки. Атомарное легирование материала позволяет создавать искусственные центры напряжения, что делает материал очень эластичным. Покрытие очень устойчиво к жестким видам излучения, хорошо противостоит активным средам и способно испытывать большие температурные перегрузки. Предел прочности покрытия на разрыв до сих пор не выяснен до конца, поскольку оно прочнее любой металлической детали которые неизбежно использовались для испытаний.\n\nПокрытие обладает очень слабым поперечным сопротивлением, что позволяет выполнять выкройку любой формы. Для склеивания нет необходимости использовать сторонние реагенты, поскольку края разрезанного покрытия обладают свойством регенерации и сращиваются самостоятельно.'),
(9052, '<b>Плазменная турель</b>\n\nИспользуется на космических кораблях среднего калибра. Турель представляет собой устройство дульной наводки сгустка перегретой плазмы на цель. Плазма обладает колоссальной энергией, что позволяет наносить большой урон за выстрел. Учитывая относительно малую скорость перемещения плазмы в пространстве как правило устанавливают несколько независимых турелей. Турель не является орудием как таковым, выполняя лишь функции наведения и производство выстрела. Для полноценного орудия необходим как минимум один аккумулятор плазмы. Количество выстрелов за один залп зависит от количества аккумуляторов.\n\nДорабатывается до Плазменного модуля'),
(9060, '<b>Капитанский мостик</b>\n\nГлавная рубка средних и больших кораблей. С капитанского мостика осуществляется управление всем кораблем и командование боем. Несмотря на очень дорогое оформление драгоценными металлами, функциональность в дизайне стоит на первом месте. Внешняя защита позволяет выдержать радиоактивный фон любого космического боя.'),
(9061, '<b>Каюта экипажа</b>\n\nКаюта представляет собой помещение со всем необходимым для продолжительных космических перелетов. В каждой каюте может комфортно расположится до 3 человек. Полностью замкнутый внутренний цикл позволяет с одинаковой легкостью осуществлять конвоирование преступников или проживание высокопоставленных особ. Каюта обладает собственной защитой от радиации и системой жизнеобеспечения.'),
(9062, '<b>Корпус линкора</b>\n\nЛинкор относится к классу средних кораблей и обладает внушительной массой, ввиду чего не может приземляться на планеты, а также наносить удары по наземным постройкам. Корпус состоит из сложных молекулярных сплавов, которые способны выдерживать многотонные инерционные нагрузки. Поскольку Линкор не обладает антигравитационными двигателями, корпус подвержен эрозии в атмосфере, однако практически вечен в безвоздушном пространстве.'),
(9063, '<b>Межгалактический двигатель</b>\n\nДвигатель способен открывать проход в так называемое гиперпространство. С математической точки зрения корабль переводится в многомерное пространство, тем самым переводя скоростные ограничения специальной теории относительности в дополнительные три измерения, сняв ограничение на ускорение и скорость, корабль начинает постоянный разгон, а затем постоянное торможение. Побочным эффектом является отсутствие инерции и как следствие малые затраты на ускорение. Для работы двигателя требуется большое количество энергии, которая вырабатывается во время управляемого ядерного взрыва.\n\nРазрабатывается из Гиперактивного планетарного двигателя'),
(9064, '<b>Средний термоядерный реактор</b>\n\nРеактор производит большое количество энергии сравнимое с четырьмя малыми термоядерными реакторами, по сути, реактор представляет собой два малых термоядерных реактора объединенных в одном корпусе. Объединение позволило увеличить скорость набора мощности при том же расходе топлива. Во время активного набора мощности первый реактор является термоядерным нагнетателем энергии и вещества для второго реактора. Во втором реакторе реакция синтеза происходит уже между продуктами первого реактора. Загрузка реакторов топливом производится один раз во время изготовления, далее реактор способен проработать несколько тысяч лет (точный срок службы пока экспериментально не доказан).\n\nРазрабатывается из Малого термоядерного реактора\n\nДорабатывается до Большого термоядерного реактора\n\nМощность реактора: 150 ГВт'),
(9066, '<b>Линкор</b>\n\nЛинкор относится к среднему звену военных кораблей. Это сильно защищенный корабль, обладающий большой мощью, что позволяет уничтожать врага еще до того, как он произведет выстрел. Линкор хорошо справляется как с малыми, так и с большими целями, однако не способен самостоятельно нападать на планеты. Грузовой отсек корабля не предназначен для транспортировки большого количества грузов, однако способен перевозить чертежи и макеты в неограниченных количествах. Скорость Линкора в реальном пространстве сравнима со скоростью корвета, однако в гиперпространстве Линкор потребляет большое количество урана и медленно перемещается.\n\nДорабатывается до Линкора-М'),
(9070, '<b>Фрегат</b>\n\nФрегат относится к среднему звену военных кораблей. Имея достаточно большую защиту способен долго простоять на поле боя, однако слабое вооружение не дает возможности атаковать крупные объекты. Фрегат наиболее эффективен против малых кораблей. Грузовой отсек корабля не предназначен для транспортировки большого количества грузов, однако способен перевозить чертежи и макеты в неограниченных количествах. Скорость Фрегата в реальном пространстве сравнима со скоростью Корвета, однако в гиперпространстве фрегат потребляет большое количество урана и медленно перемещается.'),
(9071, '<b>Корпус фрегата</b>\n\nФрегат относится к классу средних кораблей и обладает внушительной массой, ввиду чего не может приземляться на планеты, а так же наносить удары по наземным постройкам. Корпус состоит из сложных молекулярных сплавов, которые способны выдерживать многотонные инерционные нагрузки. Поскольку Фрегат не обладает антигравитационными двигателями, корпус подвержен эрозии в атмосфере, однако практически вечен в безвоздушном пространстве.'),
(9074, '<b>Линкор - модифицированный</b>\n\nЛинкор относится к среднему звену военных кораблей. Это сильно защищенный корабль, обладающий большой мощью, что позволяет уничтожать врага еще до того, как он произведет выстрел. Линкор хорошо справляется как с малыми, так и с большими целями, однако не способен самостоятельно нападать на планеты. Грузовой отсек корабля не предназначен для транспортировки большого количества грузов, однако способен перевозить чертежи и макеты в неограниченных количествах. Скорость Линкора в реальном пространстве сравнима со скоростью корвета, однако в гиперпространстве Линкор потребляет большое количество урана и медленно перемещается.\n\nВ отличии от базового Линкора на данном типе кораблей установлено всего одно орудие, но реализован синхронный выстрел плазмы, таким образом сила залпа поднялась почти вдвое, однако количество поражаемых целей сократилось до одной.\n\nРазрабатывается из Линкора\n\nДорабатывается до Линкора-Т');

INSERT INTO `enciclopedia` (`object_id`, `desc`) VALUES
(9076, '<b>Квантовая турель</b>\n\nИспользуя перегретую плазму из ионизированного водорода, а так же ускоритель на фотонной индукции турель производит выстрел по всем противникам за один залп. Общая энергия, попадающая на корабль, сравнима с многотонной нагрузкой. Прежде всего это приводит к истощению защиты кораблей, а затем разрушает конструкцию приводя к запредельным нагрузкам все устройства корабля. Чтобы не поражать союзников по шифрованному каналу связи передается точный момент залпа, что позволяет синхронизировать защиту корабля с производимым выстрелом.\n\nДорабатывается до Квантового модуля'),
(9079, '<b>Линкор - тяжелый</b>\n\nЛинкор относится к среднему звену военных кораблей. Это сильно защищенный корабль, обладающий большой мощью, что позволяет уничтожать врага еще до того, как он произведет выстрел. Линкор хорошо справляется как с малыми, так и с большими целями, однако не способен самостоятельно нападать на планеты. Грузовой отсек корабля не предназначен для транспортировки большого количества грузов, однако способен перевозить чертежи и макеты в неограниченных количествах. Скорость Линкора в реальном пространстве сравнима со скоростью корвета, однако в гиперпространстве Линкор потребляет большое количество урана и медленно перемещается.\n\nВ отличии от базового Линкора на данном типе кораблей установлено всего одно орудие квантовой генерации частиц. Линкор приобрел большую массу, разработчикам пришлось отказаться от второго грузового отсека. Орудие линкора поражает все цели в радиусе за один залп. Не смотря на малую мощность поражения, суммарный выстрел может превзойти любой точечный вид оружия.\n\nРазрабатывается из Линкора-М'),
(9082, '<b>Бомбардировщик</b>\n\nБомбардировщик относится к типу тяжелых кораблей. Обладая очень большой огневой мощью он не способен самостоятельно перемещаться в галактике, поскольку  грузовой отсек не способен вместить достаточное количество топлива. Таким образом, бомбардировщик полезен только в составе флота. Количество орудий и способность приземляться на планете позволяют завоевывать планеты даже с очень слабым навыком бомбометания. Скорость перемещения корабля очень низкая из-за чего весь флот перемещается очень медленно.'),
(9084, '<b>Бомбовой отсек</b>\n\nОтсек используется на специальном типе кораблей. Отсек позволяет производить как точечную, так и ковровую бомбардировку планет. В космическом бою оружие малопригодно из-за малой скорости перемещения, а так же из-за малого количество энергии отдельного выстрела. Суммарный уровень атаки средний.\n\nРазрабатывается из Большого грузового отсека\n\nВместимость отсека: 8000'),
(9085, '<b>Упаковка кислорода</b>\n\nГазы не обладают большой плотностью, однако есть возможность создавать устойчивые искусственные структуры. Такие структуры сначала ошибочно были приняты за кристаллы, однако при нагревании газ легко выделяется из структуры. Малая скорость выделения газа единственное, что помешало использовать кристаллы в качестве топлива для кораблей. Однако перевозка газа в основном осуществляется в упакованном виде.'),
(9087, '<b>Упаковка водорода</b>\n\nГазы не обладают большой плотностью, однако есть возможность создавать устойчивые искусственные структуры. Такие структуры сначала ошибочно были приняты за кристаллы, однако при нагревании газ легко выделяется из структуры. Малая скорость выделения газа единственное, что помешало использовать кристаллы в качестве топлива для кораблей. Однако перевозка газа в основном осуществляется в упакованном виде.'),
(9089, '<b>Упаковка азота</b>\n\nГазы не обладают большой плотностью, однако есть возможность создавать устойчивые искусственные структуры. Такие структуры сначала ошибочно были приняты за кристаллы, однако при нагревании газ легко выделяется из структуры. Малая скорость выделения газа единственное, что помешало использовать кристаллы в качестве топлива для кораблей. Однако перевозка газа в основном осуществляется в упакованном виде.'),
(9090, '<b>Упаковка хлора</b>\n\nГазы не обладают большой плотностью, однако есть возможность создавать устойчивые искусственные структуры. Такие структуры сначала ошибочно были приняты за кристаллы, однако при нагревании газ легко выделяется из структуры. Малая скорость выделения газа единственное, что помешало использовать кристаллы в качестве топлива для кораблей. Однако перевозка газа в основном осуществляется в упакованном виде.'),
(9097, '<b>Корпус разведчика</b>\n\nНаиболее сложная деталь корабля. Корпус представляет собой очень не прочную скорлупу, которая обладает уникальной способностью пропускать через себя гравитационные волны без искажений.'),
(9098, '<b>Радар</b>\n\nУстройство позволяет сканировать пространство всеми доступными способами. Для большей скорости сканирования применяется гравитационный метод определения смещения масс. Из картины гравитационных волн исключаются все относительно статичные объекты, а так же известные планеты, спутники и метеориты. Оставшиеся объекты представляют собой как правило корабли. Картина, полученная с помощью радара, отображает все корабли, присутствующие в звездной системе.\n\nДля работы радару необходимо находится на некотором удалении от больших масс, поэтому он не работает на планетах и орбитах планет.'),
(9101, '<b>Уничтожитель</b>\n\nУничтожитель относится к звену больших военных кораблей. Это сильно защищенный корабль, обладающий колоссальной мощью главного калибра. Корабль способен одним залпом уничтожить орбитальную конструкцию. Защита корабля позволяет долгое время оставаться в бою. Уничтожитель наиболее эффективен против средних и больших кораблей и орбитальных конструкций. Грузовой отсек способен вмещать в себя целый флот малых кораблей и значительные запасы топлива. Скорость Уничтожителя средняя между бомбардировщиком и линкором.'),
(9103, '<b>Фотонный двигатель</b>\n\nЭнергетически независимый модуль производящий огромное количество кинетической энергии. Двигатель основан на принципе максимального использования массы. Термоядерные реакторы входящие в комплект двигателя используются для получения антивещества, вырываясь из магнитной ловушки антивещество истекает в фокус зеркала из нанозащитного покрытия, после аннигиляции полученная энергия разгоняет корабль.'),
(9105, '<b>Плазменный индуктор</b>\n\nНезависимый блок выработки и концентрации плазмы, полностью самостоятельный модуль, не требующий энергии или управления. Плазма генерируется всегда с момента запуска корабля, в случае необходимости ловушки просто выпускают накопленную плазму в заданном направлении и продолжают процесс накопления. Максимально возможная энергия импульса варьируется в зависимости от орудия испускания.\n\nРазрабатывается из Плазменного модуля\n\nДорабатывается до Плазмотрона'),
(9107, '<b>Несущая конструкция</b>\n\nПо своей сути скелет корабля. Состоит из набора стандартизированных балок и перекрытий, что позволяет использовать одну и ту же несущую конструкцию в разных кораблях. Все оборудование корабля крепится непосредственно к несущей конструкции, что обеспечивает большую надежность в сравнении с корпусным расположением оборудования. Сплавы материалов изготавливаются непосредственно в космосе, что позволяет строить огромные корабли на орбитальных базах. При проектировании крупных кораблей, следует учитывать, что несущая конструкция имеет малую поперечную прочность и мало пригодна для кораблей планетарного базирования.'),
(9109, '<b>Нос уничтожителя</b>\n\nНосовая часть уничтожителя, прежде всего это главный калибр. Вдоль всего носа корабля расположено дуло плазмотрона. Все оборудование прицеливания и производства выстрела находится в носовой части корабля. Поскольку на момент выстрела щит отключается, носовая часть представляет собой очень прочный слой брони.'),
(9111, '<b>Корма уничтожителя</b>\n\nВ кормовой части корабля расположены все каюты экипажа, поэтому эта часть корабля максимально защищена от всех видов вредного излучения. Так же тут находится кают компания и различные информационные залы. Корма крепится непосредственно на несущую конструкцию. В корме так же находятся теплоотводы от фотонного двигателя.'),
(9113, '<b>Гравитационный щит</b>\n\nНезависимый модуль защиты крупных объектов. Изначально разрабатывался как планетарный щит орбитального базирования, однако из-за большого потребления энергии не удалось использовать даже на малых лунах. В настоящее время встречается очень редко, в основном на очень больших кораблях. Принцип действия основан на изменении течения времени в гравитационном поле, вокруг объекта создается несколько виртуальных поверхностей с различной гравитацией, что превращает поверхность гравитационного пузыря в линзу, таким образом, выстрелы направленные в корабль по касательной огибают его или отражаются, а выстрелы произведенные под прямым углом равномерно рассеиваются по всему корпусу корабля не причиняя ущерба. Щит обладает огромной инерцией отключения из-за малого угла рассеивания гравитационного поля, поэтому устанавливать подобный щит на скорострельные корабли не имеет смысла.'),
(9115, '<b>Потоковый плазмотрона</b>\n\nПредставляет собой плазменную турель, увеличенную почти в четыре раза. Орудие является главным калибром на уничтожителе. Позволяет пропускать энергию до 8000 единиц. Во время выстрела турель испытывает большие термические нагрузки из-за чего невозможно произведение нескольких выстрелов из одной турели. Исторически зарегистрирован случай установки пиратами турели на транспортный корабль, в итоге корабль, потеряв всяческую маневренность и не обладая защитой, был способен перемещаться только в составе флота и наносить сокрушительный выстрел. Однако из-за отсутствия брони являлся одноразовым кораблем.\n\nРазрабатывается из Плазменного индуктора'),
(9117, '<b>Большой термоядерный реактор</b>\n\nРеактор производит большое количество энергии. Объем сгорания вещества сравним с четырьмя средними термоядерными реакторами, при этом количество полезной энергии в десятки раз больше. Загрузка реакторов топливом производится один раз во время изготовления, далее реактор способен проработать несколько тысяч лет (точный срок службы пока экспериментально не доказан).\n\nРазрабатывается из Среднего термоядерного реактора\n\nМощность реактора: 300 ГВт'),
(9118, '<b>Модуль удаленного управления</b>\n\nПриемно-передающий модуль работает на гравитационных волнах и способен моментально передавать информацию на неограниченное расстояние. Используется для управления планетами и орбитами. Модуль устанавливается на корабль который используется в качестве ресивера для гравитационных и радиоволн. Модуль способен работать на любой планете, однако искусственно внесено ограничение на планеты с капсулой, где модуль не работоспособен.'),
(9119, '<b>Модуль удаленного управления</b>\n\nПриемно-передающий модуль работает на гравитационных волнах и способен моментально передавать информацию на неограниченное расстояние. Используется для управления планетами и орбитами. Модуль устанавливается на корабль, который используется в качестве ресивера для гравитационных и радиоволн. Модуль способен работать на любой планете, однако искусственно внесено ограничение на планеты с капсулой, где модуль не работоспособен.'),
(9121, '<b>Корпус корабля удаленного управления</b>\n\nВ качестве корпуса используется несколько слоев брони, поскольку самая важная часть корабля находится внутри корпуса.'),
(9122, '<b>Корабль удаленного управления</b>\n\nКорабль используется для удаленного управления планетами и орбитами. Принцип действия модуля не раскрывается, однако допускается ограниченное использование подобных кораблей. Уровень защищенности корабля максимален. Учитывая ценность модуля удаленного управления, как правило, корабль сопровождает достаточно большой флот, обеспечивая безопасность на всем этапе перемещения.'),
(9302, 'По своей сути представляет дополнительный порт для подключения обучающих устройств. Имплантант удалось изготовить после того, как нейрохирурги нашли возможность изменять потоки сигналов в головном мозге. По сути этот имплантант это искусственное введение человека в состояние контролируемой шизофрении с раздвоением личности. После обучения личности складываются. Отрицательных побочных эффектов не выявлено. Условно положительный побочный эффект это ускорение изучения навыков.\n\nПозволяет изучать еще один навык параллельно\nСкорость изучения навыков увеличивается на 5%25'),
(9303, 'Имплантант.\n\nПо своей сути представляет дополнительный порт для подключения обучающих устройств. Имплантант удалось изготовить после того, как нейрохирурги нашли возможность изменять потоки сигналов в головном мозге. По сути этот имплантант это искусственное введение человека в состояние контролируемой шизофрении с раздвоением личности. После обучения личности складываются. Отрицательных побочных эффектов не выявлено. Условно положительный побочный эффект это ускорение изучения навыков.\n\nПозволяет изучать еще один навык параллельно\nСкорость изучения навыков увеличивается на 5%25\n\nЧто бы установить имплантант, необходимо что бы он находился в одной точке с вашим персонажем. На одной станции, на одной планете или в одном корабле. После этого через меню обучение станет доступна установка имплантанта.\n\nУстанавливать можно только 1 такой имплантант.\n\n<font color="#FF0000">При смерти персонажа капсула восстанавливает новое тело без имплантантов.</font>'),
(9124, '<b>Корабль удаленного управления</b>\n\nКорабль используется для удаленного управления планетами и орбитами. Принцип действия модуля не раскрывается, однако допускается ограниченное использование подобных кораблей. Уровень защищенности корабля максимален. Корабль способен перемещаться только в составе флота, потому что отсутствует грузовой отсек. Учитывая ценность модуля удаленного управления, как правило, корабль сопровождает достаточно большой флот, обеспечивая безопасность на всем этапе перемещения.'),
(9129, '<b>Истребитель - модифицированный</b>\n\nИстребитель обладает полным набором двигателей, что позволяет ему проявлять себя в качестве разведчика. На корабле установлен антигравитационный, межпланетный и гипер двигатель. Корабль способен нести вооружение и перемещаться в удаленные области вселенной. В отличии от первой модели установлено дополнительно 2 турели, однако пришлось пожертвовать размером грузового отсека.\n\nРазрабатывается из Истребителя\n\nДорабатывается до Истребителя-Т'),
(9130, '<b>Истребитель - тяжелый</b>\n\nТретье поколение истребителей разрабатывалось по запросам, поступающим от армейского командования. В первую очередь была увеличена огневая мощь. Лазерные турели заменили плазменной установкой. Полностью переработан механизм защиты. Грузовой отсек вообще исключили, так как истребители вне флота не представляют ценности. В результате получился достаточно прочный и сильный вид кораблей отлично подходящий для сопровождения крупных флотов.\n\nРазрабатывается из Истребителя-М'),
(9132, '<b>Ионный двигатель</b>\n\nПринцип действия ионного двигателя был давно известен и использовался на малых спутниках для корректировки орбиты. Данный тип двигателей обладает не очень большими характеристиками разгона и не может использоваться на кораблях, которым необходима скорость и маневренность, однако двигатель не потребляет топливо во время работы, что позволяет использовать его неограниченное время.\n\nРазрабатывается из Диффузного двигателя'),
(9133, '<b>Разведчик дальний</b>\n\nКорабль построен по принципу минимальной массы, поскольку радар установленный на корабле работает на гравитационных аномалиях пространства. Не смотря на мизерный грузовой отсек корабль способен перемещаться на большие расстояния и обладает всеми тремя типами двигателей. Корабль способен засечь даже минимальную массу (равную своей) в любой точке звездной системы. В отличии от простого радарного корабля в дальнем корабле снижено потребление урана вдвое, а благодаря новому ионному двигателю потребление водорода нет совсем, однако скорость перемещения в реальном пространстве упала в 100 раз.\n\nРазрабатывается из Разведчика'),
(9138, '<b>Штурмовик</b>\n\nКорабль используется в основном как патрульный катер. Обладая колоссальной защитной броней и малым потреблением топлива корабль способен долгое время находиться в патруле, охраняя реальные пространства. Неоднократно было замечено, что штурмовики использовались при нападении на удаленные системы, однако корабль авианосец способный перевезти груз такой массы, точно не установлен. В отличии от патрульного катера на корабле не установлен радар, поскольку во время боевых испытаний было выявлено, что противник легко находит корабли с установленными активными радарами. Для нормальной работы используется отдельный радарный корабль в режиме пассивного сканирования.'),
(9139, '<b>Корпус штурмовика</b>\n\nКорпус обладает способностью противостоять достаточно большим нагрузкам. По сути своей корабль планировался как танк, способный не очень быстро передвигаться в реальном пространстве. Из-за большого количества слоев брони корабль практически не снижает скорости при входе в атмосферу, что создает красивый эффект посадки в виде огненного болида.'),
(9143, '<b>Тритий</b>\nРедкий химический элемент, содержится в малых количествах в <u><a href=''page.php?id=6%26itm=Тритит К''>Трититах</a></u> добывается из них путем переработки. Необходим для модуля гиперперехвата.'),
(9144, '<b>Трититы</b>\n\nДолгое время неизвестная науке раса, представляющая собой неорганическую форму жизни. На сегодняшний день это единственные обитатели открытого космоса. Трититы способны перехватывать корабли выходящие из гиперпространства. Питаются Трититы радиацией выделяемой звездами и особенно взрывами сверхновых. Долгое время нападения на мирные корабли оставались необъяснимыми, однако после захвата в плен первого Тритита стало понятно, что именно радиация внутреннего реактора привлекает Трититов. Поскольку существа не обладают разумом и по уровню развития ближе к одноклеточным их присутствие в обитаемых мирах крайне нежелательно, а природа их поведения приравнивается к паразитирующей. Уничтожение или захват Трититов поощряется Конфедерацией. После захвата есть возможность добыть Тритий, который используется в устройстве гиперперехвата.\n\nДанный вид Трититов является самым слабым представителем расы, однако даже он способен уничтожить перехваченный транспортный корабль.\n'),
(9147, '<b>Трититы С</b>\n\nДолгое время неизвестная науке раса, представляющая собой неорганическую форму жизни. На сегодняшний день это единственные обитатели открытого космоса. Трититы способны перехватывать корабли выходящие из гиперпространства. Питаются Трититы радиацией выделяемой звездами и особенно взрывами сверхновых. Долгое время нападения на мирные корабли оставались необъяснимыми, однако после захвата в плен первого Тритита стало понятно, что именно радиация внутреннего реактора привлекает Трититов. Поскольку существа не обладают разумом и по уровню развития ближе к одноклеточным их присутствие в обитаемых мирах крайне нежелательно, а природа их поведения приравнивается к паразитирующей. Уничтожение или захват Трититов поощряется Конфедерацией. После захвата есть возможность добыть Тритий, который используется в устройстве гиперперехвата.\n\nДанный вид Трититов является средним по силе представителем расы, однако даже он способен уничтожить перехваченный транспортный корабль.\n'),
(9150, '<b>Трититы Т</b>\n\nДолгое время неизвестная науке раса, представляющая собой неорганическую форму жизни. На сегодняшний день это единственные обитатели открытого космоса. Трититы способны перехватывать корабли выходящие из гиперпространства. Питаются Трититы радиацией выделяемой звездами и особенно взрывами сверхновых. Долгое время нападения на мирные корабли оставались необъяснимыми, однако после захвата в плен первого Тритита стало понятно, что именно радиация внутреннего реактора привлекает Трититов. Поскольку существа не обладают разумом и по уровню развития ближе к одноклеточным их присутствие в обитаемых мирах крайне нежелательно, а природа их поведения приравнивается к паразитирующей. Уничтожение или захват Трититов поощряется Конфедерацией. После захвата есть возможность добыть Тритий, который используется в устройстве гиперперехвата.\n\nДанный вид Трититов является самым сильным представителем расы, он способен уничтожить перехваченный транспортный корабль.\n'),
(9152, '<b>Патрульный катер</b>\n\nПосле того, как в обитаемых мирах начали появляться Трититы, конфедерация решила снабжать колонистов простым, но надежным устройством по поиску и уничтожению противника. Катер способен самостоятельно проводить рейды, требуя малое количество топлива и обладая радаром.'),
(9153, '<b>Патрульный катер</b>\n\nПосле того, как в обитаемых мирах начали появляться Трититы конфедерация решила снабжать колонистов простым, но надежным устройством по поиску и уничтожению противника. Катер способен самостоятельно проводить рейды требуя малое количество топлива и обладая радаром.'),
(9155, '<b>Лазерная пушка</b>\n\nПростое в сборке и надежное в бою оружие было специально разработано для установки на патрульные катера. Поскольку катер представляет собой малый шатл, с установленным планетарным двигателем и укрепленной броней, при разработке учитывалось малое энергопотребление, и старались добиться наименьшей возможной массы. Из-за малых убойных качеств оружие устанавливается только на патрульные катера.'),
(9156, '<b>Модуль гиперперехвата</b>\n\nПосле появления Трититов их удалось отловить и исследовать. Ученые пришли к выводу, что именно тритий и улавливаемый ими дейтерий при определенных условиях изменяет пространственную картину так, что корабль, выходящий из многомерного пространства, оказывается в непосредственной близости от Тритита. Высказывались даже предположения, что Трититы разумны или когда-то существовали другие существа, способные перемещаться в гиперпространстве. Однако ученые разобрались в природе явлений и смогли смоделировать данное событие, так появился модуль гиперперехвата. В реальности модулем чаще всего пользуются пираты, однако согласно закону о свободной торговле конфедерация не вправе запрещать торговать каким бы то ни было устройством.'),
(9157, '<b>Модуль гиперперехвата</b>\n\nПосле появления Трититов их удалось отловить и исследовать. Ученые пришли к выводу, что именно тритий и улавливаемый ими дейтерий при определенных условиях изменяет пространственную картину так, что корабль, выходящий из многомерного пространства, оказывается в непосредственной близости от Тритита. Высказывались даже предположения, что Трититы разумны или когда-то существовали другие существа, способные перемещаться в гиперпространстве. Однако ученые разобрались в природе явлений и смогли смоделировать данное событие, так появился модуль гиперперехвата. В реальности модулем чаще всего пользуются пираты, однако согласно закону о свободной торговле конфедерация не вправе запрещать торговать каким бы то ни было устройством.'),
(9159, '<b>Гиперперехватчик</b>\n\nКорабль построен на базе фрегата, поскольку у этого корабля достаточно свободного места и прочный корпус. Гиперперехватчик можно использовать как обычный военный корабль, однако отличительной способностью корабля является способность перехватывать выходящие из гиперпространства корабли. Перехватывая корабль, пространство искажается таким образом, что все линии выхода в реальность ведут в одну точку пространства. Пилот, чей корабль был перехвачен, может заметить перехват по искаженной точки выхода в реальный космос, однако никак не может отменить это действие.'),
(9163, '<b>Авианосец</b>\n\nСамый грузоподъемный корабль в галактике. Используется, как правило, в торговых операциях для купли и продажи кораблей, а так же в военных операциях для экономии топлива при доставке войск. Авианосец имеет внешнюю палубу для складирования груза, поэтому вместимость товара значительно превышает его собственный вес. Не имея собственного вооружения, требует обязательного сопровождения при длительных перелетах.'),
(9165, '<b>Палуба авианосца</b>\n\nВнешний модуль для крепления кораблей и других грузов. Используется в авианосцах для значительного увеличения грузоподъемности корабля. Из-за своей внешней конструкции способна вмещать груз массой больше корабля.\n\nДорабатывается до Дока стыковки');

INSERT INTO `enciclopedia` (`object_id`, `desc`) VALUES
(9166, '<h3>Собрание ЧАсто задаваемых ВОпросов</h3>\n\n<b>Где посмотреть ресурсы</b>\nПланетарные постройки: Капсула, Электростанция, Склад\nОрбитальные постройки: Торговая станция, Орбитальное хранилище, Солнечная электростанция, Геологический спутник\nЗакладка "Использовать".\n\n<b>Можно ли атаковать родную планету?</b>\nРодная планета и родная орбита находится под охраной конфедерации эти объекты атаковать нельзя. Ограбить чужую торговую станцию тоже нельзя. Атаковать любой корабль на орбите зеленой планеты тоже нельзя.\n\n<b>Где взять кредиты</b>\nКредиты можно заработать, выполняя задания или занимаясь торговлей.\n\n<b>Где взять конфедераты</b>\nВ меню "персонаж" или в меню "торговля" - "конфедерация" есть ссылка на покупку конфедератов.\n\n<b>Что делать если кончился водород</b>\nЕсли вы не рассчитали топливо, улетели далеко от планет и теперь не можете вернуться, то вам необходим заправщик. Для этого возьмите любой свободный корабль, заправьте его водородом и летите к тому кораблю, в котором кончилось топливо. Когда корабли окажутся в одной точке, объедините их во флот. С этого момента будет расходоваться топливо из заправщика. Если у вас нет свободного корабля, можно купить в конфедерации, купленный у конфедерации корабль появится на вашей торговой станции.\n\n<b>Как заправить корабль</b>\nДля заправки корабля необходимо топливо. Для перемещений внутри системы это водород, для гиперперехода уран. Чтобы заправить корабль топливом с планеты необходимо, чтобы корабль находился на планете в расконсервированном виде. В закладке "Склад" корабль отображается слева вверху. Слева внизу будут все доступные места для перемещения (по умолчанию выбрана сама планета). Справа внизу выберите топливо (водород или уран) затем в среднее окно введите количество и нажмите "Переместить". Либо после выбора топлива можно сразу нажать "Переместить все" - тогда переместится максимально возможное количество.\n\n<b>Что я получу выполнив задания</b>\nВыполняя задания, вы увеличиваете статус в обществе, однако, отказавшись от задания или выполнив его неправильно вы уменьшаете свой статус. Отрицательный статус говорит о том, что вы не законопослушный гражданин галактики.\n\n<b>Флот</b>\nЧтобы объединить корабли во флот достаточно выделить несколько кораблей, находящихся в одном месте. Для этого можно воспользоваться клавишей CTRL или Shift. В списке приказов появится "Объединить во флот". Если приказа нет, значит, корабли находятся в разных местах.\n\n<b>Радар</b>\nЛюбой корабль, на котором установлен радар, может находить и отображать на карте системы чужие корабли. Для этого надо, чтобы корабль с радаром находился в свободной точке пространства (не на орбите планеты). После этого, при перемещении в системе будут видны ваши корабли (отмеченные зеленым цветом) и чужие корабли (отмеченные желтым цветом).\n\n<b>Корабль не хочет лететь</b>\nДля перемещения кораблю нужно топливо. Для полетов в обычном пространстве требуется водород, в гиперпространстве требуется уран. Каждый корабль потребляет разное количество топлива. Если при выборе точки перемещения количество подсвечивается зеленым - топлива хватит в оба конца, если желтым - топлива не хватит на обратную дорогу, если красным - топлива не хватит для перемещения.\n\n<b>Что означает цвет ника в чате</b>\nЦвет ника говорит о статусе игрока: белый - нейтральный статус, зеленый - положительный статус, красный - отрицательный статус. В случае отрицательного статуса рядом с ником присутствует сумма, которую конфедерация выплатит любому, кто атакует объекты этого игрока. Номинально такой игрок причисляется к пиратам.\n\n<b>Потерянные корабли</b>\nВ галактике есть потерянные корабли. В среднем каждые стандартные сутки теряется 4 корабля. Любой, кто найдет такой корабль, может присвоить его себе. Имя таких кораблей определяется вашим бортовым компьютером как Abandon. Причины потери корабля, как правило неизвестны, возможно это было нападение пиратов.\n\n<b>Захват корабля</b>\nВо время боя есть возможность захватить корабль противника, для этого необходимо быть пиратом (статус ниже нуля) или изучить навык Абордаж (как его изучить описано в конспекте "Обучение")\n\n<b>Как захватить Тритита</b>\nДля захвата необходимо изучить навык "Абордаж" или быть пиратом. После захвата Тритита его необходимо законсервировать, проще всего это сделать на своей торговой станции, тем более, что Трититы не потребляют топливо для перемещения. После консервации необходимо доставить Трититов на поверхность в трюме любого корабля. Затем используя нанодиспенсер необходимо разобрать Тритита и получить Тритий.'),
(9168, '<b>Истребитель странников</b>\n\nПервый такой корабль был обнаружен на поверхности одной из планет. С планеты эвакуировали все население, а корабль в срочном порядке окружили другими истребителями. После двухнедельного наблюдения к кораблю разрешили подойти ученым и инженерам. Во многом корабль схож с техникой которую производит человечество, было даже мнение, что это обычный истребитель который в далеком будущем вышел из гиперпространства на сверхсветовой скорости и его перенесло в прошлое. С большим трудом технологии поддавались объяснению, однако именно эта находка позволила науке конфедерации далеко продвинутся в плане космического кораблестроения. В настоящий момент Макеты и чертежи остаются частью секретной доктрины, однако находки таких кораблей уже никого не удивляют.'),
(9169, '<b>Истребитель странников</b>\n\nПервый такой корабль был обнаружен на поверхности одной из планет. С планеты эвакуировали все население, а корабль в срочном порядке окружили другими истребителями. После двухнедельного наблюдения к кораблю разрешили подойти ученым и инженерам. Во многом корабль схож с техникой которую производит человечество. Было даже мнение, что это обычный истребитель, который в далеком будущем вышел из гиперпространства на сверхсветовой скорости и его перенесло в прошлое. С большим трудом технологии поддавались объяснению, однако именно эта находка позволила науке конфедерации далеко продвинутся в плане космического кораблестроения. В настоящий момент макеты и чертежи остаются частью секретной доктрины, однако находки таких кораблей уже никого не удивляют.\n\nВвиду секретности данной технологии копирование макета запрещено.'),
(9173, '<b>Глюонный реактор</b>\n\nДанный тип реакторов способен вырабатывать энергию и совершенно другого уровня материи. По сути, энергия производится даже не из материи как таковой, а из структуры самого пространства, в котором находится материя. Длительные эксперименты пока не привели к результатам, реактор не удается сделать больших размеров, не получается получить больше энергии, однако для своей массы это пока лучший реактор который известен человечеству. Учитывая, что реактор был установлен на одном из первых найденных кораблей странников это далеко не пик их цивилизации.\n\nВвиду секретности данной технологии копирование чертежа запрещено.\n\nМощность реактора: 270 ГВт'),
(9174, '<b>Гипердвигатель странников</b>\n\nВо многом технологии странников превзошли существующие ныне образцы. Если бы не найденный однажды корабль с чертежами, ученым никогда не удалось бы создать такой же легкий и производительный двигатель. Не считая того, что принцип действия двигателя странников и всех существующих двигателей одинаковый, все остальное полностью отличается от технологий наших дней.\n\nВвиду секретности данной технологии копирование чертежа запрещено.'),
(9175, '<b>Планетарный двигатель странников</b>\n\nДвигатель, как и все известные двигатели, работает на принципе ускорения водорода, однако скорость исходящего потока в этом двигателе настолько оптимально подобрана, что ионы водорода, разгоняясь до около световой скорости, обладают намного большей массой, чем в обычном планетарном двигателе. Однако использование данных двигателей на гражданских кораблях строго запрещено ввиду сильного радиационного фона во время работы двигателя.\n\nВвиду секретности данной технологии копирование чертежа запрещено.'),
(9177, '<b>Охотник странников</b>\n\nВпервые корабль был обнаружен в открытом космосе в облаке трития, дейтерия и водорода. После исследования смеси газов ученые предположили, что произошел бой между Трититами и кораблем типа корвет, однако судя по анализу распада трития бой произошел около 15000 лет назад. Корпус корабля идентичен корпусу который используется в кораблях типа корвет, однако после разбора корабля выяснилось, что это совершенно иной тип корабля. Помимо усиленного вооружения были найдены уже известные ученым глюонный реактор и двигатели неизвестной цивилизации Странников. Корабль так же был снабжен радаром и видимо использовался Странниками как корабль-охотник. Ученые до сих пор бьются над вопросом произошел ли бой действительно так давно или в результате какого-то катаклизма обоих противников забросило в далекое прошлое.'),
(9178, '<b>Охотник странников</b>\n\nВпервые корабль был обнаружен в открытом космосе в облаке трития, дейтерия и водорода. После исследования смеси газов ученые предположили, что произошел бой между Трититами и кораблем типа корвет, однако судя по анализу распада трития, бой произошел около 15000 лет назад. Корпус корабля идентичен корпусу, который используется в кораблях типа корвет, однако после разбора корабля выяснилось, что это совершенно иной тип. Помимо усиленного вооружения были найдены уже известные ученым глюонный реактор и двигатели неизвестной цивилизации Странников. Корабль так же был снабжен радаром и видимо использовался Странниками как корабль-охотник. Ученые до сих пор бьются над вопросом, произошел ли бой действительно так давно или в результате какого-то катаклизма обоих противников забросило в далекое прошлое.'),
(9179, '<b>Авианосец странников</b>\n\nСамый грузоподъемный корабль в галактике. Используется, как правило, в торговых операциях для купли и продажи кораблей, а так же в военных операциях для экономии топлива при доставке войск. Авианосец имеет внешнюю палубу для складирования груза, поэтому вместимость товара значительно превышает его собственный вес. Не имея собственного вооружения, требует обязательного сопровождения при длительных перелетах. Странники разработали уникальную технологию синхронизации антигравитационных двигателей, которую до сих пор не удалось перенести на другой корабль. Таким образом это самый грузоподъемный корабль способный приземлится на поверхность планеты.'),
(9181, '<b>Авианосец странников</b>\n\nСамый грузоподъемный корабль в галактике. Используется, как правило, в торговых операциях для купли и продажи кораблей, а так же в военных операциях для экономии топлива при доставке войск. Авианосец имеет внешнюю палубу для складирования груза, поэтому вместимость товара значительно превышает его собственный вес. Не имея собственного вооружения, требует обязательного сопровождения при длительных перелетах. Странники разработали уникальную технологию синхронизации антигравитационных двигателей, которую до сих пор не удалось перенести на другой корабль. Таким образом это самый грузоподъемный корабль способный приземлится на поверхность планеты.'),
(9185, '<b>Антирадар</b>\n\nУстройство было изначально разработано странниками. Ученым конфедерации удалось скопировать некоторые принципы его работы, однако по мощности оно значительно уступает кораблям странников. Долгое время не удавалось найти корабли с данным устройством ввиду их большой скрытности. Принцип работы устройства очень прост, внутри магнитной ловушки синтезируется вещество обладающее отрицательной массой равной массе корабля (или флота) таким образом суммарная масса становится нулевой и искажение пространства, улавливаемое радаром, не наблюдается.'),
(9187, '<b>Корабль прикрытия</b>\n\nКорабль способен скрыть свое пребывание в системе. При объединении такого корабля в флот весь флот становится невидим для радара. Чем больше таких кораблей в флоте, тем больше вероятность стать невидимым. Если в системе есть 1 радарный корабль, то достаточно 1 корабля прикрытия в флоте. При наличии 15 радарных кораблей - необходимо минимум 15 кораблей прикрытия в составе одного флота.'),
(9198, '<b>Разведчик странников</b>\n\nКорабль построен по принципу минимальной массы, поскольку радар установленный на корабле работает на гравитационных аномалиях пространства. Не смотря на мизерный грузовой отсек корабль способен перемещаться с огромными скоростями и обладает всеми тремя типами двигателей, что делает его очень удобным для перемещения игрока по мирным системам. Корабль способен засечь даже минимальную массу (равную своей) в любой точке звездной системы. Как и другие корабли этой древней расы технологически не все модули можно воспроизвести.'),
(9200, '<b>Радар странников</b>\n\nУстройство позволяет сканировать пространство всеми доступными способами. Для большей скорости сканирования применяется гравитационный метод определения смещения масс. Из картины гравитационных волн исключаются все относительно статичные объекты, а так же известные планеты, спутники и метеориты. Оставшиеся объекты представляют собой как правило корабли. Картина, полученная с помощью радара, отображает все корабли, присутствующие в звездной системе. Странники смогли сделать более чувствительный радар, который превосходит стандартный в 10 раз, это позволяет найти корабли находящиеся под прикрытием.\n\nДля работы радару необходимо находится на некотором удалении от больших масс, поэтому он не работает на планетах и орбитах планет.'),
(9202, '<b>Антирадар странников</b>\n\nУстройство было изначально разработано странниками и долгое время не удавалось повторить в точности его способности. Принцип работы устройства очень прост, внутри магнитной ловушки синтезируется вещество обладающее отрицательной массой равной массе корабля (или флота) таким образом суммарная масса становится нулевой и искажение пространства, улавливаемое радаром, не наблюдается. Антирадар странников до сих пор используется конфедерацией на своих военных кораблях.'),
(9205, '<b>Невидимка странников</b>\n\nДолгое время корабли не поддавались находке. В одной случайной экспедиции удалось обнаружить такой корабль визуально, после осмотра корабля он был доставлен на базу конфедерации, где был полностью демонтирован. Коэффициент искажения у корабля равен 10, необходимо минимум 11 радарных кораблей, что бы заметить флот под прикрытием этого корабля. При объединении такого корабля в флот весь флот становится невидим для радара. Чем больше таких кораблей в флоте, тем больше вероятность стать невидимым. Если в системе есть до 10 радарных кораблей, то достаточно 1 невидимки странников в флоте.'),
(9208, '<b>Штурмовик странников</b>\n\nКорабль долгое время не удавалось захватить, поскольку корабль, как правило, находился в активной защите и уничтожал всех, кто пытался приблизится. Корабль удалось взять на абордаж используя бесчисленное скопление мелких кораблей трититов. Пока Трититы отвлекали основные силы противника, корабль взяла под свой контроль абордажная команда. В настоящий момент корабль доступен для покупки, однако заполучить макет корабля почти невозможно.'),
(9218, '<b>Ракета апокалипсис</b>\n\nСамое сильное вооружение в космосе. Большинство кораблей могут быть уничтожены даже частью этой энергии. Если вы запускаете ракету апокалипсис и напротив вас не уничтожитель, будьте уверены корабль будет уничтожен кем бы он не был.\n\nТип ракеты: 9\nВзрывная сила: 4000'),
(9219, '<b>Ракета москит</b>\n\nОдна из первых разработок. Ракета используется для защиты транспортных кораблей от трититов. В большинстве случаев ракета позволяет уничтожить небольшой пиратский флот. После изобретения этой ракеты торговцы вздохнули с облегчением.\n\nТип ракеты: 1\nВзрывная сила: 25'),
(9220, '<b>Ракета оса</b>\n\nРакета составляет основу малого боевого флота. Обладает достаточной силой что бы помочь слабому кораблю противостоять даже кораблям классом выше. Количество ракет на корабле зависит только от места в трюме.\n\nТип ракеты: 2\nВзрывная сила: 50'),
(9221, '<b>Ракета смерч</b>\n\nРакеты были найдены в брошенном транспортном корабле, предположительно это разработка странников. Количество выдаваемой энергии просто поражает. Не многие корабли смогут противостоять флоту с таким вооружением.\n\nТип ракеты: 8\nВзрывная сила: 2500'),
(9222, '<b>Ракета стрекоза</b>\n\nРакета входит по классу в флот средней силы. Многие корабли используют ее для экономии времени в бою. По параметрам ракета позволяет защитить корабль от незваных гостей, а так же предотвратить долгие перестрелки с трититами.\n\nТип ракеты: 4\nВзрывная сила: 150'),
(9223, '<b>Ракета тайфун</b>\n\nРакета составляет основу малого боевого флота странников. По своим размерам ракета похожа на ракету предыдущего типа, однако обладая большей взрывной мощностью способна наносить больше повреждений кораблям и постройкам противников.\n\nТип ракеты: 3\nВзрывная сила: 100'),
(9224, '<b>Ракета ураган</b>\n\nРакета разработанная странниками, обладает внушительной мощностью и при этом запускается с большинства кораблей класса Фрегат. Ракета была найдена в охотнике странников. При этом именно эта ракета стоит на вооружении Уничтожителей. Не смотря на большие габариты корабля он не может использовать тяжелые ракеты.\n\nТип ракеты: 6\nВзрывная сила: 400'),
(9225, '<b>Ракета шершень</b>\n\nНаиболее используемая ракета в кораблях среднего флота. Урон который способна нанести эта ракета позволяет уничтожит большую часть мелкого флота с первого выстрела. Наиболее распространенное применение ракеты это вооружение Фрегатов и Гиперперехватчиков.\n\nТип ракеты: 5\nВзрывная сила: 250'),
(9226, '<b>Ракета шмель</b>\n\nПосле того, как ученые научились генерировать одномоментный синтез водорода в малых объемах - появилась возможность построить ракету с огромной силой взрыва. Именно ракеты Шмель стоят на вооружении Линкоров, что позволяет им проявить себя в бою в качестве основной боевой единицы.\n\nТип ракеты: 7\nВзрывная сила: 1200'),
(9229, '<b>Торговец дельфинов</b>\n\nКорабль расы разумных дельфинов. Никто до сих пор не может понять эту расу. Они научились работать с нашими торговыми станциями, однако делают это очень своеобразно. Все корабли дельфинов на самом деле это один корабль но каждая частица этого корабля существует сразу в двух экземплярах во вселенной. Таким образом корабль приземляется сразу на две станции в один корабль загружается товар, а из другого моментально выгружается. После торговой операции корабли исчезают из реального пространства. Некоторые пираты не брезгуют и захватывают корабли дельфинов, однако это не поощряется конфедерацией. Корабли очень медлительны и не поддаются разборке. Ходят слухи, что если захватить два корабля одной серии, то можно будет их аннигилировать, однако на практике эти слухи не оправдались.'),
(9232, '<b>Ракетный крейсер</b>\n\nКрейсер был разработан как корабль поддержки для флота. Большой трюм при полной загрузке ракетами позволяет развернуться в бою. Устройство корабля позволяет запускать любой тип ракет. При этом суммарный урон приносимый кораблем очень велик. При определенных условиях один такой крейсер способен справиться с небольшим флотом уничтожителей.'),
(9233, 'Устройство имплантируется в кору головного мозга и позволяет получать данные о точном положении противника. Именно это позволяет выбрать наиболее статичную цель и произвести точный удар по противнику.\n\nВероятность попадания увеличивается на 10%25'),
(9234, 'Устройство позволяет видеть объекты удаленные на немыслимые расстояния. Пользователю достаточно сосредоточить свой взгляд на удаленном объекте и он начнет приближаться. Это позволяет значительно улучшить показатель попадания по цели.\n\nВероятность попадания увеличивается на 20%25'),
(9235, 'Воздействуя на психику увеличивает вероятность захвата. При равных условиях команда противника начинает испытывать панику и катапультируется с корабля в случае неминуемой гибели.\n\nВероятность захвата увеличивается на 20%25'),
(9236, 'Гипноз воздействует на подсознание врага, вызывая самые страшные фантазии у каждого члена экипажа. Уровень и количество подверженных ничем не ограничивается.\n\nВероятность захвата увеличивается на 50%25'),
(9237, 'Имплантант.\n\nУстройство позволяет видеть объекты удаленные на немыслимые расстояния. Пользователю достаточно сосредоточить свой взгляд на удаленном объекте и он начнет приближаться. Это позволяет значительно улучшить показатель попадания по цели.\n\nВероятность попадания увеличивается на 20%25\n\nЧто бы установить имплантант, необходимо что бы он находился в одной точке с вашим персонажем. На одной станции, на одной планете или в одном корабле. После этого через меню обучение станет доступна установка имплантанта.\n\nУстанавливать можно только 1 такой имплантант.\n\n<font color="#FF0000">При смерти персонажа капсула восстанавливает новое тело без имплантантов.</font>'),
(9239, 'Имплантант.\n\nУстройство имплантируется в кору головного мозга и позволяет получать данные о точном положении противника. Именно это позволяет выбрать наиболее статичную цель и произвести точный удар по противнику.\n\nВероятность попадания увеличивается на 10%25\n\nЧто бы установить имплантант, необходимо что бы он находился в одной точке с вашим персонажем. На одной станции, на одной планете или в одном корабле. После этого через меню обучение станет доступна установка имплантанта.\n\nУстанавливать можно только 1 такой имплантант.\n\n<font color="#FF0000">При смерти персонажа капсула восстанавливает новое тело без имплантантов.</font>'),
(9240, 'Имплантант.\n\nГипноз воздействует на подсознание врага, вызывая самые страшные фантазии у каждого члена экипажа. Уровень и количество подверженных ничем не ограничивается.\n\nВероятность захвата увеличивается на 50%25\n\nЧто бы установить имплантант, необходимо что бы он находился в одной точке с вашим персонажем. На одной станции, на одной планете или в одном корабле. После этого через меню обучение станет доступна установка имплантанта.\n\nУстанавливать можно только 1 такой имплантант.\n\n<font color="#FF0000">При смерти персонажа капсула восстанавливает новое тело без имплантантов.</font>'),
(9241, 'Имплантант.\n\nВоздействуя на психику увеличивает вероятность захвата. При равных условиях команда противника начинает испытывать панику и катапультируется с корабля в случае неминуемой гибели.\n\nВероятность захвата увеличивается на 20%25\n\nЧто бы установить имплантант, необходимо что бы он находился в одной точке с вашим персонажем. На одной станции, на одной планете или в одном корабле. После этого через меню обучение станет доступна установка имплантанта.\n\nУстанавливать можно только 1 такой имплантант.\n\n<font color="#FF0000">При смерти персонажа капсула восстанавливает новое тело без имплантантов.</font>'),
(9242, 'Электронный микроскоп позволяет разглядеть внутреннюю структуру любого вещества, что позволяет выбрать наиболее правильный способ изучения объекта еще до его разработки в лаборатории.\n\nВероятность получения макета или чертежа увеличивается на 24%25'),
(9243, 'Имплантант.\n\nЭлектронный микроскоп позволяет разглядеть внутреннюю структуру любого вещества, что позволяет выбрать наиболее правильный способ изучения объекта еще до его разработки в лаборатории.\n\nВероятность получения макета или чертежа увеличивается на 24%25\n\nЧто бы установить имплантант, необходимо что бы он находился в одной точке с вашим персонажем. На одной станции, на одной планете или в одном корабле. После этого через меню обучение станет доступна установка имплантанта.\n\nУстанавливать можно только 1 такой имплантант.\n\n<font color="#FF0000">При смерти персонажа капсула восстанавливает новое тело без имплантантов.</font>'),
(9246, '<b>Мобильная космическая станция</b>\n\nПопытки увеличить грузоподъемность авианосца не привели к желаемому результату, корабль получался очень хрупким и медленным. Ученые конфедерации долго разрабатывали новый принцип конструкции. Так появился гибрид корабля и космической станции. Количество потребляемого топлива приводит в трепет, однако станция обладает одним непревзойденным качеством, она способна в себя вмещать огромное количество кораблей. При этом это могут быть авианосцы с которых идет заправка самой станции. Уровень щитов позволяет достаточно долгое время продержатся в бою. В качестве приятного дополнения на станцию был установлен радар повышенной мощности.'),
(9248, '<b>Док стыковки</b>\n\nДок представляет собой огромные ворота с магнитным захватом цели. Сила магнитного захвата не велика и не позволяет затягивать корабли против их воли. Док оборудован всеми известными средствами наведения, для удачной стыковки. Количество кораблей для стыковки не ограничено, однако док достаточно долго производит маневр стыковки и для беспрерывной работы устанавливают несколько доков.\n\nРазрабатывается из Палубы авианосца'),
(9250, '<b>Радар станции</b>\n\nУстройство позволяет сканировать пространство всеми доступными способами. Для большей скорости сканирования применяется гравитационный метод определения смещения масс. Из картины гравитационных волн исключаются все относительно статичные объекты, а так же известные планеты, спутники и метеориты. Оставшиеся объекты представляют собой как правило корабли. Картина, полученная с помощью радара, отображает все корабли, присутствующие в звездной системе. Для станции радар был доработан и усилен, уровень приема увеличился до 5\n\nДля работы радару необходимо находится на некотором удалении от больших масс, поэтому он не работает на планетах и орбитах планет.'),
(9251, 'Интегрируясь с нейронной сетью позволяет быстрее запоминать любую информацию. Имплантант очень увеличивает нагрузку на мозг, бывали случаи несовместимости с наркотиками и алкоголем. Желательно после установки имплантанта не использовать никакие наркотические вещества, особенно содержащие спирт.\n\nСкорость изучения навыков увеличивается на 20%25'),
(9252, 'Имплантант.\n\nИнтегрируясь с нейронной сетью позволяет быстрее запоминать любую информацию. Имплантант очень увеличивает нагрузку на мозг, бывали случаи несовместимости с наркотиками и алкоголем. Желательно после установки имплантанта не использовать никакие наркотические вещества, особенно содержащие спирт.\n\nСкорость изучения навыков увеличивается на 20%25\n\nЧто бы установить имплантант, необходимо что бы он находился в одной точке с вашим персонажем. На одной станции, на одной планете или в одном корабле. После этого через меню обучение станет доступна установка имплантанта.\n\nУстанавливать можно только 1 такой имплантант.\n\n<font color="#FF0000">При смерти персонажа капсула восстанавливает новое тело без имплантантов.</font>'),
(9255, '<b>Автономная станция разведки</b>\n\nАСР является не чем иным как модернизированным шпионским спутником. Она позволяет следить за любой звездной системой. Еще до освоения космоса человечество занималось вопросами глобальной ПРО и удаленного наблюдения за интересующими участками вселенной. Пришло время достать и модернизировать технологии прошлого.'),
(9259, '<b>Автономная станция странников</b>\n\nАСРС является не чем иным как модернизированным шпионским спутником. Она позволяет следить за любой звездной системой. Еще до освоения космоса человечество занималось вопросами глобальной ПРО и удаленного наблюдения за интересующими участками вселенной. Пришло время достать и модернизировать технологии прошлого.\n\nВ отличии от АСР построена на технологиях странников.'),
(9262, '<b>Автономная лазерная станция</b>\n\nАЛС была разработана на основе лазерной защиты. И используется для усиления орбитальной обороны и охраны АРС.'),
(9265, '<b>Автономная плазменная станция</b>\n\nАПС была разработана на основе орудий уничтожителя. И используется для усиления орбитальной обороны и охраны АРС.');

INSERT INTO `enciclopedia` (`object_id`, `desc`) VALUES
(9267, '<b>Малый док стыковки</b>\n\nДок мало чем отличается от основного дока стыковки. Позволяя стыковать малые корабли к автономным станциям. В доке использован минимум материалов для сокращения его общей массы\n\nРазрабатывается из Дока стыковки'),
(9270, '<b>Мобильная станция странников</b>\n\nПолучив достаточно устройств странников ученые разработали самую универсальную конструкцию. В настоящий момент доступна только полная комплектация. Станция включает в себя модули разведки и прикрытия, а так же модуль для перехвата. За счет использования более технологичных устройств странников удалось увеличить трюм станции, что позволяет стыковать больше кораблей за один раз. Двигатели пришлось использовать стандартные, из-за этого потребление топлива осталось таким же большим. Станция используется как переносной пункт для дозаправки кораблей. Благодаря своей функциональности нередко используется пиратами, для ограничения нелегального использования конфедерация запретила копирование макета.'),
(9271, 'Самое сложное в расчете гиперперехода, это предугадать положение звезд и их взаимодействие в 5 мерных пространствах. Для этой задачи как правило используются бортовой компьютер, однако он не обладает интуицией. Что бы подключить интуицию к расчетам существует этот имплантант. В логический отдел мозга отправляется ситуация, в которой необходимо принять интуитивное решение. Владелец имплантанта даже не замечая этого принимает наиболее важные решения, на расчет которых понадобились бы столетия. Скорость перемещения любого корабля увеличивается, поскольку расчеты требуют намного меньше времени.\n\nСкорость перемещения в гиперпространстве увеличивается на 15%25'),
(9272, 'Странники использовали иной подход к гиперпространству. Осталось несколько устройств подобного рода. Имплантант позволяет представить всю нашу вселенную и виртуально осуществить любое перемещение. Это позволяет точно рассчитать все флюктуации в пространстве и изменив траекторию в самом начале прыжка позволяет не корректировать ее во время полета. Каким образом устройство получает или рассчитывает информацию, что бы поддерживать виртуальную копию в актуальном состоянии, пока ученым конфедерации не известно.\n\nСкорость перемещения в гиперпространстве увеличивается на 25%25'),
(9273, 'Имплантант.\n\nСамое сложное в расчете гиперперехода, это предугадать положение звезд и их взаимодействие в 5 мерных пространствах. Для этой задачи как правило используются бортовой компьютер, однако он не обладает интуицией. Что бы подключить интуицию к расчетам существует этот имплантант. В логический отдел мозга отправляется ситуация, в которой необходимо принять интуитивное решение. Владелец имплантанта даже не замечая этого принимает наиболее важные решения, на расчет которых понадобились бы столетия. Скорость перемещения любого корабля увеличивается, поскольку расчеты требуют намного меньше времени.\n\nСкорость перемещения в гиперпространстве увеличивается на 15%25\n\nЧто бы установить имплантант, необходимо что бы он находился в одной точке с вашим персонажем. На одной станции, на одной планете или в одном корабле. После этого через меню обучение станет доступна установка имплантанта.\n\nУстанавливать можно только 1 такой имплантант.\n\n<font color="#FF0000">При смерти персонажа капсула восстанавливает новое тело без имплантантов.</font>'),
(9274, 'Имплантант.\n\nСтранники использовали иной подход к гиперпространству. Осталось несколько устройств подобного рода. Имплантант позволяет представить всю нашу вселенную и виртуально осуществить любое перемещение. Это позволяет точно рассчитать все флюктуации в пространстве и изменив траекторию в самом начале прыжка позволяет не корректировать ее во время полета. Каким образом устройство получает или рассчитывает информацию, что бы поддерживать виртуальную копию в актуальном состоянии, пока ученым конфедерации не известно.\n\nСкорость перемещения в гиперпространстве увеличивается на 25%25\n\nЧто бы установить имплантант, необходимо что бы он находился в одной точке с вашим персонажем. На одной станции, на одной планете или в одном корабле. После этого через меню обучение станет доступна установка имплантанта.\n\nУстанавливать можно только 1 такой имплантант.\n\n<font color="#FF0000">При смерти персонажа капсула восстанавливает новое тело без имплантантов.</font>'),
(9277, '<b>Линкор странников</b>\n\nДо сих пор идут споры, является ли этот корабль линкором. Однако корпус и размеры корабля заставляют отнести его к классу кораблей среднего звена. Это один из самых защищенных кораблей странников. По силе выстрела он отстает от Штурмовика и Уничтожителя, однако его основное преимущество это скорострельность относительно большими зарядами. Именно этот корабль лежал в основе Линкор-М. Скорость Линкора в реальном пространстве сравнима со скоростью корвета, однако в гиперпространстве Линкор потребляет большое количество урана и медленно перемещается.\n'),
(9278, '<b>Автономная квантовая станция</b>\n\nАКС была разработана на основе квантового модуля. И используется для усиления орбитальной обороны и охраны АРС. Это второй корабль после Линкор-Т с похожим типом вооружения.'),
(9283, '<b>Квантовая мина</b>\n\nКорабль использует всю мощность реактора для генерации одной квантовой волны. Запредельная нагрузка на реактор приводит к самоуничтожению мины после выстрела. Квантовые мины долгое время были запрещены галактической конвенцией, так как не имели направленного рупора атаки и часто их жертвами становились гражданские суда. После интеграции модуля свой-чужой мины допустили к производству и использованию.'),
(9286, '<b>Плазменная мина</b>\n\nПредставляет собой узкоспециализированный корабль с минимальным набором устройств для выстрела. Количество выстрелов ограничено мощностью реактора. Для максимальной эффективности реактор работает на запредельной мощности, что приводит к его уничтожению. По своей сути это одноразовое устройство которое используется как космическая мина.'),
(9289, '<b>Штурмовик - модифицированный</b>\n\nИзначальное предназначение корабля - атака крупных кораблей. Эти корабли являются первой силой против боевого флота. Сила выстрела корабля значительно превышает все современные орудия. Однако у корабля есть всего 1 выстрел и в случае промаха корабль становится прочной, но легкой целью. Корабли используются только в флоте, так как отсутствие трюма не позволяет перемещаться самостоятельно. Корабль хорошо проявил себя при охране колоний.'),
(9292, '<b>Штурмовик - тяжелый</b>\n\nУчитывая не совсем удачный опыт штурмовика-М в этом корабле модифицировали силу орудий. Это позволяет использовать корабль для уничтожения крупных кораблей. Однако у корабля есть всего 1 выстрел и в случае промаха корабль становится прочной, но легкой целью. Корабли используются только в флоте, так как отсутствие трюма не позволяет перемещаться самостоятельно. Корабль хорошо проявил себя при орбитальной охране колоний.'),
(9297, '<b>Глюонная мина</b>\n\nЛюбой источник энергии можно превратить в бомбу или мину. Достаточно высвободить всю накопленную энергию разом. Именно так происходит в глюонной мине. По мере приближения врага реакторы выходят на полную мощность и на определенном расстоянии от корабля срабатывает глюонный дестабилизатор высвобождая всю возможную энергию. На мине установлено устройство прикрытия, что бы во время "разогрева" мину нельзя было обнаружить на радарах.'),
(9299, '<b>Глюонный дестабилизатор</b>\n\nВо время испытания глюонного реактора странников проводился эксперимент по управлению полем используя меньшую энергию, это позволило бы использовать глюонные реакторы на планетарных базах. Побочным эффектом стал модуль который дестабилизирует глюоны и вызывает максимально быстрый выброс энергии. Все сведения об этом эксперименте до сих пор засекречены, однако учитывая необходимость в сильном вооружении дестабилизаторы продаются на рынке под строгим контролем со стороны конфедерации.'),
(9300, 'Во время обнаружения цели на радаре долгое время не было возможности анализировать сигнал в радиодиапазоне. Нейроимплантант посылает все принятые сигналы в аналитическую часть мозга, это позволяет распознать корабли не подающие сигналов. Такие корабли называются брошенными. Количество брошенных кораблей легко определяется, однако их точное местоположение остается загадкой.\n\nПоказывает количество потерянных кораблей в системе.\nСкорость перемещения в пространстве увеличивается на 10%25'),
(9301, 'Имплантант.\n\nВо время обнаружения цели на радаре долгое время не было возможности анализировать сигнал в радиодиапазоне. Нейроимплантант посылает все принятые сигналы в аналитическую часть мозга, это позволяет распознать корабли не подающие сигналов. Такие корабли называются брошенными. Количество брошенных кораблей легко определяется, однако их точное местоположение остается загадкой.\n\nПоказывает количество потерянных кораблей в системе.\nСкорость перемещения в пространстве увеличивается на 10%25\n\nЧто бы установить имплантант, необходимо что бы он находился в одной точке с вашим персонажем. На одной станции, на одной планете или в одном корабле. После этого через меню обучение станет доступна установка имплантанта.\n\nУстанавливать можно только 1 такой имплантант.\n\n<font color="#FF0000">При смерти персонажа капсула восстанавливает новое тело без имплантантов.</font>'),
(9304, 'После изобретения имплантанта "нейропорт-2" ученые одной пиратской колонии начали разработку третей версии нейропорта. Эксперименты показали, что устройство опасно для использования. Иногда человек с установленными нейропортами не выходит из состояния обучения и остается с раздвоением личности на всегда. Будьте осторожны используя данный имплантант. Случаи неправильной работы единичны, однако большинство пилотов не сознается в использовании этих имплантантов.\n\nПозволяет изучать еще один навык параллельно\nСкорость изучения навыков увеличивается на 5%25'),
(9305, 'Имплантант.\n\nПосле изобретения имплантанта "нейропорт-2" ученые одной пиратской колонии начали разработку третей версии нейропорта. Эксперименты показали, что устройство опасно для использования. Иногда человек с установленными нейропортами не выходит из состояния обучения и остается с раздвоением личности на всегда. Будьте осторожны используя данный имплантант. Случаи неправильной работы единичны, однако большинство пилотов не сознается в использовании этих имплантантов.\n\nПозволяет изучать еще один навык параллельно\nСкорость изучения навыков увеличивается на 5%25\n\nЧто бы установить имплантант, необходимо что бы он находился в одной точке с вашим персонажем. На одной станции, на одной планете или в одном корабле. После этого через меню обучение станет доступна установка имплантанта.\n\nУстанавливать можно только 1 такой имплантант.\n\n<font color="#FF0000">При смерти персонажа капсула восстанавливает новое тело без имплантантов.</font>'),
(9307, '<b>Автономный щит</b>\n\nУстройство разрабатывалось изначально для орбитальной обороны. Но из-за малой энергии защиты был снят с производства. Однако очень пригодился в период массовой постройки автономных станций. '),
(9308, 'Улучшая характеристики кораблей военные столкнулись с проблемой управления кораблями. Человек не может отдавать приказ сразу нескольким кораблям. Рации и аналитические системы помогают с этим, однако прорыв в области управления наступил с изобретением модуля объединения. Модуль позволяет группировать флота и корабли в любом количестве и в любом порядке. При правильном подходе управлять флотами любого размера становится приемлемо.\n\nПозволяет управлять группами флотов и кораблей.\nСкорость перемещения в гиперпространстве увеличивается на 10%25'),
(9309, 'Имплантант.\n\nУлучшая характеристики кораблей военные столкнулись с проблемой управления кораблями. Человек не может отдавать приказ сразу нескольким кораблям. Рации и аналитические системы помогают с этим, однако прорыв в области управления наступил с изобретением модуля объединения. Модуль позволяет группировать флота и корабли в любом количестве и в любом порядке. При правильном подходе управлять флотами любого размера становится приемлемо.\n\nПозволяет управлять группами флотов и кораблей.\nСкорость перемещения в гиперпространстве увеличивается на 10%25\n\nЧто бы установить имплантант, необходимо что бы он находился в одной точке с вашим персонажем. На одной станции, на одной планете или в одном корабле. После этого через меню обучение станет доступна установка имплантанта.\n\nУстанавливать можно только 1 такой имплантант.\n\n<font color="#FF0000">При смерти персонажа капсула восстанавливает новое тело без имплантантов.</font>'),
(9312, '<b>Корабль шпион</b>\n\nПосле появления первых пиратских баз, конфедерация начала разработку этого корабля. Основная задача корабля с шпионским модулем проникнуть в тыл противника и передать всю доступную информацию. Наполнение складов, количество построек, силу вооружения. Шпионский модуль позволяет полностью скрыть корабль со всех средств обнаружения, однако используемая для этого технология темпорального поля не позволяет передать или забрать материальные объекты. Все, что способен сделать корабль это переместить себя в заданную точку пространства и проявившись в настоящем времени передать полученную информацию. После этого корабль уходит в бесконечно далекое будущее.'),
(9314, '<b>Шпионский модуль</b>\n\nВо время исследования некоторые свойств пространства-времени был обнаружен интересный эффект, при замене одного измерения другим, есть возможность поместить объект в некое темпоральное поле, что позволяет перемещаться в обычном пространстве абсолютно незамеченным. После нескольких экспериментов удалось добится стабильного прибывания объекта в темпоральном поле, однако при униятожении поля объект лишь на короткое время оказывался в настоящем времени, а затем уходил в далекое будущее, что приводило к уничтожению всех образцов. Модуль и корабль на котором он установлен являются по своей сути одноразовыми.'),
(9313, '<b>Шпионский модуль</b>\n\nВо время исследования некоторые свойств пространства-времени был обнаружен интересный эффект, при замене одного измерения другим, есть возможность поместить объект в некое темпоральное поле, что позволяет перемещаться в обычном пространстве абсолютно незамеченным. После нескольких экспериментов удалось добится стабильного прибывания объекта в темпоральном поле, однако при униятожении поля объект лишь на короткое время оказывался в настоящем времени, а затем уходил в далекое будущее, что приводило к уничтожению всех образцов. Модуль и корабль на котором он установлен являются по своей сути одноразовыми.'),
(9323, '<b>Гипер врата</b>\n\nКорабль представляет собой 16 конечную звезду неимоверных размеров. В свернутом состоянии звезда не умещается даже в авианосце, от чего корабль приходится собирать на орбите. В действующем состоянии каждый луч звезды содержит на конце модуль гиперперехвата, а в центре звезды разполагается модуль гиперсинхронизации. Модули обеспечивают накачку энергии во врата в течении нескольких часов, после чего одним импульсом открывается гипертуннель, способный вместить целую планету. Вход и выход врат располагаются у разных планет и позволяют как бы менять их местами.\n\nВсе корабли, находящиеся на планете и орбите планеты остаются нетронутыми. Постройки и жители планеты смогут заметить изменения только по изменившемуся звездному небу над головой.\n\nВо время работы корабль не может находится в составе флота, не может перемещаться и нуждается в постоянной охране.'),
(9325, '<b>Модуль гиперсинхронизации</b>\n\nПосле создания модуля гиперперехвата военные начали требовать от ученых увеличение мощности перехвата, поскольку часть кораблей по прежнему перехватывалась трититами. Увеличивая количество перехватчиков никак не сказывалось на вероятности перехвата корабля трититом. Однако при точной синхронизации гравитационных волн удалось достичь кратковременный всплеск искажения в пространстве, побочным эффектом этого эксперимента оказался небольшой туннель в гиперпространстве.\n\nЭксперименты в космосе показали, что существует возможность построить гипер-туннель, этого можно добиться при точной когерентности гравитационных волн в двух разных точках вселенной. Для создания полностью идентичной волновой картины используется этот модуль, он способен передавать полную копию волны за нулевой отрезок времени на любое расстояние.\n\nПервое упоминание о таком устройстве встречается в бортовом журнале нескольких кораблей странников. Так приземлившись на планету корабль взлетел уже в другой звездной системе.\n\nПоскольку неизвестно всех отрицательных моментов использования данного устройства, и модуль и корабль собирающийся на его основе находятся под строгим контролем конфедерации.'),
(9328, '<b>Корвет корсаров</b>\n\nКорвет представляет собой среднее звено военной техники. Объединенные во флот корабли способны поражать цели в любой точки галактики. Не редко данный тип кораблей используют для захвата планет. Грузовой отсек корабля не предназначен для транспортировки большого количества грузов, однако способен перевозить чертежи и макеты в неограниченных количествах.\n\nВ отличии от простого корвета корабль не посылает опознавательные данные, что позволяет ему атаковать не выдавая владельца. По сути это наемники.'),
(9331, '<b>Линкор корсаров</b>\n\nЛинкор относится к среднему звену военных кораблей. Это сильно защищенный корабль, обладающий большой мощью, что позволяет уничтожать врага еще до того, как он произведет выстрел. Линкор хорошо справляется как с малыми, так и с большими целями, однако не способен самостоятельно нападать на планеты. Грузовой отсек корабля не предназначен для транспортировки большого количества грузов, однако способен перевозить чертежи и макеты в неограниченных количествах. Скорость Линкора в реальном пространстве сравнима со скоростью корвета, однако в гиперпространстве Линкор потребляет большое количество урана и медленно перемещается.\n\nВ отличии от простого линкора корабль не посылает опознавательные данные, что позволяет ему атаковать не выдавая владельца. По сути это наемники.'),
(9334, '<b>Штурмовик корсаров</b>\n\nИзначальное предназначение корабля - атака крупных кораблей. Эти корабли являются первой силой против боевого флота. Сила выстрела корабля значительно превышает все современные орудия. Однако у корабля есть всего 1 выстрел и в случае промаха корабль становится прочной, но легкой целью. Корабли используются только в флоте, так как отсутствие трюма не позволяет перемещаться самостоятельно. Корабль хорошо проявил себя при охране колоний.\n\nВ отличии от простого штурмовика-М корабль не посылает опознавательные данные, что позволяет ему атаковать не выдавая владельца. По сути это наемники.');

-- seed bot_in
INSERT INTO `bot_in` (`word`, `weight`, `out_id`) VALUES
('заправить', 1, 1),
('корабль', 1, 1),
('ghbdtn', 1, 2),
('всем', 1, 3),
('пока', 1, 3),
('всем', 1, 4),
('привет', 1, 4),
('искать', 2, 5),
('потеряный', 3, 5),
('потерянный', 3, 5),
('потерянные', 3, 5),
('корабль', 2, 5),
('корабли', 2, 5),
('найти', 2, 5),
('доброе', 1, 6),
('утро', 1, 6),
('всем', 1, 6),
('распаковать', 2, 7),
('открыть', 2, 7),
('упаковку', 1, 7),
('куда', 1, 8),
('девать', 1, 8),
('кислород', 2, 8),
('водород', 2, 8),
('как', 1, 9),
('построить', 1, 9),
('электростанцию', 1, 9),
('главный', 1, 10),
('вопрос', 1, 10),
('вселенной', 1, 10),
('вообще', 1, 10),
('ответ', 1, 10),
('капитан', 1, 11),
('очевидность', 1, 11),
('спасибо', 3, 11),
('спс', 3, 11),
('пасиб', 3, 11),
('вернутся', 1, 12),
('без', 1, 12),
('урана', 1, 12),
('алекса', 1, 13),
('сумма', 2, 13),
('цена', 2, 13),
('голову', 1, 13),
('шарику', 2, 14),
('шарик', 2, 14);

-- seed bot_out
INSERT INTO `bot_out` (`id`, `text`) VALUES
(1, 'что бы заправить корабль - необходимо зайти в склад, выбрать корабль для заправки и переместить в него водород (или уран, смотря что надо)'),
(2, 'Возможно вы забыли переключить раскладку : )'),
(3, 'и тебе пока!'),
(4, 'привет!'),
(5, 'Чтобы найти потерянный корабль, необходим разведчик или другой корабль с радаром и какое нибудь вооружение. Перелетая от звезды к звезде обращайте внимание на желтые точки на карте системы, это чужие корабли, подлетите к ним. Если его имя Abandon - вы можете присвоить его себе.'),
(6, 'И тебе доброе утро!'),
(7, 'Что бы распаковать упаковку с газом - достаточно переработать ее в нанодиспенсере. Сделать это можно только на поверхности планеты.'),
(8, 'Любой газ (кислород, водород, хлор, азот) можно упаковать на заводе. Для процесса упаковки вам необходим "Чертеж упаковки ..." - который можно приобрести у конфедерации (торговля - конфедерация)'),
(9, 'Что бы построить что-то на планете, необходимо перейти в "местность", найти свободную клетку и перейти слева в закладку с шестеренкой. Там выбрать тип постройки и если вам хватает ресурсов - можете запустить постройку.'),
(10, 'Ответ 42'),
(11, 'Всегда рад помочь'),
(12, 'Если вы улетели от своей звезды и не можете вернутся, вам необходимо найти (купить) истребитель и заправить (можно купить) его ураном. Подлетев к своему кораблю объедините их в флот. После этого флотом можете вернутся домой.'),
(13, 'Если вы пытаетесь узнать откуда эта сумма и как ее получить - не стоит этого делать... Никак нельзя получить сумму с добропорядочного гражданина.'),
(14, 'Я на всякий случай лог сохранил, передам sharque : )');

-- seed cron
INSERT INTO `cron` (`id`, `filename`, `function`, `laststart`, `period`) VALUES
(1, 'gen_dolphin.inc', 'gen_dolphin', '2012-02-14 16:10:02', 14),
(2, 'gen_pirate.inc', 'gen_pirate', '2012-02-14 16:10:02', 119),
(3, 'gen_quest.inc', 'gen_quest', '2012-02-14 16:10:02', 14),
(4, 'genship.inc', 'gen_ship', '2012-02-14 16:10:02', 119),
(5, 'optimize.inc', 'optimize', '2012-02-14 15:35:03', 59),
(6, 'tritit.inc', 'gen_tritit', '2012-02-14 16:10:03', 14),
(7, 'planet_move.inc', 'planet_move', '2012-02-14 16:10:03', 14),
(8, 'history.inc', 'make_log', '2012-02-14 16:10:03', 359),
(9, 'new_year.inc', 'make_prize', '2013-01-01 00:00:00', 365000);

-- seed variables
INSERT INTO `variables` (`name`, `val`) VALUES
('war_count', 283453);

-- seed info_page
INSERT INTO `info_page` (`id`, `type`, `title`, `data`) VALUES
(1, 1, 'Новый корабль', 'В галактике найден новый корабль:<br>\r\nОхотник странников.<br>\r\nВ отличии от большинства кораблей корабль обладает как внушительной мощностью, так и радаром. В настоящий момент доступен и сам корабль и его макет.'),
(2, 1, 'Новый корабль', 'В галактике найден новый корабль:<br>\r\nАвианосец странников.<br>\r\nКорабль, обладая огромной грузоподъемностью снабжен уникальным набором двигателей и способен приземляться на поверхность планеты.'),
(3, 1, 'Изменения интерфейса.', 'Незначительно изменен интерфейс игры, продолжается общая стилизация игры. В настоящий момент изменены все управляющие элементы. Переработана вкладка купли и продажи на станции.'),
(4, 1, 'Новые задания', 'Добавлены новые Задания. Теперь даже опытному игроку не всегда под силу выполнить задание с первого раза. Пираты оккупируют планеты, и требуется ваша помощь в борьбе с ними.'),
(6, 1, 'Изменения интерфейса', 'Изменен интерфейс закладки "склад". Верхняя часть теперь отвечает полностью за корабль, нижняя часть относится к доступным местам для перемещения. Работать со складом теперь будет проще.\r\nВедутся работы над интерфейсом торговли.'),
(7, 1, 'Взрыв звезд.', 'Для оптимизации работы сервера теперь удаляются старые пользователи.\r\nЕсли игрок:\r\n- не прошел стадию обучения\r\n- не появлялся в игре 2 месяца\r\n- в его системе не наблюдается активность других игроков (нет чужих построек)\r\nВ системе происходит взрыв сверхновой, соответственно все планеты и звезда уничтожается.'),
(8, 1, 'Изменения интерфейса', 'Изменен интерфейс управления плеером, закладка конфедерация перенесена в интерфейс торговли. Полностью переработаны интерфейсы управления кораблями и станцией.'),
(9, 1, 'Вознаграждение за пиратов', 'Изменен метод подсчета премии за уничтожение пиратов. Теперь премия вычисляется из уничтоженного имущества, чтобы не провоцировать договорные войны. Полная сумма выплачивается в случае, если пират лично присутствовал на уничтоженном корабле.'),
(10, 1, 'Прием платежей', 'Мы принимаем платежи более 70 платежных систем. Теперь вы можете приобрести конфедераты любым удобным для вас способом.'),
(11, 1, 'Социальная реклама', 'Появилась группа на сайте Вконтакте, кнопку можно найти на главной странице.\r\nНапоминаем, что любые <b>легальные</b> рекламные действия (спам и мультоводство к этому не относится) будут поощряться.<br>\r\nЗа публикации обзоров игры на форумах и т.п. мы будем <b>платить конфедератами</b>!'),
(12, 1, 'Изменения интерфейса', 'Закончился переход на новый движок. Теперь все игровые модули построены на новом движке. Это экономит ресурсы компьютера и немного ускоряет прорисовку. Так же упростился процесс улучшения и запуска построек.'),
(13, 1, 'Изменения в обсчете боев', 'Теперь корабль находящийся в обороне сам нападает на приближающиеся корабли, однако его действия не портят репутацию владельца.\r\nПремия за голову пирата выплачивается только раз в сутки.'),
(16, 1, 'Переезд', 'Сервер полностью переехал на новый хостинг. Время отклика значительно сократилось, максимальное количество игроков увеличилось. Все ошибки связанные с переездом были устранены.<br><br>Добро пожаловать в игру!'),
(17, 1, 'Новый корабль', 'Корабль способен скрыть свое пребывание в системе. При объединении такого корабля в флот весь флот становится невидим для радара. Чем больше таких кораблей в флоте, тем больше вероятность стать невидимым. Если в системе есть 1 радарный корабль, то достаточно 1 корабля прикрытия в флоте. При наличии 15 радарных кораблей в системе - необходимо минимум 15 кораблей прикрытия в составе одного флота.'),
(18, 1, 'Рефералы', 'Готов механизм рефералов. Теперь, если игрок пришел по вашей ссылке вы получите 1 конфедерат как только он закончит обучение. А так же вы будете получать 10% от всех переводов в игру. Ссылку можно получить в игре в меню "Персонаж"'),
(19, 1, 'Новый корабль', 'Разведчик странников - обладает уникальным радаром, коэффициент усилителя 10, то есть он способен разглядеть флот с 9-ю кораблями прикрытия. При этом все остальные свойства совпадают с обычным разведчиком.'),
(20, 1, 'Новый корабль', 'Невидимка странников - Долгое время корабли не поддавались находке. В одной случайной экспедиции удалось обнаружить такой корабль визуально, после осмотра корабля он был доставлен на базу конфедерации, где был полностью демонтирован. Коэффициент искажения у корабля равен 10.'),
(21, 1, 'Новый корабль', 'Штурмовик странников - Корабль долгое время не удавалось захватить, поскольку корабль, как правило, находился в активной защите и уничтожал всех, кто пытался приблизится. Корабль удалось взять на абордаж используя бесчисленное скопление мелких кораблей трититов. Пока Трититы отвлекали основные силы противника, корабль взяла под свой контроль абордажная команда. В настоящий момент корабль доступен для покупки, однако заполучить макет корабля почти невозможно.'),
(22, 1, 'Новая система друг-враг', 'В игре введена система друзей и врагов.\r\nДля начала общие правила - если на вас напали, нападающий автоматически становится врагом.<br>\r\nПоменять отношение к человеку можно зайдя в панель информации о нем (знак вопроса правее ника в чате)\r\nДля удобства рядом со знаком вопроса стоит отметка об отношении (враг - красная, друг - зеленая)'),
(23, 1, 'Новое вооружение - ракеты.', 'Теперь даже относительно слабый корабль может нести в себе существенное вооружение. Количество ракет ограничено только размером трюма, однако не любая ракета подходит любому кораблю.'),
(24, 1, 'Переименование планет', 'Теперь есть возможность переименовывать свои планеты, а так же звезды, которые вам принадлежат. При захвате чужой колонии вы можете переименовать и ее.'),
(25, 1, 'Раса разумных дельфинов', 'В галактике появилась раса разумных дельфинов. Никто не знает откуда они появились, они не вступают в конфликты, не обращают внимание на статус или боевые заслуги. Все, что их интересует это прибыль. Если вы продаете что-то дешевле чем кто-то покупает, будьте уверены рано или поздно к вам прилетят дельфины. Они летают на очень медленных кораблях, однако всегда производят моментальную куплю-продажу.'),
(26, 1, 'Открыта энциклопедия', 'Теперь есть доступ в энциклопедию с главной страницы. Достаточно зайти в раздел FAQ и можно прочитать любую статью из энциклопедии.'),
(27, 1, 'Внутренняя почта', 'Теперь есть возможность отправлять сообщения пользователям в оффлайн. Когда игрок зайдет в игру - он получит сообщение.'),
(28, 1, 'Новый корабль', 'Крейсер был разработан как корабль поддержки для флота. Большой трюм при полной загрузке ракетами позволяет развернуться в бою. Устройство корабля позволяет запускать любой тип ракет. При этом суммарный урон приносимый кораблем очень велик. При определенных условиях один такой крейсер способен справиться с небольшим флотом уничтожителей.'),
(29, 1, 'Активизация пиратов', 'В галактике активизировались пираты и нападают на колонии. В настоящий момент со всех сторон приходят сводки о нападении пиратов на мирные колонии. Будьте бдительны и не оставляйте свои колонии без присмотра!'),
(30, 1, 'Термоядерный преобразователь', 'Появилась новая орбитальная постройка. С помощью преобразователя можно превращать одно вещество в другое. Это поможет справится с залежами лишних веществ, а так же добывать редкие материалы.'),
(31, 1, 'Визуализация боя', 'Появилась первая версия визуализации боев. Со временем обязательно будет дорабатываться, но уже сейчас можно посмотреть, что творится на боле боя.'),
(32, 1, 'Имплантанты', 'Появились имплантанты, установка которых позволяет моментально улучшить определенные навыки. Однако учтите, что смерть приведет к их потере.<br>\r\nПрицел ориона<br>\r\nАноптикон странников<br>\r\nГенератор паники<br>\r\nГипноз странников'),
(33, 1, 'Новый имплантант', 'Электронный микроскоп. Позволяет разглядеть внутреннюю структуру любого вещества, что позволяет выбрать наиболее правильный способ изучения объекта еще до его разработки в лаборатории. Вероятность получения макета или чертежа увеличивается на 24%'),
(34, 1, 'Новый корабль', 'Новый корабль - мобильная космическая станция. Единственный корабль, к которому можно пристыковаться. Можно обмениваться любым товаром между Станцией и кораблями внутри нее. Так же можно перемещать груз с корабля на корабль внутри станции.'),
(35, 1, 'Покупка корабля', 'Стала доступна покупка корабля без авианосца. Теперь после покупки корабль становится доступен в расконсервированном виде.'),
(36, 1, 'Премия за голову', 'Теперь есть возможность самостоятельно вкладывать деньги в смерть противника. Вы можете назначить любую премию за любого игрока. Премию получит тот, кто уничтожит его. Премии от разных игроков складываются. Ограничений по сумме нет.'),
(37, 1, 'Задания', 'Теперь после отказа от задания, конфедерация разрешает взять другое только через 5 минут.'),
(38, 1, 'Черные дыры', 'В галактике начали протекать странные процессы. Происходит Коллапс звезд и они превращаются в черную дыру. Конфедерация ведет исследование этого процесса, однако пока мало что известно о новых объектах.'),
(39, 1, 'Новый расчет премий', 'Теперь премия которая назначена за игрока другим игроком будет раздаваться каждому, кто уничтожил какую-либо собственность. Сумма выдаваемая за каждую уничтоженную единицу в 4 раза больше той, что платит конфедерация за собственность пирата.'),
(40, 1, 'Новый тип кораблей', 'Еще до освоения космоса человечество занималось вопросами глобальной ПРО и удаленного наблюдения за интересующими участками вселенной. Пришло время достать и модернизировать технологии прошлого. Автономная лазерная станция, автономная плазменная станция, автономная станция разведки, автономная станция странников. Станции позволяют стыковку и могут использоваться как перевалочная база.'),
(41, 1, 'Новая станция', 'Получив достаточно устройств странников ученые разработали самую универсальную конструкцию. В настоящий момент доступна только полная комплектация. Станция включает в себя модули разведки и прикрытия, а так же модуль для перехвата.'),
(42, 1, 'Новое задание', 'Конфедерация устремила свои корабли разведки в отдаленные части галактики. Однако роботы не способны в полной мере оценить находку. Вам предоставляется шанс исследовать эти точки. С чем вам придется столкнутся неизвестно никому. Это могут быть брошенные корабли или армада разъяренных пиратов.'),
(43, 1, 'Новые имплантанты', 'Стали доступны 2 новых имплантанта. Предиктор и Виртуализатор - оба устройства увеличивают скорость перемещения в гиперпространстве.'),
(44, 1, 'Изменена логика охраны объектов', 'Теперь при выставленном уровне защиты, пилот способный прилететь на орбиту или поверхность колонии не сможет снести постройку или поменять уровень защиты. Таким образом можно привлекать других игроков к постройке колонии не боясь потерять колонию.'),
(45, 1, 'Обновление чата', 'В чате добавлены закладки, теперь системные и приватные сообщения выводятся отдельно от общего канала.'),
(46, 1, 'Страховка конфедерации', 'Конфедерация предлагает застраховать невосполнимую собственность. Страховка действует до момента смерти. В случае вашей смерти вам вернут все имплантанты, однако страховка будет аннулирована. Не забывайте вовремя оформить страховку и вы никогда не потеряете имплантанты. Есть возможность купить несколько страховок "на перед", однако не забывайте следить за состоянием страховок.'),
(47, 1, 'Ракетная защита', 'Ученые конфедерации смогли добиться запуска ракет космос-космос с поверхности планет. Теперь ракетная защита может использовать ракеты, лежащие на складе планеты, для атаки.\r\nМаксимальный тип используемых ракет = уровень постройки - 1'),
(63, 1, 'Конфедераты!', '<a href="http://2pay.ru/oplata/xsollaoffers/?pay_inst=224&id=4032"><img src="/images/xsolla.png" align=left></a>\r\nЕсли вам нужны конфедераты, вы можете получить их выполняя офферы. Для этого достаточно перейти на сайт <a href="http://2pay.ru/oplata/xsollaoffers/?pay_inst=224&id=4032">xsolla</a> и следовать инструкциям. За выполнение "заданий" вы получите конфедераты. Все задания распределяются с использованием геотаргетинга, поэтому вы увидите только те предложения, которые доступны вашему региону.'),
(49, 1, 'Карта галактики', 'На карте теперь отображаются ваши друзья и враги. При полете во вражескую систему стоит особенно тщательно относится к сообщениям о гиперперехвате.'),
(50, 1, 'Стратегия', 'Ввиду сложной военной обстановки командование конфедерации изменило стратегию атаки. Корабли Линкор-Т и схожие с ними теперь производят первый выстрел, это позволит уничтожать мелкие корабли противника не тратя на них драгоценные ракеты.'),
(51, 1, 'Закладка отношения', 'Теперь можно отслеживать ваши дипломатические отношения в любое время в не зависимости от того в сети ваш враг или нет. А так же можно узнать всех, кто считает вас врагом или другом.'),
(53, 1, 'Орбитальный склад', 'Увеличен объем хранимого имущества на орбите. Каждое улучшение орбитального склада увеличивает его объем на 15000.'),
(54, 1, 'Стратегия и тактика', 'Стратегия и тактика приведены к математическому соответствию.\r\n\r\nТактика - чем выше ваш уровень тактика, тем более мощный корабль будет стрелять первым.\r\nСтратегия - чем выше уровень стратега, тем более подходящий корабль будет выбираться для атаки.'),
(55, 1, 'Новые корабли', 'Введены 2 новых типа корабля.\r\n\r\nЛинкор странников\r\nАвтономная квантовая станция'),
(56, 1, 'Космические мины', 'Появились 2 новые мины. Квантовая мина - поражает все корабли противника, плазменная мина - наносит 4 выстрела по 350. Мины по своей сути одноразовые корабли которые уничтожаются при подрыве.'),
(57, 1, 'Астероиды', 'В системах где давно никто не живет произошли изменения. Бывшие родные планеты частично взорвались. С целью обеспечения безопасности торговых станций конфедерация покинула эти планеты. Они доступны для заселения.'),
(58, 1, 'Навыки', 'Появились новые знания. Теперь можно усилить обороноспособность планеты изучением наук. Новые навыки: защита планет, плазменная оборона, лазерная оборона, квантовая оборона, мазерная оборона.'),
(60, 1, 'Изменена логика захвата колонии.', 'После захвата колонию можно ограбить, однако что бы снести постройки или установить свой уровень защиты необходимо минимум 3 дня. В это время защиту придется удерживать флотом. По прошествии трех дней последние повстанцы покидают планету и ей можно пользоваться новым хозяевам.'),
(61, 1, 'Новый корабль', 'Штурмовик модифицированный. Изначальное предназначение корабля - атака крупных кораблей. Эти корабли являются первой силой против боевого флота. Сила выстрела корабля значительно превышает все современные орудия. Однако у корабля есть всего 1 выстрел и в случае промаха корабль становится прочной, но легкой целью. Корабли используются только в флоте, так как отсутствие трюма не позволяет перемещаться самостоятельно. Корабль хорошо проявил себя при охране колоний.'),
(62, 1, 'Пленных не брать!', 'Появился новый приказ для кораблей. Теперь можно отключить абордаж и все встреченные корабли будут уничтожатся на месте без захвата.'),
(64, 1, 'Улучшение производства', 'Теперь заводы, сборочные цеха и термоядерные преобразователи запоминают последнее задания и по возможности стараются его повторить.'),
(65, 1, 'Дополнение', 'Теперь при постройки сооружений, запоминается последнее построенное здание и дальше можно строить те же постройки. Стало удобней строить несколько построек подряд. Так же запоминается последний корабль, это пригодится при дальних походах.'),
(66, 1, 'Новые корабли', 'Пересчитаны и сбалансированы все корабли. Скорости кораблей стали более равномерные, защита осталась на прежнем уровне. Сильно изменилось потребление топлива и составы кораблей.'),
(67, 1, 'Потерянные корабли', 'Теперь, в случае когда корабль сбивается с курса и оказывается в неизвестной точке - он подает сигнал СОС. Силы конфедерации самостоятельно сопровождают его до родной планеты. Это должно решить проблему с зависшими кораблями.'),
(68, 1, 'Вынужденное обновление системы', 'Сегодня 17.08.2011 в течении дня были проблемы с сервером. Приносим свои изменения, были вынуждены произвести обновление системы из-за серьезной уязвимости в системе безопасности.'),
(69, 1, 'Удаленные заводы', 'Теперь корабли КУУ получили возможность запускать все заводы одним разом на колониях. Запускается максимально возможное количество циклов. Запускаются только те заводы на которых что-то уже производилось.'),
(70, 1, 'Упрощение процесса производства.', 'Заводы, сборочные цеха и другие сооружения по производству теперь запоминают количество циклов во время запуска. Таким образом больше не надо каждый раз выставлять одно и то же количество циклов.'),
(71, 1, 'Апгрейд', 'В связи с недостатком ресурсов на сервере 7-го сентября будет производится апгрейд системы. Сервер будет временно недоступен.'),
(72, 1, 'Мины на складе', 'В закладке "склад" больше не отображаются длинные списки мин, что бы не мешать искать нужные корабль под загрузку.'),
(73, 1, 'Новое вооружение', 'Увеличена сила мин. Квантовая мина до 120, Плазменная мина до 125*9. Так же появилась новая мина - Глюонная мина, мощностью 20*600.'),
(74, 1, 'Новый навык', 'Физик ядерщик. Ускоряет процесс переработки материалов на термоядерном преобразователе каждый уровень дает 4% ускорения. Требует больших знаний в геологии.'),
(75, 1, 'Увеличен склад', 'Теперь склад планеты вмещает 250000 единиц товара, что в 5 раз больше прежнего.'),
(76, 1, 'Удаленный запуск нанодиспенсеров', 'Теперь при переработке материалов в информационных сообщениях указывается имя планеты на которой запущена переработка.'),
(77, 1, 'Новый интерфейс кораблей', 'Изменен интерфейс кораблей, теперь есть возможность отфильтровать корабли и сократить список. Приказы собраны в один элемент, что позволило увеличить количество выводимых кораблей.'),
(78, 1, 'Новый имплантант', '"Импульсный анализатор" - помогает искать потерянные корабли, побочный эффект - ускоряет корабли.'),
(79, 1, 'Новый имплантант нейропорт-2', 'По своей сути представляет дополнительный порт для подключения обучающих устройств. Имплантант удалось изготовить после того, как нейрохирурги нашли возможность изменять потоки сигналов в головном мозге. По сути этот имплантант это искусственное введение человека в состояние контролируемой шизофрении с раздвоением личности. После обучения личности складываются. Отрицательных побочных эффектов не выявлено. Условно положительный побочный эффект это ускорение изучения навыков.\r\n\r\nСкорость изучения навыков увеличивается на 5%'),
(80, 1, 'Новый имплантант нейропорт-3', 'После изобретения имплантанта "нейропорт-2" ученые одной пиратской колонии начали разработку третей версии нейропорта. Эксперименты показали, что устройство опасно для использования. Иногда человек с установленными нейропортами не выходит из состояния обучения и остается с раздвоением личности на всегда. Будьте осторожны используя данный имплантант. Случаи неправильной работы единичны, однако большинство пилотов не сознается в использовании этих имплантантов.\r\n\r\nСкорость изучения навыков увеличивается на 5%'),
(81, 1, 'Новые возможности', 'Добавлена возможность запуска преобразователей из меню команд корабля удаленного управления.'),
(82, 1, 'Новый имплантант.', 'На рынке появился новый имплантант "Модуль объединения" который позволяет управлять группами флотов.'),
(83, 1, 'Пираты', 'Пираты стали немного злее, теперь в их распоряжении есть мины и автономные станции.'),
(84, 1, 'Пираты в галактике', 'По сообщениям со всех концов галактики пираты начали наступательные действия на просторах галактики. Они захватывают колонии и вымогают деньги! Конфедерация ведет активные поиски их гнезда, что бы нанести ответный удар!'),
(85, 1, 'Добавлены новые способы оплаты.', 'Теперь мы принимаем более 100 видов платежей.'),
(86, 1, 'Обновление интерфейса', 'Теперь можно посмотреть когда игрок был последний раз в эфире. Это поле добавленно в информации о всех игроках.'),
(87, 1, 'Обновлен интерфейс складов', 'Теперь можно выделять несколько кораблей и несколько вещей одновременно. Это позволяет снабдить целый флот ракетами за несколько действий.'),
(88, 1, 'Цены на корабли', 'Изменены цены на большинство кораблей. Макеты и чертежи остались по старым ценам.'),
(89, 1, 'Доработка внешнего вида', 'Энциклопедия частично иллюстрированна, теперь видно что из себя представляют все постройки, а так же минералы первого слоя. При переносе нескольких вещей в несколько кораблей теперь можно следить за прогрессом загрузки корабля.'),
(90, 1, 'Новый приказ', 'Теперь на удаленных колониях можно запускать сборочные цеха. Это позволяет переложить обязанности производства полностью на колонии.'),
(91, 1, 'Новое задание', 'Конфедерация начала активные поиски пиратов, нередко флот конфедерации и пиратов оказываются равны по силе. В этот момент конфедерация обращается к вам за помощью в битве.'),
(92, 1, 'Новый корабль шпион', 'Позволяет исследовать любую планету и получить подробный список вооружения, защиты, а так же частично список складов и флотов на орбите и планете. Корабль не обнаруживается перехватчиками и орбитальной защитой.'),
(93, 1, 'Интерфейс покупки', 'Добавлена возможность указывать количество покупаемого товара.'),
(94, 1, 'Новая музыка', 'Добавлено 28 радиостанций, теперь звуковое сопровождение будет более разнообразно. В ближайшее время будет добавлено еще несколько.'),
(95, 1, 'Доработка интерфейса', 'Переделана карта звездной системы, теперь планеты и астероиды выглядят более реалистично, что несомненно помогает погрузится в мир космоса.'),
(96, 1, 'Новый корабль', 'Корабль "Гипер врата" - новое слово в технологии странников. Корабль способный менять местами планеты. Теперь можно собрать свои колонии в одной системе или раскидать колонии противника по всей галактике.'),
(97, 1, 'Новое знание', 'Астроинженер - позволяет сократить время перемещения планет.'),
(98, 1, 'Новая возможность', 'Теперь с корабля удаленного управления можно запускать орбитальный сборочный цех.'),
(99, 1, 'Изменение в интерфейсе', 'Изменен интерфейс модуля "корабли", теперь список приказов изначально не перекрывает список кораблей.'),
(100, 1, 'Новый фон в системе', 'Теперь в каждой системе разный задний план. Всего различных фонов 60, надеюсь разнообразие скрасит пребывание в холодном космосе.'),
(101, 1, 'Корабли корсаров', 'Появился новый тип кораблей. Их невозможно идентифицировать, во время атаки они не сообщают сведения о нападающем, что позволяет им практически безнаказанно атаковать корабли и колонии.'),
(102, 1, 'Продажа корсаров', 'Конфедерация официально продает корабли корсаров. Можно купить себе целый флот наемников.');

-- seed stars
INSERT INTO `stars` (`id`, `name`, `x`, `y`, `type`, `bg`) VALUES
(30188, 'Раксксла (0:2)', 0, 2, 1, 0);

-- seed planets
INSERT INTO `planets` (`id`, `type`, `name`, `user_id`, `planet_user`, `orbit_user`, `planet_time`, `orbit_time`, `last_pos`, `last_orb`, `star_id`, `planet_pos`, `rad`, `orb`, `cycles`, `last_build`) VALUES
(21222, 1, 'Лиив', 16, NULL, NULL, '0000-00-00 00:00:00', '0000-00-00 00:00:00', '5:41', 7, 30188, 6, 246, 210, -1, 3003);

-- sharque homeworld buildings (register/gensystem.page)
INSERT INTO `planets_buildings` (`object_id`, `planet_id`, `x`, `y`, `level`) VALUES (26, 21222, 15, 15, 0);
INSERT INTO `orbits_buildings` (`object_id`, `planet_id`, `x`, `level`) VALUES (3001, 21222, 4, 0);
INSERT INTO `planets_active` (`id`, `last_pos`) VALUES (21222, '15:15')
ON DUPLICATE KEY UPDATE `last_pos` = VALUES(`last_pos`);

SET @map_empty = REPEAT('0', 900);
SET @map_top = INSERT(@map_empty, 466, 1, '6');
SET @map_bld = INSERT(@map_empty, 466, 1, 'C');
SET @orbit_lin = INSERT(REPEAT('0', 50), 5, 1, 'T');
INSERT INTO `planets_maps` (`id`, `top`, `mdl`, `btm`, `fnd`, `bld`) VALUES (21222, @map_top, @map_empty, @map_empty, @map_empty, @map_bld)
ON DUPLICATE KEY UPDATE `top`=VALUES(`top`), `mdl`=VALUES(`mdl`), `btm`=VALUES(`btm`), `fnd`=VALUES(`fnd`), `bld`=VALUES(`bld`);
INSERT INTO `orbits_map` (`id`, `lin`) VALUES (21222, @orbit_lin)
ON DUPLICATE KEY UPDATE `lin` = VALUES(`lin`);
UPDATE `planets` SET `occuped` = 1 WHERE `id` = 21222;

-- titul zero (empty title)
INSERT IGNORE INTO `tituls` (`id`, `name`, `object_id`) VALUES (0, '', 0);

-- tituls for premium title objects present in catalog
INSERT INTO tituls (id, object_id, name)
SELECT o.id, o.id, o.name
FROM objects o
WHERE o.class = 9 AND o.cprice > 0
ON DUPLICATE KEY UPDATE object_id = VALUES(object_id), name = VALUES(name);

-- market rows for tradeable resource objects (class 1)
INSERT INTO market (object_id, buy_cnt, sell_cnt, avg_price, day_buy, day_sell, min_count)
SELECT o.id, 0, 0, o.myprice, 0, 0, 100
FROM objects o
WHERE o.class = 1
ON DUPLICATE KEY UPDATE avg_price = VALUES(avg_price);

-- architect title for sharque
INSERT INTO `tituls` (`id`, `name`, `object_id`) VALUES (22, 'Архитектор', 22)
  ON DUPLICATE KEY UPDATE `name` = 'Архитектор', `object_id` = 22;

UPDATE ship_types SET w_sum = w_power * IF(w_count = 0, 1, w_count);

UPDATE objects SET minprice = 0 WHERE minprice IS NULL;


INSERT INTO `users`
  (`id`, `parent_id`, `login`, `password`, `err_login`, `admin`, `email`, `ssid`, `status`, `level`, `lastlevel`, `tutorial_time`, `place_id`, `place_type`, `money`, `credits`, `die_time`, `insur`, `last_ip`, `volume_sound`, `volume_music`, `register_date`, `decline_time`, `fid`)
VALUES
(1, 1, 'system', '0', '0000-00-00 00:00:00', 1, 'test@gmail.com', '0', 1, 0, 0, '2010-11-28 16:44:42', 0, 0, 0.00, 7, '0000-00-00 00:00:00', 0, '', 50, 0, '0000-00-00 00:00:00', '0000-00-00 00:00:00', '0'),
(2, 1, 'Дед мороз', 'a2630081966c3b2051231309f1e227be', '0000-00-00 00:00:00', 1, 'admin@localhost', '1', 1, 0, 0, '0000-00-00 00:00:00', 0, 0, 0.00, 0, '0000-00-00 00:00:00', 0, NULL, 50, 0, '0000-00-00 00:00:00', '0000-00-00 00:00:00', '0'),
(3, 1, 'Трититы', '12345', '0000-00-00 00:00:00', 1, '', '2', 1, 0, 0, '2010-11-28 16:44:42', 0, 0, 0.00, 0, '0000-00-00 00:00:00', 0, '', 50, 0, '0000-00-00 00:00:00', '0000-00-00 00:00:00', '0'),
(4, 1, 'Пираты', '1', '0000-00-00 00:00:00', 1, 'no@qw.com', '3', 1, 0, 0, '2010-11-28 16:44:42', 0, 0, 0.00, 0, '0000-00-00 00:00:00', 0, NULL, 0, 0, '0000-00-00 00:00:00', '0000-00-00 00:00:00', '0'),
(5, 1, 'Конфедерация', '1', '0000-00-00 00:00:00', 1, 'no@qw.com', '1', 1, 0, 0, '0000-00-00 00:00:00', 0, 0, 0.00, 0, '0000-00-00 00:00:00', 0, NULL, 0, 0, '0000-00-00 00:00:00', '0000-00-00 00:00:00', '0'),
(6, 1, 'Дельфины', '1', '0000-00-00 00:00:00', 1, 'no@qw.com', '5', 1, 0, 0, '0000-00-00 00:00:00', 0, 0, 3450662.00, 0, '0000-00-00 00:00:00', 0, NULL, 0, 0, '0000-00-00 00:00:00', '0000-00-00 00:00:00', '0'),
(7, 1, 'Капитан очевидность', 'ebf25e7a04657c89193770a7489d1cac', '0000-00-00 00:00:00', 1, 'no@qw.com', '1', 1, 0, 0, '0000-00-00 00:00:00', 0, 0, 0.00, 0, '0000-00-00 00:00:00', 0, '95.56.31.160', 0, 0, '0000-00-00 00:00:00', '0000-00-00 00:00:00', '0'),
(8, 1, 'Альянс', '0', '0000-00-00 00:00:00', 1, '', '0', 1, 0, 0, '0000-00-00 00:00:00', 0, 0, 0.00, 0, '0000-00-00 00:00:00', 0, NULL, 0, 0, '0000-00-00 00:00:00', '0000-00-00 00:00:00', '0'),
(9, 1, 'Генерал альянса', '0', '0000-00-00 00:00:00', 1, '', '0', 1, 0, 0, '0000-00-00 00:00:00', 0, 0, 0.00, 0, '0000-00-00 00:00:00', 0, NULL, 0, 0, '0000-00-00 00:00:00', '0000-00-00 00:00:00', '0'),
(10, 1, 'Ничей', '0', '0000-00-00 00:00:00', 1, '', '0', 1, 0, 0, '0000-00-00 00:00:00', 0, 0, 0.00, 0, '0000-00-00 00:00:00', 0, NULL, 0, 0, '0000-00-00 00:00:00', '0000-00-00 00:00:00', '0'),
(16, 1, 'sharque', 'a2630081966c3b2051231309f1e227be', '2012-01-19 17:20:46', 2, 'thesharque@gmail.com', '1', 1, 35, 34, '2011-02-22 21:02:42', 4716833, 2, 745760896.00, 3, '2011-09-20 17:34:47', 12, '36.37.232.185', 23, 0, '0000-00-00 00:00:00', '2011-10-10 10:09:26', 'S4734306');


UPDATE `users` SET `titul` = 22 WHERE `id` = 16 AND `login` = 'sharque';

INSERT INTO `users_active`
  (`id`, `lastlogin`, `char_status`, `char_war`, `char_level`)
VALUES
(1, '2010-08-21 23:03:21', 3172, 15873, -10),
(2, '2010-08-21 23:03:21', 0, 0, 0),
(3, '2010-08-26 12:58:39', -100, 10, 0),
(4, '2010-09-16 10:40:13', -100, 100, 0),
(5, '2011-04-12 11:01:10', 1000000, 100000000, 0),
(6, '2011-01-16 14:31:31', 10000, 0, 0),
(7, '2011-04-01 17:24:28', 10000, 0, 0),
(8, '2010-08-21 23:03:21', 0, 0, 0),
(9, '2010-08-21 23:03:21', 0, 0, 0),
(10, '2010-08-21 23:03:21', 10000, 0, 0),
(16, '2012-02-13 14:11:16', 15000, 27499910, 1936170);

UPDATE `users` SET `place_id` = 21222, `place_type` = 1, `err_login` = '0000-00-00 00:00:00', `password` = MD5('test'), `last_ip` = '127.0.0.1', `volume_music` = 0 WHERE `id` = 16;
UPDATE `users_active` SET `lastlogin` = '2026-07-20 00:00:00' WHERE `id` = 16;

ALTER TABLE `users` AUTO_INCREMENT = 17;
