-- MySQL Administrator dump 1.4
--
-- ------------------------------------------------------
-- Server version	5.0.51b-community-nt


/*!40101 SET @OLD_CHARACTER_SET_CLIENT=@@CHARACTER_SET_CLIENT */;
/*!40101 SET @OLD_CHARACTER_SET_RESULTS=@@CHARACTER_SET_RESULTS */;
/*!40101 SET @OLD_COLLATION_CONNECTION=@@COLLATION_CONNECTION */;
/*!40101 SET NAMES utf8 */;

/*!40014 SET @OLD_UNIQUE_CHECKS=@@UNIQUE_CHECKS, UNIQUE_CHECKS=0 */;
/*!40014 SET @OLD_FOREIGN_KEY_CHECKS=@@FOREIGN_KEY_CHECKS, FOREIGN_KEY_CHECKS=0 */;
/*!40101 SET @OLD_SQL_MODE=@@SQL_MODE, SQL_MODE='NO_AUTO_VALUE_ON_ZERO' */;


--
-- Create schema noon
--

CREATE DATABASE IF NOT EXISTS noon;
USE noon;

--
-- Definition of table `books`
--

DROP TABLE IF EXISTS `books`;
CREATE TABLE `books` (
  `id` int(10) unsigned NOT NULL auto_increment,
  `name` varchar(80) NOT NULL,
  `description` varchar(500) NOT NULL,
  `parent_id` int(10) unsigned default NULL,
  `parent_level` int(10) unsigned default NULL,
  `teach_time` int(10) unsigned default NULL,
  PRIMARY KEY  (`id`)
) ENGINE=MyISAM AUTO_INCREMENT=17 DEFAULT CHARSET=utf8 PACK_KEYS=1 CHECKSUM=1 ROW_FORMAT=COMPRESSED;

--
-- Dumping data for table `books`
--

/*!40000 ALTER TABLE `books` DISABLE KEYS */;
INSERT INTO `books` (`id`,`name`,`description`,`parent_id`,`parent_level`,`teach_time`) VALUES 
 (1,'Геолог','Позволяет изготавливать геологические приборы. Необходим 3 уровень Геологии, для изучения Шахтерства',NULL,NULL,60),
 (4,'Скорочтение','Сокращает время изучения других наук',NULL,NULL,240),
 (3,'Металург','Сокращает время переплавки ископаемых и различных объектов. Необходим 3 уровень Металургии для изучения Креативности',2,3,120),
 (5,'Строитель','Сокращает время постройки объектов',NULL,NULL,120),
 (6,'Производственник','Сокращает время производства различных деталей',3,1,240),
 (2,'Шахтер','Сокращает время добычи ресурсов. Необходим 3 уровень Шатерства для изучения Металургии',1,3,900),
 (7,'Инженер','Увеличивает вероятность создания чертежа по образцу.',6,3,800);
/*!40000 ALTER TABLE `books` ENABLE KEYS */;


--
-- Definition of table `books_teach`
--

DROP TABLE IF EXISTS `books_teach`;
CREATE TABLE `books_teach` (
  `id` int(10) unsigned NOT NULL auto_increment,
  `book_id` int(10) unsigned NOT NULL,
  `user_id` int(10) unsigned NOT NULL,
  `end_time` datetime NOT NULL,
  PRIMARY KEY  (`id`),
  UNIQUE KEY `bt_index` (`user_id`,`end_time`)
) ENGINE=MyISAM AUTO_INCREMENT=165 DEFAULT CHARSET=utf8;

--
-- Dumping data for table `books_teach`
--

/*!40000 ALTER TABLE `books_teach` DISABLE KEYS */;
/*!40000 ALTER TABLE `books_teach` ENABLE KEYS */;


--
-- Definition of table `buildings`
--

DROP TABLE IF EXISTS `buildings`;
CREATE TABLE `buildings` (
  `id` int(10) unsigned NOT NULL auto_increment,
  `desc` varchar(450) NOT NULL,
  `energy` int(10) NOT NULL,
  `warehouse` int(10) unsigned NOT NULL,
  `map_char` varchar(1) NOT NULL,
  `req_id` int(10) unsigned default NULL,
  PRIMARY KEY  (`id`)
) ENGINE=MyISAM AUTO_INCREMENT=3007 DEFAULT CHARSET=utf8;

--
-- Dumping data for table `buildings`
--

/*!40000 ALTER TABLE `buildings` DISABLE KEYS */;
INSERT INTO `buildings` (`id`,`desc`,`energy`,`warehouse`,`map_char`,`req_id`) VALUES 
 (23,'Позволяет добывать ресурсы с поверхности планеты. Количество циклов зависит от уровня развития данной структуры. Для постоянной добычи можно использовать автономных роботов.<br><br><b>Свойства</b><br>	Энергии				<font color=\"#FF0000\">-10</font><br>	Склад					<font color=\"#00FF00\">1000</font>',-10,1000,'K',24),
 (24,'Переплавляет ископаемые, и ненужные устройства в ресурсы. Качество переплавки зависит от уровня структуры.<br><br><b>Свойства</b><br>	Энергии				<font color=\"#FF0000\">-15</font><br>	Склад					<font color=\"#00FF00\">1000</font>',-15,1000,'P',34),
 (25,'Позволяет исследовать агрегаты, устройства, чертежи, продуктом деятельности является чертеж агрегата необходимый для изготовления. Уровень постройки определяет время исследования.<br><br><b>Свойства</b><br>	Энергии				<font color=\"#FF0000\">-35</font><br>	Склад					<font color=\"#00FF00\">500</font>',-35,500,'L',39),
 (26,'Изначальная структура в которой вы спустились на планету. Обладает возможностью полностью регенирировать игрока и восстанавливать память.<br><br><b>Свойства</b><br>	Энергии				<font color=\"#00FF00\">50</font><br>	Склад					<font color=\"#00FF00\">5000</font>',50,5000,'C',NULL),
 (33,'Позволяет изготавливать вещи при наличии чертежа и ресурсов. Количество циклов производства зависит от уровня структуры. Для постоянной работы можно воспользоваться автономными роботами.<br><br><b>Свойства</b><br>	Энергии				<font color=\"#FF0000\">-50</font><br>	Склад					<font color=\"#00FF00\">5000</font>',-50,5000,'F',24),
 (34,'Вырабатывает электроэнергию необходимую всем постройкам на планете, без энергии не функционирует ни одна постройка. Количество вырабатываемой энергии зависит от уровня постройки.<br><br><b>Свойства</b><br>	Энергии				',100,0,'E',NULL),
 (36,'Позволяет добывать ресурсы с среднего слоя планеты. Перед постройкой желательно исследовать пространство с помощью зонда или геологического спутника.  Количество циклов зависит от уровня развития данной структуры. Для постоянной добычи можно использовать автономных роботов.<br><br><b>Свойства</b><br>	Энергии				<font color=\"#FF0000\">-30</font><br>	Склад					<font color=\"#00FF00\">1000</font>',-30,1000,'M',24),
 (37,'Позволяет добывать ресурсы с глубинного слоя планеты.  Перед постройкой желательно исследовать пространство с помощью зонда или геологического спутника. Количество циклов зависит от уровня развития данной структуры. Для постоянной добычи можно использовать автономных роботов.<br><br><b>Свойства</b><br>	Энергии				<font color=\"#FF0000\">-60</font><br>	Склад					<font color=\"#00FF00\">1000</font>',-60,1000,'O',24),
 (38,'Позволяет хранить больше товара на планете. Количество хранимых товаров зависит от уровня постройки.<br><br><b>Свойства</b><br>	Энергии				<font color=\"#FF0000\">-10</font><br>	Склад					',-10,50000,'S',24),
 (39,'Позволяет изготавливать сложные устройства, собираемые из нескольких модулей.',-70,5000,'R',33),
 (2000,'Исследовать почву',0,0,'0',33),
 (3001,'Торговая станция является собственностью земной федерации, позволяет выставлять на продажу товары игрока, а так же запрашивать закупку товаров. Станция обеспечивает неприкосновенность изначальной планеты.<br><br><b>Свойства</b><br>	Энергии				<font color=\"#00FF00\">300</font><br>	Склад					<font color=\"#00FF00\">50000</font>',300,50000,'T',NULL),
 (3002,'Позволяет исследовать полностью поверхность планеты, каждое новое улучшение позволяет исследовать очередной слой.',-500,0,'G',NULL),
 (3003,'Добывает колосальное количество энергии преобразуя свободную солнечную энергию электричество. Из за отсутсвия гравитации солнечные панели распространяются на несколько километров вокруг спутника.<br><br><b>Свойства</b><br>	Энергии				',1000,0,'A',NULL),
 (3004,'Позволяет хранить на орбите ресурсы.<br><br><b>Свойства</b><br>	Энергии				<font color=\"#FF0000\">-10</font><br>	Склад					',-800,120000,'I',NULL),
 (3005,'Позволяет собирать большие корабли которые из-за своего веса не могут приземлится на поверхность планеты.',-2000,2000,'Q',NULL),
 (3006,'Позволяет добывать газ из верхних слоев атмосферы некоторых планет. Используется на орбите газовых гигантов. Требует для постройки наличие электростанции',-250,3000,'W',3003);
/*!40000 ALTER TABLE `buildings` ENABLE KEYS */;


--
-- Definition of table `chat`
--

DROP TABLE IF EXISTS `chat`;
CREATE TABLE `chat` (
  `id` int(10) unsigned NOT NULL auto_increment,
  `user_id` int(10) unsigned NOT NULL,
  `msgtime` timestamp NOT NULL default CURRENT_TIMESTAMP on update CURRENT_TIMESTAMP,
  `text` varchar(450) NOT NULL,
  PRIMARY KEY  (`id`),
  KEY `by_time` (`msgtime`),
  KEY `by_user` (`user_id`)
) ENGINE=MyISAM AUTO_INCREMENT=33 DEFAULT CHARSET=utf8;

--
-- Dumping data for table `chat`
--

/*!40000 ALTER TABLE `chat` DISABLE KEYS */;
INSERT INTO `chat` (`id`,`user_id`,`msgtime`,`text`) VALUES 
 (1,2,'2009-11-23 15:26:45','проверка'),
 (2,2,'2009-11-23 15:27:07','проверка пройдена, я на канале'),
 (3,2,'2009-11-23 15:27:38','Не могу выбратся из третьего сектора, СОС, водород   уран'),
 (4,2,'2009-11-23 15:36:24','провта'),
 (5,2,'2009-11-23 16:01:30','проверка'),
 (6,2,'2009-11-23 16:02:42','Тестирование'),
 (7,2,'2009-11-23 16:02:57','не работает помоему... слишком медленно'),
 (8,2,'2009-11-23 16:05:07','ываыва'),
 (9,2,'2009-11-23 16:05:33','ппппппппппппппп'),
 (10,2,'2009-11-23 16:05:36','ыыыыыыыыыыывааааааааааааааа'),
 (11,2,'2009-11-23 16:05:51','ываыва'),
 (12,2,'2009-11-23 16:06:10','лоывадлоывалдовыалдовадло)))'),
 (13,2,'2009-11-23 16:06:47','хмммммммм... что то тут не так'),
 (14,2,'2009-11-23 16:08:38','проверка длинны'),
 (15,2,'2009-11-23 16:08:44','сообщения должны укладываться'),
 (16,2,'2009-11-23 16:08:48','в один экран'),
 (17,2,'2009-11-23 16:08:55','и заполнять его полностью'),
 (18,2,'2009-11-23 16:08:58','а не как сейчас...'),
 (19,2,'2009-11-23 16:09:15','глюк какой-то... непредсказуемый просто'),
 (20,2,'2009-11-23 16:11:45','интересная херня какая-то происходит'),
 (21,2,'2009-11-23 16:16:08','тест пройден успешно'),
 (22,2,'2009-11-23 16:40:19','проверка 2'),
 (23,2,'2009-11-23 16:47:15','след. ИД'),
 (24,2,'2009-11-23 16:47:26','про<br>верка'),
 (25,2,'2009-11-23 16:48:02','test ^^^^^^^^^'),
 (26,2,'2009-11-23 16:52:26','test'),
 (27,2,'2009-11-23 16:52:36','asdasd'),
 (28,2,'2009-11-24 17:18:27','как дела народ?'),
 (29,2,'2009-11-25 11:29:32','ываываыва'),
 (30,2,'2009-12-20 12:40:42','test'),
 (31,2,'2009-12-20 13:01:32','смайлики не высвечиваются'),
 (32,2,'2009-12-20 13:01:34','а жалко...');
/*!40000 ALTER TABLE `chat` ENABLE KEYS */;


--
-- Definition of table `enciclopedia`
--

DROP TABLE IF EXISTS `enciclopedia`;
CREATE TABLE `enciclopedia` (
  `object_id` int(10) unsigned NOT NULL auto_increment,
  `desc` longtext NOT NULL,
  PRIMARY KEY  (`object_id`)
) ENGINE=MyISAM AUTO_INCREMENT=7002 DEFAULT CHARSET=utf8;

--
-- Dumping data for table `enciclopedia`
--

/*!40000 ALTER TABLE `enciclopedia` DISABLE KEYS */;
INSERT INTO `enciclopedia` (`object_id`,`desc`) VALUES 
 (23,'<b>Карьер</b>\r\nПозволяет добывать полезные ископаемые с поверхности планеты. Одно из первых зданий, которое должно быть построено для планомерного развития. Для постройки необходим <font color=\"#00FFFF\">Нанодиспенсер</font>\r\nС каждым новым уровнем усовершенствования увеличивается количество циклов производства. Начальный уровень 1 цикл, максимальный уровень 10 циклов. Для безостановочного производства необходимо использовать автономных роботов, необходима лицензия земной конфедирации.\r\nСклад для хранения добытых полезных ископаемых: 1000<br>Начальное время постройки: 60 секунд, уменьшается при изучении науки \"Строитель\"\r\nДля постройки требуется:<br>Железо: 				50<br>Кремний: 				10<br>Доступной энергии: 	10'),
 (24,'<b>Нанодиспенсер</b>\r\nПереплавляет ископаемые, и ненужные устройства в ресурсы. Производство работает за счет применения наноботов, наноботы расщепляют вещества на составляющие атомы из которых в последствии можно изготавливать различные устройства. Качество переплавки зависит от уровня структуры. Первое производственное здание, которое необходимо построить на планете.\r\nГотовые сложные устройства собранные в сборочном цехе не поддаются переплавке ввиду их больших размеров. Переплавка и расщепление можно производить только на планетарном уровне, аналогичных строений орбитального базирования нет.\r\nДля постройки необходимо наличие <font color=\"#00FFFF\">Электростанции</font>\r\nСклад для хранения добытых полезных ископаемых: 1000<br>Начальное время постройки: 120 секунд, уменьшается при изучении науки \"Строитель\"\r\nДля постройки требуется:<br>Железо					50<br>Кремний				30<br>Энергии				15'),
 (25,'<b>Лаборатория</b>\r\nИспользуется для исследования устройств, что позволяет с обределенной долей вероятности получить чертежь исследуемого устройства необходимый для изготовления аналогичных устройств. Время исследования зависит от устройства. Некоторые устройства невозможно исследовать в принципе ввиду недостаточного технического развития, это относится к сложным устройствам, а так же к артефактам иных цевилизаций. Для постройки требуется <font color=\"#00FFFF\">сборочный цех</font>\r\nВ лаборатории можно изготавливать копию чертежа, время изготовления копии зависит от сложости чертежа. Некоторые чертежи облагаются лицензией, ввиду чего копирование таких чертежей невозможно.\r\nБолее высокий уровень структуры обеспечивает большую вероятность изготовления чертежа из устройства. Начальный уровень вероятности 20 процентов, максимальный уровень 80 процентов, гарантию изготовления чертежа до окончания исследования получить невозможно. Устройство которое отдается на исследование теряется в любом случае, однако в случае удачи, при наличии чертежа можно изготовить другое.\r\nСклад на структуре: 500<br>Начальное время постройки: 180 секунд, уменьшается при изучении науки \"Строитель\"\r\nДля постройки требуется:<br>Железо					120<br>Кремний				120<br>Энергия				35'),
 (26,'Капсула'),
 (4001,'Малый шатл'),
 (2003,'<b>Антиграв. двигатель</b>\r\nИспользуется на кораблях планетарного базирования, не потребляет топливо и позваляет очень быстро выводить корабль на орбиту. Не приемлемо использование в космическом пространстве ввиду отсутствия достаточных источников гравитационного поля. Двигатель не позволяет перемещяться в космосе. Двигатель ограничен в грузоподъемности ввиду особенности работы, для поднятия большой массы не предназначен, из-за этой конструктивной особенности не устанавливается на больших кораблях. Однако существует ряд малых кораблей на которых устанавливаются двигатели 2-х и более типов одновременно, что делает такие корабли незаминимыми разведчиками.'),
 (7001,'Макет малого шатла'),
 (33,'<b>Завод</b>\r\nИспользуется для изготовления устройств и деталей. Для производства необходимы полезные ископаемые в виде материалов, а так же чертеж устройства которое изготавливается. Чертежы приобретаются, копируются в <font color=\"#00FFFF\">Лаборатории</font> или производятся из исследования устройств. Каждое устройство для производства требует времени. Для постройки необходим <font color=\"#00FFFF\">Нанодиспенсер</font>\r\nС каждым новым уровнем усовершенствования увеличивается количество циклов производства устройства. Начальный уровень 1 цикл, максимальный уровень 10 циклов. Для безостановочного производства необходимо использовать автономных роботов, необходима лицензия земной конфедирации.\r\nСклад для хранения полезных ископаемых и произведенных деталей: 5000<br>Начальное время постройки: 60 секунд, уменьшается при изучении науки \"Строитель\"\r\nДля постройки требуется:<br>Железо: 				150<br>Кремний: 				80<br>Медь: 					80<br>Доступной энергии: 	50'),
 (34,'<b>Электростанция</b>\r\nДобывает электроэнергию из солнечного света, ветра, а так же верхних слоев атмосферы. Для постройки не требуется никаких зданий.\r\nБолее высокий уровень структуры обеспечивает большее количество энергии. Начальное количество производства энергии 100 едениц. Энергия производится не циклами, а постоянно.\r\nСклад на структуре: 0<br>Начальное время постройки: 60 секунд, уменьшается при изучении науки \"Строитель\"\r\nДля постройки требуется:<br>Железо					110<br>Кремний				40<br>Медь					30'),
 (36,'<b>Шахта</b>\r\nПозволяет добывать полезные ископаемые с среднего слоя планеты. Для добычи не обязательно исследование планеты, однако без исследования до момента полной постройки не известно что именно будет добываться на шахте. Для постройки необходим <font color=\"#00FFFF\">Нанодиспенсер</font>\r\nС каждым новым уровнем усовершенствования увеличивается количество циклов производства. Начальный уровень 1 цикл, максимальный уровень 10 циклов. Для безостановочного производства необходимо использовать автономных роботов, необходима лицензия земной конфедирации.\r\nСклад для хранения добытых полезных ископаемых: 1000<br>Начальное время постройки: 120 секунд, уменьшается при изучении науки \"Строитель\"\r\nДля постройки требуется:<br>Железо: 				100<br>Кремний: 				25<br>Доступной энергии: 	30'),
 (37,'<b>Буровая</b>\r\nПозволяет добывать полезные ископаемые с глубинного слоя планеты. Для добычи не обязательно исследование планеты, однако без исследования до момента полной постройки не известно что именно будет добываться на буровой. Для постройки необходим <font color=\"#00FFFF\">Нанодиспенсер</font>\r\nС каждым новым уровнем усовершенствования увеличивается количество циклов производства. Начальный уровень 1 цикл, максимальный уровень 10 циклов. Для безостановочного производства необходимо использовать автономных роботов, необходима лицензия земной конфедирации.\r\nСклад для хранения добытых полезных ископаемых: 1000<br>Начальное время постройки: 240 секунд, уменьшается при изучении науки \"Строитель\"\r\nДля постройки требуется:<br>Железо: 				250<br>Кремний: 				35<br>Доступной энергии: 	60'),
 (38,'Склад'),
 (39,'<b>Сборочный цех</b>\r\nИспользуется для изготовления сложных устройств из деталей произведенных на <font color=\"#00FFFF\">Заводе</font>. Для производства необходимы детали, а так же макет устройства которое изготавливается. Макеты приобретаются или копируются в <font color=\"#00FFFF\">Лаборатории</font>. Каждое устройство для производства требует времени. Для постройки необходим <font color=\"#00FFFF\">Завод</font>\r\nС каждым новым уровнем усовершенствования увеличивается количество циклов производства устройств. Начальный уровень 1 цикл, максимальный уровень 10 циклов. Для безостановочного производства необходимо использовать автономных роботов, необходима лицензия земной конфедирации.\r\nСклад для хранения полезных ископаемых и произведенных деталей: 5000<br>Начальное время постройки: 420 секунд, уменьшается при изучении науки \"Строитель\"\r\nДля постройки требуется:<br>Железо: 				750<br>Кремний: 				400<br>Медь: 					150<br>Титан: 					25<br>Доступной энергии: 	70'),
 (1049,'Цирконий'),
 (1048,'Цинк'),
 (1047,'Иттрий'),
 (1046,'Вольфрам'),
 (1045,'Ванадий'),
 (1044,'Уран'),
 (1043,'Титан'),
 (1042,'Торий'),
 (1041,'Теллур'),
 (1040,'Стронций'),
 (1039,'Олово'),
 (1038,'Самарий'),
 (1037,'Кремний'),
 (1036,'Селен'),
 (1035,'Сурьма'),
 (1034,'Сера'),
 (1033,'Рубидий'),
 (1032,'Свинец'),
 (1031,'Фосфор'),
 (1030,'Кислород'),
 (1029,'Никель'),
 (1028,'Неодим'),
 (1027,'Натрий'),
 (1026,'Азот'),
 (1025,'Молибден'),
 (1024,'Марганец'),
 (1023,'Магний'),
 (1022,'Литий'),
 (1021,'Калий'),
 (1020,'Ртуть'),
 (1019,'Водород'),
 (1018,'Германий'),
 (1017,'Гадолиний'),
 (1016,'Железо'),
 (1015,'Фтор'),
 (1014,'Дейтерий'),
 (1013,'Медь'),
 (1012,'Хром'),
 (1011,'Кобальт'),
 (1010,'Хлор'),
 (1009,'Цезий'),
 (1008,'Кальций'),
 (1007,'Углерод'),
 (1006,'Висмут'),
 (1005,'Бериллий'),
 (1004,'Бор'),
 (1003,'Золото'),
 (1002,'Мышьяк'),
 (1001,'Аллюминий'),
 (1000,'Серебро'),
 (5000,'Азурит'),
 (5001,'Алабандин'),
 (5002,'Альбит'),
 (5003,'Апатит'),
 (5004,'Аргентит'),
 (5005,'Бадделеит'),
 (5006,'Берилл'),
 (5007,'Брукит'),
 (5008,'Брусит'),
 (5009,'Висмутин'),
 (5010,'Вода'),
 (5011,'Вольфрамит'),
 (5012,'Галенит'),
 (5013,'Галит'),
 (5014,'Гаусманит'),
 (5015,'Гематит'),
 (5016,'Гемиморфит'),
 (5017,'Гётит'),
 (5018,'Гипс'),
 (5019,'Графит'),
 (5020,'Данбурит'),
 (5021,'Дарапскит'),
 (5022,'Диоптаз'),
 (5023,'Доломит'),
 (5024,'Дюмортьерит'),
 (5025,'Жадеит'),
 (5026,'Иллит'),
 (5027,'Ильменит'),
 (5028,'Каинит'),
 (5029,'Калаверит'),
 (5030,'Каломель'),
 (5031,'Касситерит'),
 (5032,'Кварц'),
 (5033,'Киноварь'),
 (5034,'Колвезит'),
 (5035,'Корунд'),
 (5036,'Магнетит'),
 (5037,'Мирабилит'),
 (5038,'Молибденит'),
 (5039,'Монацит'),
 (5040,'Мусковит'),
 (5041,'Настуран'),
 (5042,'Опал'),
 (5043,'Пентландит'),
 (5044,'Перовскит'),
 (5045,'Петалит'),
 (5046,'Пираргирит'),
 (5047,'Реальгар'),
 (5048,'Ринерит'),
 (5049,'Рубицин'),
 (5050,'Сильванит'),
 (5051,'Стронцианит'),
 (5052,'Тальк'),
 (5053,'Турманит'),
 (5054,'Уваровит'),
 (5055,'Флюорит'),
 (5056,'Циркон'),
 (5057,'Шеелит'),
 (5058,'Эвдиалит'),
 (5059,'Эритрин'),
 (5060,'Ярозит'),
 (2000,'Геологический зонд'),
 (6000,'Чертеж геологического зонда'),
 (2001,'Корпус шатла'),
 (6001,'Чертеж корпуса шатла'),
 (2002,'Малый ядерный реактор'),
 (6002,'Чертеж малого ядерного реактора'),
 (2004,'Малый грузовой отсек'),
 (6003,'Чертеж антиграв. двигателя'),
 (6004,'Чертеж грузового отсека'),
 (2005,'Кабина шатла'),
 (6005,'Чертеж кабины шатла'),
 (3001,'Торговая станция'),
 (3002,'Геологический спутник'),
 (3003,'Солнечная электростанция'),
 (3004,'Орбитальный склад'),
 (3005,'Орб. сборочный цех');
/*!40000 ALTER TABLE `enciclopedia` ENABLE KEYS */;


--
-- Definition of table `fleets`
--

DROP TABLE IF EXISTS `fleets`;
CREATE TABLE `fleets` (
  `id` int(10) unsigned NOT NULL auto_increment,
  `cargo` int(10) unsigned NOT NULL,
  `w_power` int(10) unsigned NOT NULL,
  `w_count` int(10) unsigned NOT NULL,
  `agrav` int(10) unsigned NOT NULL,
  `planet` int(10) unsigned NOT NULL,
  `hyper` int(10) unsigned NOT NULL,
  `mass` int(10) unsigned NOT NULL,
  `shield` int(10) unsigned NOT NULL,
  `user_id` int(10) unsigned NOT NULL,
  `arg1` int(10) default NULL,
  `arg2` int(10) default NULL,
  `place_id` int(10) unsigned NOT NULL,
  `place_type` int(10) unsigned NOT NULL COMMENT '0-orbit, 1-planet, 2-ship, 3-station, 5-in fly, 7-system point, 8-galaxy point',
  `name` varchar(45) NOT NULL,
  `planet_cnt` int(10) unsigned NOT NULL,
  `hyper_cnt` int(10) unsigned NOT NULL,
  PRIMARY KEY  (`id`)
) ENGINE=MyISAM AUTO_INCREMENT=78 DEFAULT CHARSET=utf8;

--
-- Dumping data for table `fleets`
--

/*!40000 ALTER TABLE `fleets` DISABLE KEYS */;
INSERT INTO `fleets` (`id`,`cargo`,`w_power`,`w_count`,`agrav`,`planet`,`hyper`,`mass`,`shield`,`user_id`,`arg1`,`arg2`,`place_id`,`place_type`,`name`,`planet_cnt`,`hyper_cnt`) VALUES 
 (75,4500,0,0,1,1,1,7515,0,2,NULL,NULL,21125,0,'Флот МШ4001-7',15,15),
 (77,16500,0,0,1,1,1,27555,0,2,NULL,NULL,20002,0,'Флот МШ4001-1',55,55);
/*!40000 ALTER TABLE `fleets` ENABLE KEYS */;


--
-- Definition of table `objects`
--

DROP TABLE IF EXISTS `objects`;
CREATE TABLE `objects` (
  `id` int(10) unsigned NOT NULL auto_increment,
  `name` varchar(45) NOT NULL,
  `min_cnt` int(10) unsigned NOT NULL,
  `mass` int(10) unsigned NOT NULL,
  `class` int(10) unsigned NOT NULL,
  `price` int(10) unsigned NOT NULL,
  `weight` int(10) unsigned NOT NULL,
  `make_time` int(10) unsigned NOT NULL default '0',
  PRIMARY KEY  (`id`),
  KEY `by_weight` (`weight`),
  KEY `classification` (`class`)
) ENGINE=MyISAM AUTO_INCREMENT=7010 DEFAULT CHARSET=utf8;

--
-- Dumping data for table `objects`
--

/*!40000 ALTER TABLE `objects` DISABLE KEYS */;
INSERT INTO `objects` (`id`,`name`,`min_cnt`,`mass`,`class`,`price`,`weight`,`make_time`) VALUES 
 (23,'Карьер',1,100000,3,0,90,60),
 (24,'Нанодиспенсер',1,100000,3,0,50,120),
 (25,'Лаборатория',1,100000,3,0,30,180),
 (26,'Капсула',1,100000,0,0,0,0),
 (4001,'Малый шатл',1,2505,4,0,0,1200),
 (2003,'Антиграв. двигатель',1,375,2,0,0,150),
 (7001,'Макет малого шатла',1,0,7,0,0,1200),
 (33,'Завод',1,100000,3,0,40,60),
 (34,'Электростанция',1,100000,3,0,100,60),
 (36,'Шахта',1,100000,3,0,80,120),
 (37,'Буровая',1,100000,3,0,70,240),
 (38,'Склад',1,100000,3,0,60,300),
 (39,'Сборочный цех',1,100000,3,0,10,420),
 (1049,'Цирконий',1,1,1,0,0,0),
 (1048,'Цинк',1,1,1,0,0,0),
 (1047,'Иттрий',1,1,1,0,0,0),
 (1046,'Вольфрам',1,1,1,0,0,0),
 (1045,'Ванадий',1,1,1,0,0,0),
 (1044,'Уран',1,1,1,0,0,0),
 (1043,'Титан',1,1,1,0,0,0),
 (1042,'Торий',1,1,1,0,0,0),
 (1041,'Теллур',1,1,1,0,0,0),
 (1040,'Стронций',1,1,1,0,0,0),
 (1039,'Олово',1,1,1,0,0,0),
 (1038,'Самарий',1,1,1,0,0,0),
 (1037,'Кремний',1,1,1,0,0,0),
 (1036,'Селен',1,1,1,0,0,0),
 (1035,'Сурьма',1,1,1,0,0,0),
 (1034,'Сера',1,1,1,0,0,0),
 (1033,'Рубидий',1,1,1,0,0,0),
 (1032,'Свинец',1,1,1,0,0,0),
 (1031,'Фосфор',1,1,1,0,0,0),
 (1030,'Кислород',1,1,1,0,0,0),
 (1029,'Никель',1,1,1,0,0,0),
 (1028,'Неодим',1,1,1,0,0,0),
 (1027,'Натрий',1,1,1,0,0,0),
 (1026,'Азот',1,1,1,0,0,0),
 (1025,'Молибден',1,1,1,0,0,0),
 (1024,'Марганец',1,1,1,0,0,0),
 (1023,'Магний',1,1,1,0,0,0),
 (1022,'Литий',1,1,1,0,0,0),
 (1021,'Калий',1,1,1,0,0,0),
 (1020,'Ртуть',1,1,1,0,0,0),
 (1019,'Водород',1,1,1,0,0,0),
 (1018,'Германий',1,1,1,0,0,0),
 (1017,'Гадолиний',1,1,1,0,0,0),
 (1016,'Железо',1,1,1,0,0,0),
 (1015,'Фтор',1,1,1,0,0,0),
 (1014,'Дейтерий',1,1,1,0,0,0),
 (1013,'Медь',1,1,1,0,0,0),
 (1012,'Хром',1,1,1,0,0,0),
 (1011,'Кобальт',1,1,1,0,0,0),
 (1010,'Хлор',1,1,1,0,0,0),
 (1009,'Цезий',1,1,1,0,0,0),
 (1008,'Кальций',1,1,1,0,0,0),
 (1007,'Углерод',1,1,1,0,0,0),
 (1006,'Висмут',1,1,1,0,0,0),
 (1005,'Бериллий',1,1,1,0,0,0),
 (1004,'Бор',1,1,1,0,0,0),
 (1003,'Золото',1,1,1,0,0,0),
 (1002,'Мышьяк',1,1,1,0,0,0),
 (1001,'Аллюминий',1,1,1,0,0,0),
 (1000,'Серебро',1,1,1,0,0,0),
 (5000,'Азурит',100,1,5,0,0,300),
 (5001,'Алабандин',100,1,5,0,0,300),
 (5002,'Альбит',100,1,5,0,0,300),
 (5003,'Апатит',100,1,5,0,0,300),
 (5004,'Аргентит',100,1,5,0,0,300),
 (5005,'Бадделеит',100,1,5,0,0,300),
 (5006,'Берилл',100,1,5,0,0,300),
 (5007,'Брукит',100,1,5,0,0,300),
 (5008,'Брусит',100,1,5,0,0,300),
 (5009,'Висмутин',100,1,5,0,0,300),
 (5010,'Вода',100,1,5,0,0,300),
 (5011,'Вольфрамит',100,1,5,0,0,300),
 (5012,'Галенит',100,1,5,0,0,300),
 (5013,'Галит',100,1,5,0,0,300),
 (5014,'Гаусманит',100,1,5,0,0,300),
 (5015,'Гематит',100,1,5,0,0,300),
 (5016,'Гемиморфит',100,1,5,0,0,300),
 (5017,'Гётит',100,1,5,0,0,300),
 (5018,'Гипс',100,1,5,0,0,300),
 (5019,'Графит',100,1,5,0,0,300),
 (5020,'Данбурит',100,1,5,0,0,300),
 (5021,'Дарапскит',100,1,5,0,0,300),
 (5022,'Диоптаз',100,1,5,0,0,300),
 (5023,'Доломит',100,1,5,0,0,300),
 (5024,'Дюмортьерит',100,1,5,0,0,300),
 (5025,'Жадеит',100,1,5,0,0,300),
 (5026,'Иллит',100,1,5,0,0,300),
 (5027,'Ильменит',100,1,5,0,0,300),
 (5028,'Каинит',100,1,5,0,0,300),
 (5029,'Калаверит',100,1,5,0,0,300),
 (5030,'Каломель',100,1,5,0,0,300),
 (5031,'Касситерит',100,1,5,0,0,300),
 (5032,'Кварц',100,1,5,0,0,300),
 (5033,'Киноварь',100,1,5,0,0,300),
 (5034,'Колвезит',100,1,5,0,0,300),
 (5035,'Корунд',100,1,5,0,0,300),
 (5036,'Магнетит',100,1,5,0,0,300),
 (5037,'Мирабилит',100,1,5,0,0,300),
 (5038,'Молибденит',100,1,5,0,0,300),
 (5039,'Монацит',100,1,5,0,0,300),
 (5040,'Мусковит',100,1,5,0,0,300),
 (5041,'Настуран',100,1,5,0,0,300),
 (5042,'Опал',100,1,5,0,0,300),
 (5043,'Пентландит',100,1,5,0,0,300),
 (5044,'Перовскит',100,1,5,0,0,300),
 (5045,'Петалит',100,1,5,0,0,300),
 (5046,'Пираргирит',100,1,5,0,0,300),
 (5047,'Реальгар',100,1,5,0,0,300),
 (5048,'Ринерит',100,1,5,0,0,300),
 (5049,'Рубицин',100,1,5,0,0,300),
 (5050,'Сильванит',100,1,5,0,0,300),
 (5051,'Стронцианит',100,1,5,0,0,300),
 (5052,'Тальк',100,1,5,0,0,300),
 (5053,'Турманит',100,1,5,0,0,300),
 (5054,'Уваровит',100,1,5,0,0,300),
 (5055,'Флюорит',100,1,5,0,0,300),
 (5056,'Циркон',100,1,5,0,0,300),
 (5057,'Шеелит',100,1,5,0,0,300),
 (5058,'Эвдиалит',100,1,5,0,0,300),
 (5059,'Эритрин',100,1,5,0,0,300),
 (5060,'Ярозит',100,1,5,0,0,300),
 (2000,'Геологический зонд',1,7,2,0,0,30),
 (6000,'Чертеж геологического зонда',1,0,6,0,0,10),
 (2001,'Корпус малого шатла',1,170,2,0,0,300),
 (6001,'Чертеж корпуса шатла',1,0,6,0,0,450),
 (2002,'Малый ядерный реактор',1,110,2,0,0,500),
 (6002,'Чертеж малого ядерного реактора',1,0,6,0,0,750),
 (2004,'Малый грузовой отсек',1,250,2,0,0,400),
 (6003,'Чертеж антиграв. двигателя',1,0,6,0,0,750),
 (6004,'Чертеж грузового отсека',1,0,6,0,0,200),
 (2005,'Кабина шатла',1,100,2,0,0,1200),
 (6005,'Чертеж кабины шатла',1,0,6,0,0,450),
 (3001,'Торговая станция',1,100000,0,0,0,0),
 (3002,'Геологический спутник',1,100000,8,0,90,1200),
 (3003,'Солнечная электростанция',1,100000,8,0,100,1200),
 (3004,'Орбитальный склад',1,100000,8,0,80,1200),
 (3005,'Орб. сборочный цех',1,100000,8,0,70,1200),
 (4002,'Средний шатл',1,0,4,0,0,2400),
 (4003,'Большой шатл',1,0,4,0,0,4800),
 (7002,'Макет среднего шатла',1,0,7,0,0,2400),
 (7003,'Макет большого шатла',1,0,7,0,0,4800),
 (2006,'Корпус среднего шатла',1,0,2,0,0,600),
 (2007,'Корпус большого шатла',1,0,2,0,0,2400),
 (6007,'Чертеж корпуса большого шатла',1,0,6,0,0,2900),
 (6006,'Чертеж корпуса среднего шатла',1,0,6,0,0,900),
 (2008,'Средний ядерный реактор',1,0,2,0,0,700),
 (6008,'Чертеж среднего ядерного реактора',1,0,6,0,0,1200),
 (2009,'Малый термоядерный реактор',1,0,2,0,0,1200),
 (6009,'Чертеж малого термоядерного реактора',1,0,6,0,0,1600),
 (2010,'Большой грузовой отсек',1,0,2,0,0,2400),
 (6010,'Чертеж большого грузового отсека',1,0,6,0,0,2800),
 (4004,'Малый разведчик',1,0,4,0,0,2400),
 (4005,'Межпланетный малый транспорт',1,0,4,0,0,3200),
 (4006,'Межпланетный средний транспорт',1,0,4,0,0,4800),
 (4007,'Межпланетный малый шатл',1,0,4,0,0,4800),
 (4008,'Межпланетный средний шатл',1,0,4,0,0,5600),
 (4009,'Межпланетный транспорт тягач',1,0,4,0,0,9200),
 (7004,'Макет малого разведчика',1,0,7,0,0,2400),
 (7005,'Макет межпланетного м. транспорта',1,0,7,0,0,3200),
 (7006,'Макет межпланетного с. транспорта',1,0,7,0,0,4800),
 (7007,'Макет межпланетного м. шатла',1,0,7,0,0,4800),
 (7008,'Макет межпланетного с. шатла',1,0,7,0,0,5600),
 (7009,'Макет меж. транспорта тягача',1,0,7,0,0,9200),
 (2011,'Корпус малого разведчика',1,0,2,0,0,700),
 (2012,'Гиперактивный планетарный двигатель',1,0,2,0,0,650),
 (2013,'Кабина истребителя',1,0,2,0,0,1200),
 (2014,'Топливно-грузовой отсек',1,0,2,0,0,900),
 (2015,'Межпланетный дифузный двигатель',1,0,2,0,0,1400),
 (2016,'Корпус малого транспорта',1,0,2,0,0,600),
 (2017,'Корпус среднего транспорта',1,0,2,0,0,1200),
 (2018,'Корпус межпланетного малого шатла',1,0,2,0,0,1600),
 (2019,'Корпус межпланетного среднего шатла',1,0,2,0,0,3200),
 (3006,'Орбитальный газодобывающий завод',1,0,8,0,60,1200);
/*!40000 ALTER TABLE `objects` ENABLE KEYS */;


--
-- Definition of table `objects_layout`
--

DROP TABLE IF EXISTS `objects_layout`;
CREATE TABLE `objects_layout` (
  `object_id` int(10) unsigned NOT NULL auto_increment,
  `book_req` int(10) unsigned NOT NULL,
  `book_level` int(10) unsigned NOT NULL,
  PRIMARY KEY  (`object_id`)
) ENGINE=MyISAM DEFAULT CHARSET=utf8;

--
-- Dumping data for table `objects_layout`
--

/*!40000 ALTER TABLE `objects_layout` DISABLE KEYS */;
/*!40000 ALTER TABLE `objects_layout` ENABLE KEYS */;


--
-- Definition of table `objects_sub`
--

DROP TABLE IF EXISTS `objects_sub`;
CREATE TABLE `objects_sub` (
  `id` int(10) unsigned NOT NULL auto_increment,
  `object_id` int(10) unsigned NOT NULL,
  `res_id` int(10) unsigned NOT NULL,
  `res_cnt` int(10) unsigned NOT NULL,
  PRIMARY KEY  (`id`),
  KEY `by_object` (`object_id`)
) ENGINE=MyISAM AUTO_INCREMENT=356 DEFAULT CHARSET=utf8;

--
-- Dumping data for table `objects_sub`
--

/*!40000 ALTER TABLE `objects_sub` DISABLE KEYS */;
INSERT INTO `objects_sub` (`id`,`object_id`,`res_id`,`res_cnt`) VALUES 
 (15,23,1016,50),
 (16,23,1037,10),
 (17,24,1016,50),
 (18,24,1037,30),
 (19,25,1016,120),
 (20,25,1037,120),
 (21,33,1016,150),
 (22,33,1037,80),
 (23,33,1013,80),
 (24,34,1016,110),
 (25,34,1037,40),
 (26,34,1013,30),
 (27,36,1016,100),
 (28,36,1037,25),
 (29,37,1016,250),
 (30,37,1037,35),
 (31,38,1016,500),
 (32,38,1037,500),
 (33,39,1016,750),
 (34,39,1037,400),
 (35,39,1043,25),
 (36,39,1013,150),
 (37,5005,1049,99),
 (38,5056,1049,49),
 (39,5058,1049,9),
 (40,5011,1046,60),
 (41,5016,1048,54),
 (42,5048,1048,22),
 (43,5057,1046,63),
 (44,5058,1047,1),
 (45,5007,1043,59),
 (46,5027,1043,31),
 (47,5041,1044,88),
 (48,5044,1043,35),
 (49,5053,1045,5),
 (50,5029,1041,56),
 (51,5031,1039,31),
 (52,5039,1042,16),
 (53,5050,1041,59),
 (54,5051,1040,59),
 (55,5002,1037,68),
 (56,5006,1037,31),
 (57,5009,1036,8),
 (58,5016,1037,11),
 (59,5020,1037,23),
 (60,5022,1037,18),
 (61,5024,1037,14),
 (62,5025,1037,27),
 (63,5026,1037,25),
 (64,5032,1037,46),
 (65,5039,1038,14),
 (66,5040,1037,21),
 (67,5042,1037,32),
 (68,5045,1037,36),
 (69,5049,1037,27),
 (70,5052,1037,29),
 (71,5053,1037,3),
 (72,5054,1037,16),
 (73,5056,1037,15),
 (74,5058,1037,22),
 (75,5001,1034,28),
 (76,5004,1034,12),
 (77,5009,1035,2),
 (78,5012,1034,13),
 (79,5018,1034,19),
 (80,5021,1034,8),
 (81,5028,1034,13),
 (82,5033,1034,13),
 (83,5037,1034,10),
 (84,5038,1034,39),
 (85,5043,1034,33),
 (86,5046,1035,22),
 (87,5046,1034,17),
 (88,5047,1034,29),
 (89,5048,1034,30),
 (90,5049,1033,21),
 (91,5060,1034,13),
 (92,5001,1032,3),
 (93,5003,1031,18),
 (94,5003,1030,38),
 (95,5006,1030,53),
 (96,5007,1030,38),
 (97,5008,1030,55),
 (98,5009,1032,6),
 (99,5010,1030,50),
 (100,5011,1030,21),
 (101,5012,1032,86),
 (102,5014,1030,27),
 (103,5015,1030,30),
 (104,5016,1030,33),
 (105,5017,1030,36),
 (106,5018,1030,55),
 (107,5020,1030,52),
 (108,5021,1030,48),
 (109,5022,1030,40),
 (110,5023,1030,52),
 (111,5024,1030,50),
 (112,5025,1030,46),
 (113,5026,1030,54),
 (114,5027,1030,31),
 (115,5028,1030,44),
 (116,5031,1030,68),
 (117,5032,1030,53),
 (118,5034,1030,36),
 (119,5035,1030,46),
 (120,5036,1030,27),
 (121,5037,1030,69),
 (122,5039,1031,12),
 (123,5039,1030,26),
 (124,5040,1030,47),
 (125,5041,1030,11),
 (126,5042,1030,64),
 (127,5044,1030,35),
 (128,5045,1030,52),
 (129,5049,1030,40),
 (130,5051,1030,32),
 (131,5052,1030,50),
 (132,5053,1030,32),
 (133,5054,1030,38),
 (134,5056,1030,35),
 (135,5057,1030,22),
 (136,5058,1030,38),
 (137,5059,1030,43),
 (138,5060,1030,44),
 (139,5002,1027,12),
 (140,5013,1027,39),
 (141,5021,1027,22),
 (142,5025,1027,11),
 (143,5037,1027,14),
 (144,5039,1028,6),
 (145,5043,1029,34),
 (146,5058,1027,9),
 (147,5001,1024,65),
 (148,5011,1024,9),
 (149,5014,1024,72),
 (150,5021,1026,9),
 (151,5026,1024,2),
 (152,5038,1025,60),
 (153,5053,1024,52),
 (154,5058,1024,2),
 (155,5008,1023,41),
 (156,5023,1023,13),
 (157,5026,1021,6),
 (158,5028,1021,16),
 (159,5028,1023,10),
 (160,5040,1021,9),
 (161,5045,1022,2),
 (162,5049,1021,3),
 (163,5052,1023,19),
 (164,5053,1023,3),
 (165,5060,1021,8),
 (166,5003,1019,1),
 (167,5008,1019,3),
 (168,5010,1019,48),
 (169,5016,1019,1),
 (170,5017,1019,1),
 (171,5018,1019,2),
 (172,5021,1019,12),
 (173,5022,1019,1),
 (174,5024,1019,1),
 (175,5026,1019,1),
 (176,5028,1019,2),
 (177,5030,1020,84),
 (178,5033,1020,86),
 (179,5034,1019,1),
 (180,5037,1019,6),
 (181,5040,1019,1),
 (182,5042,1019,3),
 (183,5048,1018,7),
 (184,5052,1019,1),
 (185,5053,1019,1),
 (186,5058,1019,1),
 (187,5059,1019,2),
 (188,5060,1019,1),
 (189,5003,1015,1),
 (190,5007,1016,2),
 (191,5010,1014,1),
 (192,5011,1016,9),
 (193,5015,1016,69),
 (194,5017,1016,62),
 (195,5025,1016,3),
 (196,5026,1016,2),
 (197,5027,1016,37),
 (198,5036,1016,72),
 (199,5039,1017,14),
 (200,5040,1015,1),
 (201,5043,1016,32),
 (202,5048,1016,13),
 (203,5055,1015,48),
 (204,5058,1016,3),
 (205,5060,1016,33),
 (206,5000,1013,99),
 (207,5001,1013,2),
 (208,5009,1013,3),
 (209,5022,1013,40),
 (210,5034,1011,18),
 (211,5034,1013,39),
 (212,5048,1013,25),
 (213,5054,1012,21),
 (214,5059,1011,29),
 (215,5003,1008,39),
 (216,5003,1010,2),
 (217,5013,1010,60),
 (218,5018,1008,23),
 (219,5020,1008,16),
 (220,5023,1008,22),
 (221,5028,1010,14),
 (222,5030,1010,15),
 (223,5039,1008,2),
 (224,5039,1009,9),
 (225,5044,1008,29),
 (226,5054,1008,24),
 (227,5055,1008,51),
 (228,5057,1008,14),
 (229,5058,1008,6),
 (230,5058,1009,7),
 (231,5058,1010,1),
 (232,5006,1005,5),
 (233,5009,1006,80),
 (234,5019,1007,99),
 (235,5023,1007,12),
 (236,5034,1007,5),
 (237,5051,1007,8),
 (238,5020,1004,8),
 (239,5024,1004,2),
 (240,5029,1003,43),
 (241,5047,1002,70),
 (242,5048,1002,2),
 (243,5050,1003,34),
 (244,5053,1002,3),
 (245,5059,1002,25),
 (246,5001,1000,1),
 (247,5002,1001,19),
 (248,5004,1000,87),
 (249,5006,1001,10),
 (250,5024,1001,32),
 (251,5025,1001,12),
 (252,5026,1001,9),
 (253,5035,1001,53),
 (254,5040,1001,20),
 (255,5045,1001,9),
 (256,5046,1000,60),
 (257,5049,1001,8),
 (258,5050,1000,6),
 (259,2000,1016,2),
 (260,2000,1037,2),
 (261,2000,1043,3),
 (262,2000,6000,1),
 (263,2001,6001,1),
 (264,2001,1043,135),
 (265,2001,1013,35),
 (266,2002,6002,1),
 (267,2002,1014,20),
 (268,2002,1032,70),
 (269,2002,1043,10),
 (270,2002,1013,10),
 (271,2003,1049,150),
 (272,2003,1043,150),
 (273,2003,1013,50),
 (274,2003,1021,10),
 (275,2003,1034,15),
 (276,2003,6003,1),
 (277,2004,6004,1),
 (278,2004,1016,200),
 (279,2004,1043,50),
 (280,2004,1030,500),
 (281,2004,1019,100),
 (282,2005,6005,1),
 (283,2005,1043,25),
 (284,2005,1032,150),
 (285,2005,1008,25),
 (286,2005,1030,700),
 (287,4001,7001,1),
 (288,4001,2001,1),
 (289,4001,2002,1),
 (290,4001,2003,1),
 (291,4001,2004,1),
 (292,4001,2005,1),
 (293,3002,1037,1200),
 (294,3002,1030,15000),
 (295,3002,1007,1300),
 (296,3002,1043,9000),
 (297,3003,1022,1300),
 (298,3003,1045,300),
 (299,3003,1011,700),
 (300,3003,1030,10000),
 (301,3003,1013,700),
 (302,3004,1043,1200),
 (303,3004,1038,300),
 (304,3004,1030,9000),
 (305,3004,1024,800),
 (306,3004,1023,800),
 (307,3004,1001,1200),
 (308,3004,1007,500),
 (309,3005,1038,1200),
 (310,3005,1030,12000),
 (311,3005,1033,300),
 (312,3005,1046,1300),
 (313,3005,1028,300),
 (314,3005,1019,12000),
 (315,3005,1047,50),
 (316,3005,1009,45),
 (317,3005,1014,150),
 (318,4002,7002,1),
 (319,4003,7003,1),
 (320,4002,2003,1),
 (321,4002,2005,1),
 (322,4002,2006,1),
 (323,4002,2008,1),
 (324,4002,2004,3),
 (325,4003,2003,1),
 (326,4003,2005,1),
 (327,4003,2007,1),
 (328,4003,2009,1),
 (329,4003,2010,2),
 (330,2006,6006,1),
 (331,2006,1043,210),
 (332,2006,1013,50),
 (333,2007,6007,1),
 (334,2007,1043,310),
 (335,2007,1013,90),
 (336,2008,6008,1),
 (337,2008,1014,30),
 (338,2008,1032,90),
 (339,2008,1043,15),
 (340,2008,1013,15),
 (341,2009,6009,1),
 (342,2009,1014,60),
 (343,2009,1032,200),
 (344,2009,1043,25),
 (345,2009,1013,30),
 (346,2010,6010,1),
 (347,2010,1016,800),
 (348,2010,1043,250),
 (349,2010,1030,2000),
 (350,2010,1019,400),
 (351,3006,1022,800),
 (352,3006,1045,200),
 (353,3006,1011,300),
 (354,3006,1030,5000),
 (355,3006,1013,400);
/*!40000 ALTER TABLE `objects_sub` ENABLE KEYS */;


--
-- Definition of table `orbit_events`
--

DROP TABLE IF EXISTS `orbit_events`;
CREATE TABLE `orbit_events` (
  `id` int(10) unsigned NOT NULL auto_increment,
  `event_type` int(10) unsigned NOT NULL,
  `x` int(10) unsigned NOT NULL,
  `planet_id` int(10) unsigned NOT NULL,
  `object_id` int(10) unsigned NOT NULL,
  `event_time` datetime NOT NULL,
  `timer` int(10) unsigned NOT NULL default '0',
  `user_id` int(10) unsigned NOT NULL,
  PRIMARY KEY  (`id`)
) ENGINE=MyISAM AUTO_INCREMENT=27 DEFAULT CHARSET=utf8;

--
-- Dumping data for table `orbit_events`
--

/*!40000 ALTER TABLE `orbit_events` DISABLE KEYS */;
INSERT INTO `orbit_events` (`id`,`event_type`,`x`,`planet_id`,`object_id`,`event_time`,`timer`,`user_id`) VALUES 
 (26,4,9,20002,3006,'2009-12-20 16:45:35',300,2);
/*!40000 ALTER TABLE `orbit_events` ENABLE KEYS */;


--
-- Definition of table `orbits_buildings`
--

DROP TABLE IF EXISTS `orbits_buildings`;
CREATE TABLE `orbits_buildings` (
  `id` int(10) unsigned NOT NULL auto_increment,
  `object_id` int(10) unsigned NOT NULL,
  `planet_id` int(10) unsigned NOT NULL,
  `x` int(10) unsigned NOT NULL,
  `level` int(10) unsigned NOT NULL default '1',
  PRIMARY KEY  (`id`)
) ENGINE=MyISAM AUTO_INCREMENT=17 DEFAULT CHARSET=utf8;

--
-- Dumping data for table `orbits_buildings`
--

/*!40000 ALTER TABLE `orbits_buildings` DISABLE KEYS */;
INSERT INTO `orbits_buildings` (`id`,`object_id`,`planet_id`,`x`,`level`) VALUES 
 (1,3001,20002,2,0),
 (2,3003,20002,3,4),
 (3,3004,20002,5,1),
 (4,3003,20002,4,4),
 (5,3002,20002,7,10),
 (6,3001,21100,4,0),
 (7,3001,21104,4,0),
 (8,3001,21115,4,0),
 (9,3001,21125,4,0),
 (10,3001,21127,4,0),
 (11,3001,21134,4,0),
 (12,3001,21141,4,0),
 (13,3001,21148,4,0),
 (14,3003,20002,8,2),
 (15,3005,20002,6,2),
 (16,3006,20002,9,2);
/*!40000 ALTER TABLE `orbits_buildings` ENABLE KEYS */;


--
-- Definition of table `orbits_disp`
--

DROP TABLE IF EXISTS `orbits_disp`;
CREATE TABLE `orbits_disp` (
  `event_id` int(10) unsigned NOT NULL auto_increment,
  `res_id` int(10) unsigned NOT NULL,
  `res_cnt` int(10) unsigned NOT NULL,
  `level` int(10) unsigned NOT NULL,
  PRIMARY KEY  (`event_id`)
) ENGINE=MyISAM DEFAULT CHARSET=utf8;

--
-- Dumping data for table `orbits_disp`
--

/*!40000 ALTER TABLE `orbits_disp` DISABLE KEYS */;
/*!40000 ALTER TABLE `orbits_disp` ENABLE KEYS */;


--
-- Definition of table `orbits_make`
--

DROP TABLE IF EXISTS `orbits_make`;
CREATE TABLE `orbits_make` (
  `event_id` int(10) unsigned NOT NULL auto_increment,
  `object_id` int(10) unsigned NOT NULL,
  `cycle` int(10) unsigned NOT NULL,
  PRIMARY KEY  (`event_id`)
) ENGINE=MyISAM AUTO_INCREMENT=18 DEFAULT CHARSET=utf8;

--
-- Dumping data for table `orbits_make`
--

/*!40000 ALTER TABLE `orbits_make` DISABLE KEYS */;
/*!40000 ALTER TABLE `orbits_make` ENABLE KEYS */;


--
-- Definition of table `orbits_mines`
--

DROP TABLE IF EXISTS `orbits_mines`;
CREATE TABLE `orbits_mines` (
  `event_id` int(10) unsigned NOT NULL auto_increment,
  `res_id` int(10) unsigned NOT NULL,
  `res_cnt` int(10) unsigned NOT NULL,
  `cycle` int(10) unsigned NOT NULL,
  PRIMARY KEY  (`event_id`)
) ENGINE=MyISAM AUTO_INCREMENT=26 DEFAULT CHARSET=utf8;

--
-- Dumping data for table `orbits_mines`
--

/*!40000 ALTER TABLE `orbits_mines` DISABLE KEYS */;
/*!40000 ALTER TABLE `orbits_mines` ENABLE KEYS */;


--
-- Definition of table `planet_events`
--

DROP TABLE IF EXISTS `planet_events`;
CREATE TABLE `planet_events` (
  `id` int(10) unsigned NOT NULL auto_increment,
  `x` int(10) NOT NULL,
  `y` int(10) NOT NULL,
  `planet_id` int(10) NOT NULL,
  `object_id` int(10) NOT NULL,
  `event_time` datetime NOT NULL,
  `event_type` int(10) unsigned NOT NULL COMMENT '1-build, 2-mine, 3-dispence, 4-upgrade, 5-make, 6-lab',
  `timer` int(10) unsigned NOT NULL default '0',
  `user_id` int(10) unsigned NOT NULL,
  PRIMARY KEY  (`id`),
  KEY `planet_x_y` (`planet_id`,`x`,`y`),
  KEY `by_time` (`event_time`),
  KEY `by_planet` (`planet_id`),
  KEY `event4group` (`event_type`,`x`,`y`)
) ENGINE=MyISAM AUTO_INCREMENT=7440 DEFAULT CHARSET=utf8;

--
-- Dumping data for table `planet_events`
--

/*!40000 ALTER TABLE `planet_events` DISABLE KEYS */;
/*!40000 ALTER TABLE `planet_events` ENABLE KEYS */;


--
-- Definition of table `planet_types`
--

DROP TABLE IF EXISTS `planet_types`;
CREATE TABLE `planet_types` (
  `id` int(10) unsigned NOT NULL auto_increment,
  `name` varchar(45) NOT NULL,
  PRIMARY KEY  (`id`)
) ENGINE=MyISAM AUTO_INCREMENT=10 DEFAULT CHARSET=utf8;

--
-- Dumping data for table `planet_types`
--

/*!40000 ALTER TABLE `planet_types` DISABLE KEYS */;
INSERT INTO `planet_types` (`id`,`name`) VALUES 
 (1,'Планета игрока'),
 (2,'Газовый гигант'),
 (3,'Земного типа'),
 (4,'Мертвая планета');
/*!40000 ALTER TABLE `planet_types` ENABLE KEYS */;


--
-- Definition of table `planets`
--

DROP TABLE IF EXISTS `planets`;
CREATE TABLE `planets` (
  `id` int(10) unsigned NOT NULL auto_increment,
  `type` int(10) unsigned NOT NULL,
  `name` varchar(45) NOT NULL,
  `user_id` int(10) unsigned default NULL,
  `last_pos` varchar(45) default NULL,
  `star_id` int(10) unsigned NOT NULL,
  `planet_pos` int(10) unsigned NOT NULL,
  `rad` int(10) unsigned NOT NULL,
  `orb` int(10) unsigned NOT NULL,
  PRIMARY KEY  (`id`),
  KEY `by_star` (`star_id`)
) ENGINE=MyISAM AUTO_INCREMENT=21154 DEFAULT CHARSET=utf8;

--
-- Dumping data for table `planets`
--

/*!40000 ALTER TABLE `planets` DISABLE KEYS */;
INSERT INTO `planets` (`id`,`type`,`name`,`user_id`,`last_pos`,`star_id`,`planet_pos`,`rad`,`orb`) VALUES 
 (20001,1,'Проверка земли',1,NULL,30001,3,75,120),
 (20002,1,'Сааракш',2,'47:27',30001,5,26,180),
 (20003,3,'Меркурий',NULL,NULL,30001,1,120,60),
 (20004,3,'Венера',NULL,NULL,30001,2,170,90),
 (20005,2,'Уран',NULL,NULL,30001,4,64,150),
 (20006,2,'Нептун',NULL,NULL,30001,6,92,210),
 (20007,3,'Плутон',NULL,NULL,30001,8,240,270),
 (21153,2,'Язустзен',NULL,NULL,30177,7,75,240),
 (21152,3,'Дасус',NULL,NULL,30177,6,337,210),
 (21151,2,'Усбонред',NULL,NULL,30177,5,224,180),
 (21150,2,'Задум',NULL,NULL,30177,4,237,150),
 (21149,2,'Рогцонеф',NULL,NULL,30177,3,305,120),
 (21148,1,'Язустту',3,'20:1',30177,2,300,90),
 (21147,2,'Босурсам',NULL,NULL,30177,1,317,60),
 (21146,2,'Янпузжус',NULL,NULL,30176,7,207,240),
 (21145,2,'Балпузцио',NULL,NULL,30176,6,192,210),
 (21144,2,'Радлетсыт',NULL,NULL,30176,5,349,180),
 (21143,2,'Аксгод',NULL,NULL,30176,4,327,150),
 (21142,2,'Готлет',NULL,NULL,30176,3,139,120),
 (21141,1,'Феапуз',3,'37:31',30176,2,1,90),
 (21140,2,'Ессытзен',NULL,NULL,30176,1,241,60),
 (21139,2,'Сытаве',NULL,NULL,30175,8,316,270),
 (21138,2,'Тулот',NULL,NULL,30175,7,260,240),
 (21137,2,'Цетбонпан',NULL,NULL,30175,6,190,210),
 (21136,2,'Цасуеба',NULL,NULL,30175,5,65,180),
 (21135,2,'Ажудачруд',NULL,NULL,30175,4,77,150),
 (21134,1,'Перюфами',3,'1:12',30175,3,69,120),
 (21133,2,'Аксрудгод',NULL,NULL,30175,2,213,90),
 (21132,2,'Ажуленсто',NULL,NULL,30175,1,200,60),
 (21131,3,'Додину',NULL,NULL,30174,6,185,210),
 (21130,2,'Етбааве',NULL,NULL,30174,5,69,180),
 (21129,2,'Борпави',NULL,NULL,30174,4,189,150),
 (21128,2,'Виало',NULL,NULL,30174,3,183,120),
 (21127,1,'Урмизен',3,'2:36',30174,2,44,90),
 (21126,2,'Бенетак',NULL,NULL,30174,1,210,60),
 (21125,1,'Фасбор',3,'14:15',30173,7,126,240),
 (21124,2,'Укшотку',NULL,NULL,30173,6,266,210),
 (21123,2,'Судяр',NULL,NULL,30173,5,157,180),
 (21122,3,'Назвослот',NULL,'13:1',30173,4,236,150),
 (21121,2,'Дачшенцон',NULL,NULL,30173,3,151,120),
 (21120,3,'Бухо',NULL,'0:0',30173,2,218,90),
 (21119,2,'Ютбу',NULL,NULL,30173,1,315,60),
 (21118,3,'Ленла',NULL,NULL,30172,8,80,270),
 (21117,2,'Сомавесаж',NULL,NULL,30172,7,13,240),
 (21116,2,'Кежусдач',NULL,NULL,30172,6,350,210),
 (21115,1,'Торциют',3,'38:19',30172,5,222,180),
 (21114,2,'Зодпу',NULL,NULL,30172,4,306,150),
 (21113,2,'Бамадажу',NULL,NULL,30172,3,202,120),
 (21112,2,'Тикдибе',NULL,NULL,30172,2,214,90),
 (21111,2,'Совяк',NULL,NULL,30172,1,269,60),
 (21110,3,'Тимдо',NULL,NULL,30171,8,53,270),
 (21109,2,'Гетшотдас',NULL,NULL,30171,7,29,240),
 (21108,2,'Зацотсам',NULL,NULL,30171,6,40,210),
 (21107,2,'Амизаром',NULL,NULL,30171,5,288,180),
 (21106,3,'Нуян',NULL,NULL,30171,4,4,150),
 (21105,2,'Бинмегжа',NULL,NULL,30171,3,77,120),
 (21104,1,'Бинтикбу',3,'24:43',30171,2,50,90),
 (21103,3,'Думпод',NULL,NULL,30171,1,174,60),
 (21102,3,'Цетго',NULL,NULL,30170,7,342,240),
 (21101,2,'Дасюф',NULL,NULL,30170,6,316,210),
 (21100,1,'Азфат',3,'23:44',30170,5,130,180),
 (21099,2,'Метфатзод',NULL,NULL,30170,4,222,150),
 (21098,2,'Дасте',NULL,NULL,30170,3,274,120),
 (21097,2,'Лотбоспуш',NULL,NULL,30170,2,335,90),
 (21096,2,'Туфот',NULL,NULL,30170,1,148,60);
/*!40000 ALTER TABLE `planets` ENABLE KEYS */;


--
-- Definition of table `planets_buildings`
--

DROP TABLE IF EXISTS `planets_buildings`;
CREATE TABLE `planets_buildings` (
  `id` int(10) unsigned NOT NULL auto_increment,
  `object_id` int(10) unsigned NOT NULL,
  `planet_id` int(10) unsigned NOT NULL,
  `x` int(10) unsigned NOT NULL,
  `y` int(10) unsigned NOT NULL,
  `level` int(10) unsigned NOT NULL default '1',
  PRIMARY KEY  (`id`),
  UNIQUE KEY `by_x_y` (`x`,`y`,`planet_id`),
  KEY `by_objects` (`object_id`),
  KEY `by_planet` (`planet_id`)
) ENGINE=MyISAM AUTO_INCREMENT=514 DEFAULT CHARSET=utf8;

--
-- Dumping data for table `planets_buildings`
--

/*!40000 ALTER TABLE `planets_buildings` DISABLE KEYS */;
INSERT INTO `planets_buildings` (`id`,`object_id`,`planet_id`,`x`,`y`,`level`) VALUES 
 (69,34,20001,6,2,10),
 (71,23,20001,5,2,10),
 (162,23,20001,6,0,5),
 (83,23,20001,8,1,10),
 (84,23,20001,8,2,10),
 (88,34,20001,7,3,10),
 (76,24,20001,4,3,10),
 (77,26,20001,6,3,0),
 (85,23,20001,4,1,10),
 (79,23,20001,7,2,10),
 (93,36,20001,3,1,10),
 (81,23,20001,6,1,10),
 (86,23,20001,4,2,10),
 (87,37,20001,5,3,10),
 (163,23,20001,0,0,10),
 (90,23,20001,2,1,10),
 (156,23,20001,5,1,5),
 (94,36,20001,3,2,10),
 (160,23,20001,4,0,10),
 (159,23,20001,3,0,10),
 (97,23,20001,8,3,10),
 (153,36,20001,10,3,6),
 (99,23,20001,7,4,10),
 (100,23,20001,6,4,10),
 (161,33,20001,5,0,10),
 (165,23,20001,0,1,4),
 (127,23,20001,3,3,10),
 (129,23,20001,7,1,10),
 (130,23,20001,4,4,9),
 (131,36,20001,3,4,9),
 (132,24,20001,5,4,10),
 (152,36,20001,10,2,6),
 (164,23,20001,1,1,8),
 (151,36,20001,10,1,5),
 (136,23,20001,2,2,9),
 (149,36,20001,9,2,7),
 (166,38,20001,7,0,1),
 (150,36,20001,9,3,7),
 (148,36,20001,9,1,6),
 (247,34,20002,24,24,9),
 (248,24,20002,26,24,10),
 (249,23,20002,27,24,10),
 (250,26,20002,25,24,0),
 (251,23,20002,26,25,10),
 (252,23,20002,27,25,10),
 (253,23,20002,35,28,10),
 (254,23,20002,34,29,10),
 (255,23,20002,35,29,10),
 (256,38,20002,26,23,5),
 (257,23,20002,36,28,10),
 (258,23,20002,36,29,10),
 (259,23,20002,35,30,10),
 (260,23,20002,36,30,10),
 (261,23,20002,26,27,10),
 (262,23,20002,27,27,10),
 (263,23,20002,28,27,10),
 (264,23,20002,24,26,10),
 (265,23,20002,24,27,10),
 (266,23,20002,25,27,10),
 (267,33,20002,25,25,5),
 (268,39,20002,24,25,3),
 (269,25,20002,25,26,10),
 (275,34,20002,24,23,5),
 (271,34,20002,25,23,5),
 (272,37,20002,26,26,6),
 (273,37,20002,27,26,4),
 (276,23,20002,44,27,10),
 (277,23,20002,45,27,10),
 (278,23,20002,45,28,10),
 (279,23,20002,44,28,10),
 (280,23,20002,46,27,10),
 (281,23,20002,46,28,10),
 (282,23,20002,47,28,10),
 (283,23,20002,44,29,10),
 (284,23,20002,45,29,10),
 (285,23,20002,46,29,10),
 (286,24,20002,47,27,10),
 (287,23,20002,22,23,7),
 (288,23,20002,22,24,8),
 (289,23,20002,21,24,6),
 (290,23,20002,47,29,10),
 (291,23,20002,48,28,10),
 (292,23,20002,49,28,10),
 (293,23,20002,48,29,10),
 (294,23,20002,49,29,10),
 (295,23,20002,44,30,10),
 (296,23,20002,45,30,10),
 (297,23,20002,46,30,10),
 (298,23,20002,47,30,10),
 (299,23,20002,48,30,10),
 (300,36,20002,28,26,6),
 (301,36,20002,29,26,5),
 (302,34,20002,44,26,10),
 (303,33,20002,45,26,10),
 (304,37,20002,48,27,8),
 (305,37,20002,49,27,9),
 (306,37,20002,46,26,10),
 (307,37,20002,47,26,9),
 (308,37,20002,48,26,10),
 (309,37,20002,49,26,10),
 (310,34,20002,43,26,10),
 (311,23,20002,49,30,10),
 (312,36,20002,45,25,10),
 (313,36,20002,46,25,10),
 (314,37,20002,48,25,10),
 (315,37,20002,47,25,10),
 (316,34,20002,42,26,8),
 (317,37,20002,49,25,10),
 (318,36,20002,44,25,10),
 (319,36,20002,43,25,10),
 (320,23,20002,44,31,10),
 (321,23,20002,45,31,10),
 (322,23,20002,46,31,10),
 (323,23,20002,47,31,10),
 (324,23,20002,48,31,10),
 (325,23,20002,49,31,10),
 (326,23,20002,4,35,10),
 (327,23,20002,5,35,10),
 (328,23,20002,6,35,10),
 (329,23,20002,7,35,10),
 (330,23,20002,8,35,10),
 (331,23,20002,9,35,10),
 (332,23,20002,4,36,10),
 (333,23,20002,5,36,10),
 (334,23,20002,22,26,10),
 (335,23,20002,22,25,10),
 (336,23,20002,21,23,10),
 (337,23,20002,23,23,10),
 (338,34,20002,41,26,8),
 (339,36,20002,42,27,4),
 (340,37,20002,43,27,3),
 (341,37,20002,43,28,3),
 (342,37,20002,42,28,3),
 (343,26,20036,43,32,0),
 (344,26,20041,2,4,0),
 (345,26,20051,45,36,0),
 (346,26,20054,42,9,0),
 (347,26,20070,6,19,0),
 (348,26,20077,46,19,0),
 (349,26,20081,20,1,0),
 (350,26,20092,34,34,0),
 (351,26,20096,35,17,0),
 (352,26,20101,39,34,0),
 (353,26,20120,18,26,0),
 (354,26,20126,0,3,0),
 (355,26,20129,19,8,0),
 (356,26,20134,30,38,0),
 (357,26,20140,9,37,0),
 (358,26,20148,8,8,0),
 (359,26,20150,39,18,0),
 (360,26,20166,33,22,0),
 (361,26,20172,13,41,0),
 (362,26,20177,17,46,0),
 (363,26,20184,30,14,0),
 (364,26,20191,40,17,0),
 (365,26,20202,17,6,0),
 (366,26,20208,6,3,0),
 (367,26,20212,20,32,0),
 (368,26,20219,39,35,0),
 (369,26,20228,2,41,0),
 (370,26,20235,19,5,0),
 (371,26,20247,24,8,0),
 (372,26,20252,40,16,0),
 (373,26,20263,20,17,0),
 (374,26,20266,27,6,0),
 (375,26,20279,11,13,0),
 (376,26,20282,32,49,0),
 (377,26,20288,44,43,0),
 (378,26,20300,15,32,0),
 (379,26,20303,44,15,0),
 (380,26,20312,38,2,0),
 (381,26,20316,18,33,0),
 (382,26,20322,42,16,0),
 (383,26,20328,46,32,0),
 (384,26,20335,34,41,0),
 (385,26,20342,15,9,0),
 (386,26,20355,1,20,0),
 (387,26,20363,3,34,0),
 (388,26,20369,49,30,0),
 (389,26,20375,37,24,0),
 (390,26,20381,42,18,0),
 (391,26,20391,19,6,0),
 (392,26,20395,20,2,0),
 (393,26,20402,29,20,0),
 (394,26,20415,17,11,0),
 (395,26,20423,18,18,0),
 (396,26,20433,14,35,0),
 (397,26,20437,10,20,0),
 (398,26,20445,19,14,0),
 (399,26,20450,7,20,0),
 (400,26,20456,46,40,0),
 (401,26,20467,3,39,0),
 (402,26,20469,46,23,0),
 (403,26,20479,37,40,0),
 (404,26,20487,47,46,0),
 (405,26,20496,33,21,0),
 (406,26,20511,36,4,0),
 (407,26,20516,13,6,0),
 (408,26,20533,8,30,0),
 (409,26,20538,38,46,0),
 (410,26,20547,11,48,0),
 (411,26,20555,27,45,0),
 (412,26,20563,32,41,0),
 (413,26,20567,7,18,0),
 (414,26,20574,5,47,0),
 (415,26,20585,22,18,0),
 (416,26,20591,47,39,0),
 (417,26,20595,2,12,0),
 (418,26,20601,38,38,0),
 (419,26,20606,11,17,0),
 (420,26,20621,28,36,0),
 (421,26,20631,26,0,0),
 (422,26,20641,36,23,0),
 (423,26,20644,16,21,0),
 (424,26,20656,32,12,0),
 (425,26,20661,29,9,0),
 (426,26,20667,15,0,0),
 (427,26,20677,10,14,0),
 (428,26,20681,6,27,0),
 (429,26,20684,36,43,0),
 (430,26,20692,44,7,0),
 (431,26,20697,48,22,0),
 (432,26,20707,11,29,0),
 (433,26,20714,20,23,0),
 (434,26,20720,48,46,0),
 (435,26,20725,21,47,0),
 (436,26,20735,32,30,0),
 (437,26,20746,13,38,0),
 (438,26,20752,44,7,0),
 (439,26,20759,42,25,0),
 (440,26,20763,25,30,0),
 (441,26,20775,15,17,0),
 (442,26,20777,2,12,0),
 (443,26,20794,29,36,0),
 (444,26,20802,10,22,0),
 (445,26,20803,9,42,0),
 (446,26,20811,18,10,0),
 (447,26,20816,39,44,0),
 (448,26,20820,28,47,0),
 (449,26,20826,19,26,0),
 (450,26,20831,6,45,0),
 (451,26,20842,25,33,0),
 (452,26,20856,26,30,0),
 (453,26,20858,12,40,0),
 (454,26,20871,29,21,0),
 (455,26,20881,41,22,0),
 (456,26,20894,26,19,0),
 (457,26,20902,40,11,0),
 (458,26,20912,47,0,0),
 (459,26,20916,46,39,0),
 (460,26,20926,8,0,0),
 (461,26,20936,36,24,0),
 (462,26,20939,35,28,0),
 (463,26,20947,5,12,0),
 (464,26,20959,17,22,0),
 (465,26,20968,40,13,0),
 (466,26,20972,23,35,0),
 (467,26,20977,33,9,0),
 (468,26,20987,20,43,0),
 (469,26,20992,42,13,0),
 (470,26,20995,3,34,0),
 (471,26,21010,41,3,0),
 (472,26,21015,27,38,0),
 (473,26,21021,26,13,0),
 (474,26,21022,11,41,0),
 (475,26,21033,29,3,0),
 (476,26,21036,49,23,0),
 (477,26,21045,25,8,0),
 (478,26,21054,26,0,0),
 (479,26,21064,36,23,0),
 (480,26,21067,16,21,0),
 (481,26,21079,32,12,0),
 (482,26,21084,29,9,0),
 (483,26,21090,15,0,0),
 (484,34,20749,6,2,1),
 (485,24,20749,7,2,1),
 (486,23,20749,3,2,1),
 (487,23,20749,17,11,1),
 (488,23,20749,18,11,1),
 (489,23,20749,4,2,1),
 (490,23,20749,17,12,1),
 (491,23,20749,18,12,1),
 (492,23,20749,3,1,1),
 (493,23,20749,4,1,1),
 (494,23,20749,5,1,1),
 (495,23,20749,19,11,1),
 (496,23,20749,19,12,1),
 (497,34,20749,5,2,1),
 (498,23,20749,3,0,1),
 (499,23,20749,4,0,1),
 (500,23,20749,5,0,1),
 (501,26,21100,23,44,0),
 (502,26,21104,24,43,0),
 (503,26,21115,38,19,0),
 (504,26,21125,14,15,0),
 (505,26,21127,2,36,0),
 (506,26,21134,1,12,0),
 (507,26,21141,37,31,0),
 (508,26,21148,20,1,0),
 (509,37,20002,40,28,4),
 (510,37,20002,44,23,3),
 (511,38,20002,27,23,5),
 (512,38,20002,28,24,5),
 (513,38,20002,28,23,5);
/*!40000 ALTER TABLE `planets_buildings` ENABLE KEYS */;


--
-- Definition of table `planets_disp`
--

DROP TABLE IF EXISTS `planets_disp`;
CREATE TABLE `planets_disp` (
  `event_id` int(10) unsigned NOT NULL auto_increment,
  `res_id` int(10) unsigned NOT NULL,
  `res_cnt` int(10) unsigned NOT NULL,
  `level` int(10) unsigned NOT NULL default '1',
  PRIMARY KEY  (`event_id`)
) ENGINE=MyISAM AUTO_INCREMENT=7440 DEFAULT CHARSET=utf8;

--
-- Dumping data for table `planets_disp`
--

/*!40000 ALTER TABLE `planets_disp` DISABLE KEYS */;
/*!40000 ALTER TABLE `planets_disp` ENABLE KEYS */;


--
-- Definition of table `planets_make`
--

DROP TABLE IF EXISTS `planets_make`;
CREATE TABLE `planets_make` (
  `event_id` int(10) unsigned NOT NULL auto_increment,
  `object_id` int(10) unsigned NOT NULL,
  `cycle` int(10) NOT NULL default '1',
  PRIMARY KEY  (`event_id`)
) ENGINE=MyISAM AUTO_INCREMENT=7419 DEFAULT CHARSET=utf8;

--
-- Dumping data for table `planets_make`
--

/*!40000 ALTER TABLE `planets_make` DISABLE KEYS */;
/*!40000 ALTER TABLE `planets_make` ENABLE KEYS */;


--
-- Definition of table `planets_mines`
--

DROP TABLE IF EXISTS `planets_mines`;
CREATE TABLE `planets_mines` (
  `event_id` int(10) unsigned NOT NULL auto_increment,
  `res_id` int(10) unsigned NOT NULL,
  `res_cnt` int(10) unsigned NOT NULL,
  `cycle` int(10) NOT NULL,
  PRIMARY KEY  (`event_id`)
) ENGINE=MyISAM AUTO_INCREMENT=7430 DEFAULT CHARSET=utf8;

--
-- Dumping data for table `planets_mines`
--

/*!40000 ALTER TABLE `planets_mines` DISABLE KEYS */;
/*!40000 ALTER TABLE `planets_mines` ENABLE KEYS */;


--
-- Definition of table `robots`
--

DROP TABLE IF EXISTS `robots`;
CREATE TABLE `robots` (
  `id` int(10) unsigned NOT NULL auto_increment,
  `user_id` int(10) unsigned NOT NULL,
  `usedtime` int(10) unsigned NOT NULL default '864000',
  `status` int(10) unsigned NOT NULL,
  `build_id` int(10) unsigned default NULL,
  `build_type` int(10) unsigned default NULL,
  PRIMARY KEY  (`id`),
  KEY `by_time` (`usedtime`),
  KEY `by_user` (`user_id`)
) ENGINE=MyISAM AUTO_INCREMENT=21 DEFAULT CHARSET=utf8;

--
-- Dumping data for table `robots`
--

/*!40000 ALTER TABLE `robots` DISABLE KEYS */;
INSERT INTO `robots` (`id`,`user_id`,`usedtime`,`status`,`build_id`,`build_type`) VALUES 
 (20,2,20000,0,0,0);
/*!40000 ALTER TABLE `robots` ENABLE KEYS */;


--
-- Definition of table `ship_types`
--

DROP TABLE IF EXISTS `ship_types`;
CREATE TABLE `ship_types` (
  `object_id` int(10) unsigned NOT NULL auto_increment,
  `agrav` int(10) unsigned NOT NULL default '0',
  `planet` int(10) unsigned NOT NULL default '0',
  `hyper` int(10) unsigned NOT NULL default '0',
  `shield` int(10) unsigned NOT NULL default '0',
  `cargo` int(10) unsigned NOT NULL default '0',
  `w_power` int(10) unsigned NOT NULL default '0',
  `w_count` int(10) unsigned NOT NULL default '0',
  `code` varchar(8) NOT NULL,
  `planet_cnt` int(10) unsigned NOT NULL,
  `hyper_cnt` int(10) unsigned NOT NULL,
  PRIMARY KEY  (`object_id`)
) ENGINE=MyISAM AUTO_INCREMENT=4004 DEFAULT CHARSET=utf8;

--
-- Dumping data for table `ship_types`
--

/*!40000 ALTER TABLE `ship_types` DISABLE KEYS */;
INSERT INTO `ship_types` (`object_id`,`agrav`,`planet`,`hyper`,`shield`,`cargo`,`w_power`,`w_count`,`code`,`planet_cnt`,`hyper_cnt`) VALUES 
 (4001,1,1,1,0,1500,0,0,'МШ',5,5),
 (4002,1,0,0,0,4500,0,0,'СШ',0,0),
 (4003,1,0,0,0,10000,0,0,'БШ',0,0);
/*!40000 ALTER TABLE `ship_types` ENABLE KEYS */;


--
-- Definition of table `ships`
--

DROP TABLE IF EXISTS `ships`;
CREATE TABLE `ships` (
  `id` int(10) unsigned NOT NULL auto_increment,
  `object_id` int(10) unsigned NOT NULL,
  `place_id` int(10) unsigned NOT NULL,
  `place_type` int(10) unsigned NOT NULL COMMENT '0-orbit, 1-planet, 2-ship, 3-station, 5-in fly, 7-system point, 8-galaxy point',
  `user_id` int(10) unsigned default NULL,
  `name` varchar(45) default NULL,
  `arg1` int(10) default NULL,
  `arg2` int(10) default NULL,
  `fleet_id` int(10) unsigned default NULL,
  PRIMARY KEY  (`id`),
  KEY `by_place` (`place_type`,`place_id`),
  KEY `by_fleet` (`fleet_id`)
) ENGINE=MyISAM AUTO_INCREMENT=10017 DEFAULT CHARSET=utf8;

--
-- Dumping data for table `ships`
--

/*!40000 ALTER TABLE `ships` DISABLE KEYS */;
INSERT INTO `ships` (`id`,`object_id`,`place_id`,`place_type`,`user_id`,`name`,`arg1`,`arg2`,`fleet_id`) VALUES 
 (10001,4001,20002,0,2,'МШ4001-1',NULL,NULL,77),
 (10002,4001,20002,0,2,'МШ4001-2',NULL,NULL,77),
 (10003,4001,20002,0,2,'МШ4001-3',NULL,NULL,77),
 (10004,4001,20002,0,2,'МШ4001-4',NULL,NULL,77),
 (10008,4001,21125,0,2,'МШ4001-8',NULL,NULL,75),
 (10007,4001,21125,0,2,'МШ4001-7',NULL,NULL,75),
 (10009,4001,21125,0,2,'МШ4001-9',NULL,NULL,75),
 (10010,4001,20002,0,2,'МШ4001-10',NULL,NULL,77),
 (10011,4001,20002,0,2,'МШ4001-11',NULL,NULL,77),
 (10012,4001,20002,0,2,'МШ4001-12',NULL,NULL,77),
 (10013,4001,20002,0,2,'МШ4001-13',NULL,NULL,77),
 (10016,4001,20002,0,2,'МШ4001-10016',NULL,NULL,77),
 (10015,4001,20002,0,2,'МШ4001-10015',NULL,NULL,77),
 (10014,4001,20002,0,2,'МШ4001-10014',NULL,NULL,77);
/*!40000 ALTER TABLE `ships` ENABLE KEYS */;


--
-- Definition of table `space_events`
--

DROP TABLE IF EXISTS `space_events`;
CREATE TABLE `space_events` (
  `id` int(10) unsigned NOT NULL auto_increment,
  `event_type` int(10) unsigned NOT NULL COMMENT '0/100-land ship/fleet,1/101-flyout ship/fleet, 2/102-fly planet ship/fleet, 3/103-fly point ship/fleet, 4/104-fly star ship/fleet, 5/105-fly galaxy ship/fleet',
  `ship_id` int(10) unsigned NOT NULL,
  `event_time` datetime NOT NULL,
  `timer` int(10) unsigned NOT NULL,
  `user_id` int(10) unsigned NOT NULL,
  `arg1` int(10) default NULL,
  `arg2` int(10) default NULL,
  PRIMARY KEY  (`id`),
  KEY `by_time` (`event_time`),
  KEY `by_ship` (`ship_id`)
) ENGINE=MyISAM AUTO_INCREMENT=439 DEFAULT CHARSET=utf8;

--
-- Dumping data for table `space_events`
--

/*!40000 ALTER TABLE `space_events` DISABLE KEYS */;
/*!40000 ALTER TABLE `space_events` ENABLE KEYS */;


--
-- Definition of table `stars`
--

DROP TABLE IF EXISTS `stars`;
CREATE TABLE `stars` (
  `id` int(10) unsigned NOT NULL auto_increment,
  `name` varchar(45) NOT NULL,
  `x` int(10) NOT NULL,
  `y` int(10) NOT NULL,
  `type` int(10) unsigned NOT NULL,
  PRIMARY KEY  (`id`),
  KEY `by_x` (`x`),
  KEY `by_y` (`y`)
) ENGINE=MyISAM AUTO_INCREMENT=30178 DEFAULT CHARSET=utf8;

--
-- Dumping data for table `stars`
--

/*!40000 ALTER TABLE `stars` DISABLE KEYS */;
INSERT INTO `stars` (`id`,`name`,`x`,`y`,`type`) VALUES 
 (30001,'Сонтару',0,0,1),
 (30177,'Мадко',42,-40,1),
 (30176,'Гусотруд',-34,11,1),
 (30175,'Тевосами',0,22,3),
 (30174,'Тезосбин',-23,-20,1),
 (30173,'Пухатвос',28,-2,1),
 (30172,'Фасмефци',33,23,2),
 (30171,'Фосви',0,44,3),
 (30170,'Лаамиюк',0,-37,2);
/*!40000 ALTER TABLE `stars` ENABLE KEYS */;


--
-- Definition of table `trade_in`
--

DROP TABLE IF EXISTS `trade_in`;
CREATE TABLE `trade_in` (
  `id` int(10) unsigned NOT NULL auto_increment,
  `ob_id` int(10) unsigned NOT NULL,
  `object_id` int(10) unsigned NOT NULL,
  `object_cnt` int(10) unsigned NOT NULL,
  `price` int(10) unsigned NOT NULL,
  PRIMARY KEY  (`id`),
  KEY `by_object` (`object_id`)
) ENGINE=MyISAM AUTO_INCREMENT=19 DEFAULT CHARSET=utf8;

--
-- Dumping data for table `trade_in`
--

/*!40000 ALTER TABLE `trade_in` DISABLE KEYS */;
INSERT INTO `trade_in` (`id`,`ob_id`,`object_id`,`object_cnt`,`price`) VALUES 
 (16,1,1049,50,180),
 (2,2,1049,500,150),
 (4,9,1012,500,500),
 (12,1,1019,50,5),
 (14,1,5015,10000,3);
/*!40000 ALTER TABLE `trade_in` ENABLE KEYS */;


--
-- Definition of table `trade_out`
--

DROP TABLE IF EXISTS `trade_out`;
CREATE TABLE `trade_out` (
  `id` int(10) unsigned NOT NULL auto_increment,
  `ob_id` int(10) unsigned NOT NULL,
  `object_id` int(10) unsigned NOT NULL,
  `object_cnt` int(10) unsigned NOT NULL,
  `price` int(10) unsigned NOT NULL,
  PRIMARY KEY  (`id`),
  KEY `by_object` (`object_id`)
) ENGINE=MyISAM AUTO_INCREMENT=12 DEFAULT CHARSET=utf8;

--
-- Dumping data for table `trade_out`
--

/*!40000 ALTER TABLE `trade_out` DISABLE KEYS */;
INSERT INTO `trade_out` (`id`,`ob_id`,`object_id`,`object_cnt`,`price`) VALUES 
 (2,2,1022,130,900),
 (3,9,1022,140,700),
 (11,1,1012,800,300),
 (9,1,1049,50,190);
/*!40000 ALTER TABLE `trade_out` ENABLE KEYS */;


--
-- Definition of table `users`
--

DROP TABLE IF EXISTS `users`;
CREATE TABLE `users` (
  `id` int(10) unsigned NOT NULL auto_increment,
  `login` varchar(45) NOT NULL,
  `password` varchar(45) NOT NULL,
  `firstname` varchar(45) NOT NULL,
  `lastname` varchar(45) NOT NULL,
  `email` varchar(150) NOT NULL,
  `ssid` varchar(200) NOT NULL,
  `lastlogin` timestamp NOT NULL default CURRENT_TIMESTAMP on update CURRENT_TIMESTAMP,
  `status` decimal(10,0) NOT NULL default '1',
  `place_id` int(10) unsigned NOT NULL COMMENT 'Object ID where user is',
  `place_type` int(10) unsigned NOT NULL COMMENT '0-orbit, 1-planet, 2-ship, 3-station, 4-star, 5-in fly, 7-system point, 8-galaxy point',
  `money` int(11) NOT NULL default '0',
  `credits` int(10) unsigned NOT NULL default '0',
  PRIMARY KEY  (`id`),
  KEY `by_ssid` (`ssid`),
  KEY `by_login_pass` (`login`,`password`)
) ENGINE=MyISAM AUTO_INCREMENT=4 DEFAULT CHARSET=utf8 COMMENT='Users table';

--
-- Dumping data for table `users`
--

/*!40000 ALTER TABLE `users` DISABLE KEYS */;
INSERT INTO `users` (`id`,`login`,`password`,`firstname`,`lastname`,`email`,`ssid`,`lastlogin`,`status`,`place_id`,`place_type`,`money`,`credits`) VALUES 
 (1,'root','827ccb0eea8a706c4c34a16891f84e7b','admin','admin','root@localhost','1','2009-10-25 21:10:21','1',20001,1,1000,0),
 (2,'admin','827ccb0eea8a706c4c34a16891f84e7b','admin','admin','admin@localhost','9d39pu6ffi83gb921kqb7i7cv4','2009-12-20 12:22:40','1',77,6,37900,0),
 (3,'tester','827ccb0eea8a706c4c34a16891f84e7b','test','tester','test@localhost','l88361l5uambfavbj93547pge7','2009-10-25 21:10:21','1',21148,1,1000,0);
/*!40000 ALTER TABLE `users` ENABLE KEYS */;


--
-- Definition of table `users_books`
--

DROP TABLE IF EXISTS `users_books`;
CREATE TABLE `users_books` (
  `user_id` int(10) unsigned NOT NULL,
  `book_id` int(10) unsigned NOT NULL,
  `level` int(10) unsigned NOT NULL,
  PRIMARY KEY  (`user_id`,`book_id`)
) ENGINE=MyISAM DEFAULT CHARSET=utf8;

--
-- Dumping data for table `users_books`
--

/*!40000 ALTER TABLE `users_books` DISABLE KEYS */;
INSERT INTO `users_books` (`user_id`,`book_id`,`level`) VALUES 
 (1,1,2),
 (1,4,4),
 (2,4,10),
 (2,2,10),
 (2,5,10),
 (2,1,10),
 (2,3,10),
 (2,6,10),
 (2,7,10);
/*!40000 ALTER TABLE `users_books` ENABLE KEYS */;


--
-- Definition of table `users_chr`
--

DROP TABLE IF EXISTS `users_chr`;
CREATE TABLE `users_chr` (
  `user_id` int(10) unsigned NOT NULL,
  `exp` int(10) unsigned NOT NULL default '0',
  `level` int(10) unsigned NOT NULL default '0',
  `relationship` int(11) NOT NULL default '100',
  PRIMARY KEY  (`user_id`)
) ENGINE=MyISAM DEFAULT CHARSET=utf8;

--
-- Dumping data for table `users_chr`
--

/*!40000 ALTER TABLE `users_chr` DISABLE KEYS */;
INSERT INTO `users_chr` (`user_id`,`exp`,`level`,`relationship`) VALUES 
 (1,0,1,100),
 (2,10,1,100);
/*!40000 ALTER TABLE `users_chr` ENABLE KEYS */;


--
-- Definition of table `users_messages`
--

DROP TABLE IF EXISTS `users_messages`;
CREATE TABLE `users_messages` (
  `id` int(10) unsigned NOT NULL auto_increment,
  `msg_date` datetime NOT NULL,
  `to_user` int(10) unsigned NOT NULL,
  `from_user` int(10) unsigned NOT NULL,
  `text` longtext NOT NULL,
  PRIMARY KEY  (`id`),
  KEY `by_user` (`to_user`),
  KEY `by_date` (`msg_date`)
) ENGINE=MyISAM AUTO_INCREMENT=16197 DEFAULT CHARSET=utf8;

--
-- Dumping data for table `users_messages`
--

/*!40000 ALTER TABLE `users_messages` DISABLE KEYS */;
/*!40000 ALTER TABLE `users_messages` ENABLE KEYS */;


--
-- Definition of table `warehouse`
--

DROP TABLE IF EXISTS `warehouse`;
CREATE TABLE `warehouse` (
  `id` int(10) unsigned NOT NULL auto_increment,
  `place_id` int(10) unsigned NOT NULL,
  `place_type` int(10) unsigned NOT NULL COMMENT '1-planet, 2-ship, 3-station',
  `object_id` int(10) unsigned NOT NULL,
  `object_cnt` int(10) unsigned NOT NULL,
  PRIMARY KEY  (`id`),
  KEY `index_places` (`place_id`,`place_type`)
) ENGINE=MyISAM AUTO_INCREMENT=1076 DEFAULT CHARSET=utf8;

--
-- Dumping data for table `warehouse`
--

/*!40000 ALTER TABLE `warehouse` DISABLE KEYS */;
INSERT INTO `warehouse` (`id`,`place_id`,`place_type`,`object_id`,`object_cnt`) VALUES 
 (400,20002,1,1020,2627),
 (399,20002,1,6002,1),
 (398,20002,0,2001,1),
 (940,10011,2,1044,514),
 (590,20002,1,6000,5),
 (1062,20002,1,5000,280),
 (391,20002,1,1043,14977),
 (390,20002,1,1032,1194),
 (405,20002,1,6003,1),
 (389,20002,0,1034,754),
 (385,20002,1,1030,161387),
 (715,20002,1,5060,60),
 (714,20002,1,5018,29),
 (935,20002,0,1027,136),
 (403,20002,0,2002,1),
 (411,20002,1,6005,1),
 (413,20002,0,2005,2),
 (1064,20002,1,5041,21610),
 (941,20002,1,1037,69492),
 (419,20002,1,1048,1248),
 (937,20002,0,1039,1302),
 (443,20002,0,2004,3),
 (442,20002,0,2003,4),
 (986,20002,1,6006,1),
 (769,20002,0,1037,100),
 (944,20002,1,1016,101599),
 (948,10015,2,1044,394),
 (936,20002,0,1029,231),
 (515,20002,1,1010,241),
 (872,20749,1,5045,60),
 (520,20002,1,1035,308),
 (521,20002,1,1000,840),
 (933,20002,0,1008,392),
 (523,20002,1,1009,81),
 (588,20002,1,6001,2),
 (562,20002,1,1033,265),
 (601,20002,1,6004,1),
 (852,20749,1,5032,890),
 (884,20002,0,1022,3085),
 (610,20002,0,1043,24750),
 (611,20002,0,1038,5200),
 (592,20002,1,7001,1),
 (647,20002,0,1007,1775),
 (645,20002,0,1023,647),
 (646,20002,0,1024,2186),
 (732,20002,1,1034,127),
 (1032,10002,2,1030,1500),
 (987,20002,1,6007,1),
 (701,20002,0,5018,1),
 (853,20749,1,5015,230),
 (751,20002,1,1049,250),
 (1031,10013,2,1030,1500),
 (750,20002,0,1016,5054),
 (871,20749,1,5026,20),
 (998,20002,1,1008,32),
 (1057,20002,1,2010,5),
 (870,20749,1,5024,70),
 (856,20749,1,1030,1222),
 (960,20002,1,1045,15),
 (1028,10010,2,1030,1010),
 (1014,20002,1,1014,260),
 (811,20002,1,1007,15),
 (873,20749,1,5058,140),
 (813,20002,1,5039,70),
 (1055,20002,1,5033,50),
 (932,20002,0,1021,49),
 (850,20749,1,1013,40),
 (851,20749,1,1016,7177),
 (869,20749,1,1037,128),
 (881,20002,1,1044,11329),
 (887,10001,2,1044,1500),
 (388,20002,0,1049,798),
 (892,20002,0,1033,125),
 (893,20002,0,1046,574),
 (894,20002,0,1028,125),
 (896,20002,0,1047,28),
 (897,20002,0,1009,4),
 (712,20002,0,1014,1469),
 (930,20002,0,1004,127),
 (946,10014,2,1019,1500),
 (1066,10016,2,1016,500),
 (934,20002,0,1002,77),
 (938,20002,0,1020,504),
 (929,20002,0,1001,138),
 (953,10016,2,1019,800),
 (954,10012,2,1049,215),
 (955,10010,2,1022,30),
 (1034,20002,0,7001,1),
 (961,20002,1,1024,703),
 (962,20002,1,1023,165),
 (963,20002,1,1019,10193),
 (964,20002,1,1002,9),
 (1001,20002,1,1001,1501),
 (999,20002,1,1004,16),
 (1026,20002,1,2003,1),
 (607,20002,0,1011,3654),
 (1030,10012,2,1030,1285),
 (609,20002,0,1013,5696),
 (1029,10011,2,1030,986),
 (975,20002,1,1011,36),
 (976,20002,1,1013,622),
 (977,20002,1,5058,80),
 (606,20002,0,1045,6201),
 (1000,20002,1,1021,1004),
 (980,20002,1,5045,60),
 (981,20002,1,5057,80),
 (694,20002,0,1019,12033),
 (988,20002,1,6008,1),
 (989,20002,1,6009,1),
 (990,20002,1,6010,1),
 (991,20002,1,7002,1),
 (992,20002,1,7003,1),
 (1067,10003,2,1016,1500),
 (1068,10004,2,1037,1500);
/*!40000 ALTER TABLE `warehouse` ENABLE KEYS */;




/*!40101 SET SQL_MODE=@OLD_SQL_MODE */;
/*!40014 SET FOREIGN_KEY_CHECKS=@OLD_FOREIGN_KEY_CHECKS */;
/*!40014 SET UNIQUE_CHECKS=@OLD_UNIQUE_CHECKS */;
/*!40101 SET CHARACTER_SET_CLIENT=@OLD_CHARACTER_SET_CLIENT */;
/*!40101 SET CHARACTER_SET_RESULTS=@OLD_CHARACTER_SET_RESULTS */;
/*!40101 SET COLLATION_CONNECTION=@OLD_COLLATION_CONNECTION */;
/*!40101 SET CHARACTER_SET_CLIENT=@OLD_CHARACTER_SET_CLIENT */;
