-- MySQL Administrator dump 1.4
--
-- ------------------------------------------------------
-- Server version	5.1.35-community


/*!40101 SET @OLD_CHARACTER_SET_CLIENT=@@CHARACTER_SET_CLIENT */;
/*!40101 SET @OLD_CHARACTER_SET_RESULTS=@@CHARACTER_SET_RESULTS */;
/*!40101 SET @OLD_COLLATION_CONNECTION=@@COLLATION_CONNECTION */;
/*!40101 SET NAMES utf8 */;

/*!40014 SET @OLD_UNIQUE_CHECKS=@@UNIQUE_CHECKS, UNIQUE_CHECKS=0 */;
/*!40014 SET @OLD_FOREIGN_KEY_CHECKS=@@FOREIGN_KEY_CHECKS, FOREIGN_KEY_CHECKS=0 */;
/*!40101 SET @OLD_SQL_MODE=@@SQL_MODE, SQL_MODE='NO_AUTO_VALUE_ON_ZERO' */;


--
-- Create schema noon
--

CREATE DATABASE IF NOT EXISTS noon;
USE noon;

--
-- Definition of table `books`
--

DROP TABLE IF EXISTS `books`;
CREATE TABLE `books` (
  `id` int(10) unsigned NOT NULL AUTO_INCREMENT,
  `name` varchar(80) NOT NULL,
  `description` varchar(500) NOT NULL,
  `parent_id` int(10) unsigned DEFAULT NULL,
  `parent_level` int(10) unsigned DEFAULT NULL,
  `teach_time` int(10) unsigned DEFAULT NULL,
  PRIMARY KEY (`id`)
) ENGINE=MyISAM AUTO_INCREMENT=17 DEFAULT CHARSET=utf8 PACK_KEYS=1 CHECKSUM=1 ROW_FORMAT=COMPRESSED;

--
-- Dumping data for table `books`
--

/*!40000 ALTER TABLE `books` DISABLE KEYS */;
INSERT INTO `books` (`id`,`name`,`description`,`parent_id`,`parent_level`,`teach_time`) VALUES 
 (1,'Геолог','Позволяет изготавливать геологические приборы. Необходим 3 уровень Геологии, для изучения Шахтерства',NULL,NULL,60),
 (4,'Скорочтение','Сокращает время изучения других наук',NULL,NULL,240),
 (3,'Металург','Сокращает время переплавки ископаемых и различных объектов. Необходим 3 уровень Металургии для изучения Креативности',2,3,120),
 (5,'Строитель','Сокращает время постройки объектов',NULL,NULL,120),
 (6,'Производственник','Сокращает время производства различных деталей',3,1,240),
 (2,'Шахтер','Сокращает время добычи ресурсов. Необходим 3 уровень Шатерства для изучения Металургии',1,3,900),
 (7,'Инженер','Увеличивает вероятность создания чертежа по образцу.',6,3,800);
/*!40000 ALTER TABLE `books` ENABLE KEYS */;


--
-- Definition of table `books_teach`
--

DROP TABLE IF EXISTS `books_teach`;
CREATE TABLE `books_teach` (
  `id` int(10) unsigned NOT NULL AUTO_INCREMENT,
  `book_id` int(10) unsigned NOT NULL,
  `user_id` int(10) unsigned NOT NULL,
  `end_time` datetime NOT NULL,
  PRIMARY KEY (`id`),
  UNIQUE KEY `bt_index` (`user_id`,`end_time`)
) ENGINE=MyISAM AUTO_INCREMENT=164 DEFAULT CHARSET=utf8;

--
-- Dumping data for table `books_teach`
--

/*!40000 ALTER TABLE `books_teach` DISABLE KEYS */;
INSERT INTO `books_teach` (`id`,`book_id`,`user_id`,`end_time`) VALUES 
 (163,4,2,'2009-10-21 12:25:23');
/*!40000 ALTER TABLE `books_teach` ENABLE KEYS */;


--
-- Definition of table `buildings`
--

DROP TABLE IF EXISTS `buildings`;
CREATE TABLE `buildings` (
  `id` int(10) unsigned NOT NULL AUTO_INCREMENT,
  `desc` varchar(450) NOT NULL,
  `energy` int(10) NOT NULL,
  `warehouse` int(10) unsigned NOT NULL,
  `map_char` varchar(1) NOT NULL,
  `req_id` int(10) unsigned DEFAULT NULL,
  PRIMARY KEY (`id`)
) ENGINE=MyISAM AUTO_INCREMENT=3005 DEFAULT CHARSET=utf8;

--
-- Dumping data for table `buildings`
--

/*!40000 ALTER TABLE `buildings` DISABLE KEYS */;
INSERT INTO `buildings` (`id`,`desc`,`energy`,`warehouse`,`map_char`,`req_id`) VALUES 
 (23,'Позволяет добывать ресурсы с поверхности планеты. Количество циклов зависит от уровня развития данной структуры. Для постоянной добычи можно использовать автономных роботов.<br><br><b>Свойства</b><br>	Энергии				<font color=\"#FF0000\">-10</font><br>	Склад					<font color=\"#00FF00\">1000</font>',-10,1000,'K',24),
 (24,'Переплавляет ископаемые, и ненужные устройства в ресурсы. Качество переплавки зависит от уровня структуры.<br><br><b>Свойства</b><br>	Энергии				<font color=\"#FF0000\">-15</font><br>	Склад					<font color=\"#00FF00\">1000</font>',-15,1000,'P',34),
 (25,'Позволяет исследовать агрегаты, устройства, чертежи, продуктом деятельности является чертеж агрегата необходимый для изготовления. Уровень постройки определяет время исследования.<br><br><b>Свойства</b><br>	Энергии				<font color=\"#FF0000\">-35</font><br>	Склад					<font color=\"#00FF00\">500</font>',-35,500,'L',39),
 (26,'Изначальная структура в которой вы спустились на планету. Обладает возможностью полностью регенирировать игрока и восстанавливать память.<br><br><b>Свойства</b><br>	Энергии				<font color=\"#00FF00\">50</font><br>	Склад					<font color=\"#00FF00\">5000</font>',50,5000,'C',NULL),
 (33,'Позволяет изготавливать вещи при наличии чертежа и ресурсов. Количество циклов производства зависит от уровня структуры. Для постоянной работы можно воспользоваться автономными роботами.<br><br><b>Свойства</b><br>	Энергии				<font color=\"#FF0000\">-50</font><br>	Склад					<font color=\"#00FF00\">5000</font>',-50,5000,'F',24),
 (34,'Вырабатывает электроэнергию необходимую всем постройкам на планете, без энергии не функционирует ни одна постройка. Количество вырабатываемой энергии зависит от уровня постройки.<br><br><b>Свойства</b><br>	Энергии				',100,0,'E',NULL),
 (36,'Позволяет добывать ресурсы с среднего слоя планеты. Перед постройкой желательно исследовать пространство с помощью зонда или геологического спутника.  Количество циклов зависит от уровня развития данной структуры. Для постоянной добычи можно использовать автономных роботов.<br><br><b>Свойства</b><br>	Энергии				<font color=\"#FF0000\">-30</font><br>	Склад					<font color=\"#00FF00\">1000</font>',-30,1000,'M',24),
 (37,'Позволяет добывать ресурсы с глубинного слоя планеты.  Перед постройкой желательно исследовать пространство с помощью зонда или геологического спутника. Количество циклов зависит от уровня развития данной структуры. Для постоянной добычи можно использовать автономных роботов.<br><br><b>Свойства</b><br>	Энергии				<font color=\"#FF0000\">-60</font><br>	Склад					<font color=\"#00FF00\">1000</font>',-60,1000,'O',24),
 (38,'Позволяет хранить больше товара на планете. Количество хранимых товаров зависит от уровня постройки.<br><br><b>Свойства</b><br>	Энергии				<font color=\"#FF0000\">-10</font><br>	Склад					',-10,50000,'S',24),
 (39,'Позволяет изготавливать сложные устройства, собираемые из нескольких модулей.',-70,5000,'R',33),
 (2000,'Исследовать почву',0,0,'0',33),
 (3001,'Торговая станция является собственностью земной федерации, позволяет выставлять на продажу товары игрока, а так же запрашивать закупку товаров. Станция обеспечивает неприкосновенность изначальной планеты.<br><br><b>Свойства</b><br>	Энергии				<font color=\"#00FF00\">300</font><br>	Склад					<font color=\"#00FF00\">50000</font>',300,50000,'T',NULL),
 (3002,'Позволяет исследовать полностью поверхность планеты, каждое новое улучшение позволяет исследовать очередной слой.',-500,0,'G',NULL),
 (3003,'Добывает колосальное количество энергии преобразуя свободную солнечную энергию электричество. Из за отсутсвия гравитации солнечные панели распространяются на несколько километров вокруг спутника.<br><br><b>Свойства</b><br>	Энергии				',1000,0,'A',NULL),
 (3004,'Позволяет хранить на орбите ресурсы.<br><br><b>Свойства</b><br>	Энергии				<font color=\"#FF0000\">-10</font><br>	Склад					',-800,120000,'I',NULL);
/*!40000 ALTER TABLE `buildings` ENABLE KEYS */;


--
-- Definition of table `fleets`
--

DROP TABLE IF EXISTS `fleets`;
CREATE TABLE `fleets` (
  `id` int(10) unsigned NOT NULL AUTO_INCREMENT,
  `cargo` int(10) unsigned NOT NULL,
  `w_power` int(10) unsigned NOT NULL,
  `w_count` int(10) unsigned NOT NULL,
  `agrav` int(10) unsigned NOT NULL,
  `planet` int(10) unsigned NOT NULL,
  `hyper` int(10) unsigned NOT NULL,
  `mass` int(10) unsigned NOT NULL,
  `shield` int(10) unsigned NOT NULL,
  `user_id` int(10) unsigned NOT NULL,
  `arg1` int(10) unsigned DEFAULT NULL,
  `arg2` int(10) unsigned DEFAULT NULL,
  `place_id` int(10) unsigned NOT NULL,
  `place_type` int(10) unsigned NOT NULL COMMENT '0-orbit, 1-planet, 2-ship, 3-station, 5-in fly, 7-system point, 8-galaxy point',
  `name` varchar(45) NOT NULL,
  `planet_cnt` int(10) unsigned NOT NULL,
  `hyper_cnt` int(10) unsigned NOT NULL,
  PRIMARY KEY (`id`)
) ENGINE=MyISAM AUTO_INCREMENT=58 DEFAULT CHARSET=utf8;

--
-- Dumping data for table `fleets`
--

/*!40000 ALTER TABLE `fleets` DISABLE KEYS */;
INSERT INTO `fleets` (`id`,`cargo`,`w_power`,`w_count`,`agrav`,`planet`,`hyper`,`mass`,`shield`,`user_id`,`arg1`,`arg2`,`place_id`,`place_type`,`name`,`planet_cnt`,`hyper_cnt`) VALUES 
 (57,3000,0,0,1,10,10,5010,0,2,NULL,NULL,30001,5,'Флот МШ4001-1',2,2);
/*!40000 ALTER TABLE `fleets` ENABLE KEYS */;


--
-- Definition of table `objects`
--

DROP TABLE IF EXISTS `objects`;
CREATE TABLE `objects` (
  `id` int(10) unsigned NOT NULL AUTO_INCREMENT,
  `name` varchar(45) NOT NULL,
  `min_cnt` int(10) unsigned NOT NULL,
  `mass` int(10) unsigned NOT NULL,
  `class` int(10) unsigned NOT NULL,
  `price` int(10) unsigned NOT NULL,
  `weight` int(10) unsigned NOT NULL,
  `make_time` int(10) unsigned NOT NULL DEFAULT '0',
  PRIMARY KEY (`id`),
  KEY `by_weight` (`weight`),
  KEY `classification` (`class`)
) ENGINE=MyISAM AUTO_INCREMENT=7002 DEFAULT CHARSET=utf8;

--
-- Dumping data for table `objects`
--

/*!40000 ALTER TABLE `objects` DISABLE KEYS */;
INSERT INTO `objects` (`id`,`name`,`min_cnt`,`mass`,`class`,`price`,`weight`,`make_time`) VALUES 
 (23,'Карьер',1,100000,3,0,90,60),
 (24,'Нанодиспенсер',1,100000,3,0,50,120),
 (25,'Лаборатория',1,100000,3,0,30,180),
 (26,'Капсула',1,100000,0,0,0,0),
 (4001,'Малый шатл',1,2505,4,0,0,1200),
 (2003,'Антиграв. двигатель',1,375,2,0,0,150),
 (7001,'Макет малого шатла',1,0,7,0,0,1200),
 (33,'Завод',1,100000,3,0,40,60),
 (34,'Электростанция',1,100000,3,0,100,60),
 (36,'Шахта',1,100000,3,0,80,120),
 (37,'Буровая',1,100000,3,0,70,240),
 (38,'Склад',1,100000,3,0,60,300),
 (39,'Сборочный цех',1,100000,3,0,10,420),
 (1049,'Цирконий',1,1,1,0,0,0),
 (1048,'Цинк',1,1,1,0,0,0),
 (1047,'Иттрий',1,1,1,0,0,0),
 (1046,'Вольфрам',1,1,1,0,0,0),
 (1045,'Ванадий',1,1,1,0,0,0),
 (1044,'Уран',1,1,1,0,0,0),
 (1043,'Титан',1,1,1,0,0,0),
 (1042,'Торий',1,1,1,0,0,0),
 (1041,'Теллур',1,1,1,0,0,0),
 (1040,'Стронций',1,1,1,0,0,0),
 (1039,'Олово',1,1,1,0,0,0),
 (1038,'Самарий',1,1,1,0,0,0),
 (1037,'Кремний',1,1,1,0,0,0),
 (1036,'Селен',1,1,1,0,0,0),
 (1035,'Сурьма',1,1,1,0,0,0),
 (1034,'Сера',1,1,1,0,0,0),
 (1033,'Рубидий',1,1,1,0,0,0),
 (1032,'Свинец',1,1,1,0,0,0),
 (1031,'Фосфор',1,1,1,0,0,0),
 (1030,'Кислород',1,1,1,0,0,0),
 (1029,'Никель',1,1,1,0,0,0),
 (1028,'Неодим',1,1,1,0,0,0),
 (1027,'Натрий',1,1,1,0,0,0),
 (1026,'Азот',1,1,1,0,0,0),
 (1025,'Молибден',1,1,1,0,0,0),
 (1024,'Марганец',1,1,1,0,0,0),
 (1023,'Магний',1,1,1,0,0,0),
 (1022,'Литий',1,1,1,0,0,0),
 (1021,'Калий',1,1,1,0,0,0),
 (1020,'Ртуть',1,1,1,0,0,0),
 (1019,'Водород',1,1,1,0,0,0),
 (1018,'Германий',1,1,1,0,0,0),
 (1017,'Гадолиний',1,1,1,0,0,0),
 (1016,'Железо',1,1,1,0,0,0),
 (1015,'Фтор',1,1,1,0,0,0),
 (1014,'Дейтерий',1,1,1,0,0,0),
 (1013,'Медь',1,1,1,0,0,0),
 (1012,'Хром',1,1,1,0,0,0),
 (1011,'Кобальт',1,1,1,0,0,0),
 (1010,'Хлор',1,1,1,0,0,0),
 (1009,'Цезий',1,1,1,0,0,0),
 (1008,'Кальций',1,1,1,0,0,0),
 (1007,'Углерод',1,1,1,0,0,0),
 (1006,'Висмут',1,1,1,0,0,0),
 (1005,'Бериллий',1,1,1,0,0,0),
 (1004,'Бор',1,1,1,0,0,0),
 (1003,'Золото',1,1,1,0,0,0),
 (1002,'Мышьяк',1,1,1,0,0,0),
 (1001,'Аллюминий',1,1,1,0,0,0),
 (1000,'Серебро',1,1,1,0,0,0),
 (5000,'Азурит',100,1,5,0,0,300),
 (5001,'Алабандин',100,1,5,0,0,300),
 (5002,'Альбит',100,1,5,0,0,300),
 (5003,'Апатит',100,1,5,0,0,300),
 (5004,'Аргентит',100,1,5,0,0,300),
 (5005,'Бадделеит',100,1,5,0,0,300),
 (5006,'Берилл',100,1,5,0,0,300),
 (5007,'Брукит',100,1,5,0,0,300),
 (5008,'Брусит',100,1,5,0,0,300),
 (5009,'Висмутин',100,1,5,0,0,300),
 (5010,'Вода',100,1,5,0,0,300),
 (5011,'Вольфрамит',100,1,5,0,0,300),
 (5012,'Галенит',100,1,5,0,0,300),
 (5013,'Галит',100,1,5,0,0,300),
 (5014,'Гаусманит',100,1,5,0,0,300),
 (5015,'Гематит',100,1,5,0,0,300),
 (5016,'Гемиморфит',100,1,5,0,0,300),
 (5017,'Гётит',100,1,5,0,0,300),
 (5018,'Гипс',100,1,5,0,0,300),
 (5019,'Графит',100,1,5,0,0,300),
 (5020,'Данбурит',100,1,5,0,0,300),
 (5021,'Дарапскит',100,1,5,0,0,300),
 (5022,'Диоптаз',100,1,5,0,0,300),
 (5023,'Доломит',100,1,5,0,0,300),
 (5024,'Дюмортьерит',100,1,5,0,0,300),
 (5025,'Жадеит',100,1,5,0,0,300),
 (5026,'Иллит',100,1,5,0,0,300),
 (5027,'Ильменит',100,1,5,0,0,300),
 (5028,'Каинит',100,1,5,0,0,300),
 (5029,'Калаверит',100,1,5,0,0,300),
 (5030,'Каломель',100,1,5,0,0,300),
 (5031,'Касситерит',100,1,5,0,0,300),
 (5032,'Кварц',100,1,5,0,0,300),
 (5033,'Киноварь',100,1,5,0,0,300),
 (5034,'Колвезит',100,1,5,0,0,300),
 (5035,'Корунд',100,1,5,0,0,300),
 (5036,'Магнетит',100,1,5,0,0,300),
 (5037,'Мирабилит',100,1,5,0,0,300),
 (5038,'Молибденит',100,1,5,0,0,300),
 (5039,'Монацит',100,1,5,0,0,300),
 (5040,'Мусковит',100,1,5,0,0,300),
 (5041,'Настуран',100,1,5,0,0,300),
 (5042,'Опал',100,1,5,0,0,300),
 (5043,'Пентландит',100,1,5,0,0,300),
 (5044,'Перовскит',100,1,5,0,0,300),
 (5045,'Петалит',100,1,5,0,0,300),
 (5046,'Пираргирит',100,1,5,0,0,300),
 (5047,'Реальгар',100,1,5,0,0,300),
 (5048,'Ринерит',100,1,5,0,0,300),
 (5049,'Рубицин',100,1,5,0,0,300),
 (5050,'Сильванит',100,1,5,0,0,300),
 (5051,'Стронцианит',100,1,5,0,0,300),
 (5052,'Тальк',100,1,5,0,0,300),
 (5053,'Турманит',100,1,5,0,0,300),
 (5054,'Уваровит',100,1,5,0,0,300),
 (5055,'Флюорит',100,1,5,0,0,300),
 (5056,'Циркон',100,1,5,0,0,300),
 (5057,'Шеелит',100,1,5,0,0,300),
 (5058,'Эвдиалит',100,1,5,0,0,300),
 (5059,'Эритрин',100,1,5,0,0,300),
 (5060,'Ярозит',100,1,5,0,0,300),
 (2000,'Геологический зонд',1,7,2,0,0,30),
 (6000,'Чертеж геологического зонда',1,0,6,0,0,10),
 (2001,'Корпус шатла',1,170,2,0,0,300),
 (6001,'Чертеж корпуса шатла',1,0,6,0,0,450),
 (2002,'Малый ядерный реактор',1,110,2,0,0,500),
 (6002,'Чертеж малого ядерного реактора',1,0,6,0,0,750),
 (2004,'Малый грузовой отсек',1,250,2,0,0,400),
 (6003,'Чертеж антиграв. двигателя',1,0,6,0,0,750),
 (6004,'Чертеж грузового отсека',1,0,6,0,0,200),
 (2005,'Кабина шатла',1,100,2,0,0,1200),
 (6005,'Чертеж кабины шатла',1,0,6,0,0,450),
 (3001,'Торговая станция',1,100000,0,0,0,0),
 (3002,'Геологический спутник',1,100000,8,0,90,1200),
 (3003,'Солнечная электростанция',1,100000,8,0,100,1200),
 (3004,'Орбитальный склад',1,100000,8,0,80,1200);
/*!40000 ALTER TABLE `objects` ENABLE KEYS */;


--
-- Definition of table `objects_layout`
--

DROP TABLE IF EXISTS `objects_layout`;
CREATE TABLE `objects_layout` (
  `object_id` int(10) unsigned NOT NULL AUTO_INCREMENT,
  `book_req` int(10) unsigned NOT NULL,
  `book_level` int(10) unsigned NOT NULL,
  PRIMARY KEY (`object_id`)
) ENGINE=MyISAM DEFAULT CHARSET=utf8;

--
-- Dumping data for table `objects_layout`
--

/*!40000 ALTER TABLE `objects_layout` DISABLE KEYS */;
/*!40000 ALTER TABLE `objects_layout` ENABLE KEYS */;


--
-- Definition of table `objects_sub`
--

DROP TABLE IF EXISTS `objects_sub`;
CREATE TABLE `objects_sub` (
  `id` int(10) unsigned NOT NULL AUTO_INCREMENT,
  `object_id` int(10) unsigned NOT NULL,
  `res_id` int(10) unsigned NOT NULL,
  `res_cnt` int(10) unsigned NOT NULL,
  PRIMARY KEY (`id`),
  KEY `by_object` (`object_id`)
) ENGINE=MyISAM AUTO_INCREMENT=309 DEFAULT CHARSET=utf8;

--
-- Dumping data for table `objects_sub`
--

/*!40000 ALTER TABLE `objects_sub` DISABLE KEYS */;
INSERT INTO `objects_sub` (`id`,`object_id`,`res_id`,`res_cnt`) VALUES 
 (15,23,1016,50),
 (16,23,1037,10),
 (17,24,1016,50),
 (18,24,1037,30),
 (19,25,1016,120),
 (20,25,1037,120),
 (21,33,1016,150),
 (22,33,1037,80),
 (23,33,1013,80),
 (24,34,1016,110),
 (25,34,1037,40),
 (26,34,1013,30),
 (27,36,1016,100),
 (28,36,1037,25),
 (29,37,1016,250),
 (30,37,1037,35),
 (31,38,1016,500),
 (32,38,1037,500),
 (33,39,1016,750),
 (34,39,1037,400),
 (35,39,1043,25),
 (36,39,1013,150),
 (37,5005,1049,99),
 (38,5056,1049,49),
 (39,5058,1049,9),
 (40,5011,1046,60),
 (41,5016,1048,54),
 (42,5048,1048,22),
 (43,5057,1046,63),
 (44,5058,1047,1),
 (45,5007,1043,59),
 (46,5027,1043,31),
 (47,5041,1044,88),
 (48,5044,1043,35),
 (49,5053,1045,5),
 (50,5029,1041,56),
 (51,5031,1039,31),
 (52,5039,1042,16),
 (53,5050,1041,59),
 (54,5051,1040,59),
 (55,5002,1037,68),
 (56,5006,1037,31),
 (57,5009,1036,8),
 (58,5016,1037,11),
 (59,5020,1037,23),
 (60,5022,1037,18),
 (61,5024,1037,14),
 (62,5025,1037,27),
 (63,5026,1037,25),
 (64,5032,1037,46),
 (65,5039,1038,14),
 (66,5040,1037,21),
 (67,5042,1037,32),
 (68,5045,1037,36),
 (69,5049,1037,27),
 (70,5052,1037,29),
 (71,5053,1037,3),
 (72,5054,1037,16),
 (73,5056,1037,15),
 (74,5058,1037,22),
 (75,5001,1034,28),
 (76,5004,1034,12),
 (77,5009,1035,2),
 (78,5012,1034,13),
 (79,5018,1034,19),
 (80,5021,1034,8),
 (81,5028,1034,13),
 (82,5033,1034,13),
 (83,5037,1034,10),
 (84,5038,1034,39),
 (85,5043,1034,33),
 (86,5046,1035,22),
 (87,5046,1034,17),
 (88,5047,1034,29),
 (89,5048,1034,30),
 (90,5049,1033,21),
 (91,5060,1034,13),
 (92,5001,1032,3),
 (93,5003,1031,18),
 (94,5003,1030,38),
 (95,5006,1030,53),
 (96,5007,1030,38),
 (97,5008,1030,55),
 (98,5009,1032,6),
 (99,5010,1030,50),
 (100,5011,1030,21),
 (101,5012,1032,86),
 (102,5014,1030,27),
 (103,5015,1030,30),
 (104,5016,1030,33),
 (105,5017,1030,36),
 (106,5018,1030,55),
 (107,5020,1030,52),
 (108,5021,1030,48),
 (109,5022,1030,40),
 (110,5023,1030,52),
 (111,5024,1030,50),
 (112,5025,1030,46),
 (113,5026,1030,54),
 (114,5027,1030,31),
 (115,5028,1030,44),
 (116,5031,1030,68),
 (117,5032,1030,53),
 (118,5034,1030,36),
 (119,5035,1030,46),
 (120,5036,1030,27),
 (121,5037,1030,69),
 (122,5039,1031,12),
 (123,5039,1030,26),
 (124,5040,1030,47),
 (125,5041,1030,11),
 (126,5042,1030,64),
 (127,5044,1030,35),
 (128,5045,1030,52),
 (129,5049,1030,40),
 (130,5051,1030,32),
 (131,5052,1030,50),
 (132,5053,1030,32),
 (133,5054,1030,38),
 (134,5056,1030,35),
 (135,5057,1030,22),
 (136,5058,1030,38),
 (137,5059,1030,43),
 (138,5060,1030,44),
 (139,5002,1027,12),
 (140,5013,1027,39),
 (141,5021,1027,22),
 (142,5025,1027,11),
 (143,5037,1027,14),
 (144,5039,1028,6),
 (145,5043,1029,34),
 (146,5058,1027,9),
 (147,5001,1024,65),
 (148,5011,1024,9),
 (149,5014,1024,72),
 (150,5021,1026,9),
 (151,5026,1024,2),
 (152,5038,1025,60),
 (153,5053,1024,52),
 (154,5058,1024,2),
 (155,5008,1023,41),
 (156,5023,1023,13),
 (157,5026,1021,6),
 (158,5028,1021,16),
 (159,5028,1023,10),
 (160,5040,1021,9),
 (161,5045,1022,2),
 (162,5049,1021,3),
 (163,5052,1023,19),
 (164,5053,1023,3),
 (165,5060,1021,8),
 (166,5003,1019,1),
 (167,5008,1019,3),
 (168,5010,1019,48),
 (169,5016,1019,1),
 (170,5017,1019,1),
 (171,5018,1019,2),
 (172,5021,1019,12),
 (173,5022,1019,1),
 (174,5024,1019,1),
 (175,5026,1019,1),
 (176,5028,1019,2),
 (177,5030,1020,84),
 (178,5033,1020,86),
 (179,5034,1019,1),
 (180,5037,1019,6),
 (181,5040,1019,1),
 (182,5042,1019,3),
 (183,5048,1018,7),
 (184,5052,1019,1),
 (185,5053,1019,1),
 (186,5058,1019,1),
 (187,5059,1019,2),
 (188,5060,1019,1),
 (189,5003,1015,1),
 (190,5007,1016,2),
 (191,5010,1014,1),
 (192,5011,1016,9),
 (193,5015,1016,69),
 (194,5017,1016,62),
 (195,5025,1016,3),
 (196,5026,1016,2),
 (197,5027,1016,37),
 (198,5036,1016,72),
 (199,5039,1017,14),
 (200,5040,1015,1),
 (201,5043,1016,32),
 (202,5048,1016,13),
 (203,5055,1015,48),
 (204,5058,1016,3),
 (205,5060,1016,33),
 (206,5000,1013,99),
 (207,5001,1013,2),
 (208,5009,1013,3),
 (209,5022,1013,40),
 (210,5034,1011,18),
 (211,5034,1013,39),
 (212,5048,1013,25),
 (213,5054,1012,21),
 (214,5059,1011,29),
 (215,5003,1008,39),
 (216,5003,1010,2),
 (217,5013,1010,60),
 (218,5018,1008,23),
 (219,5020,1008,16),
 (220,5023,1008,22),
 (221,5028,1010,14),
 (222,5030,1010,15),
 (223,5039,1008,2),
 (224,5039,1009,9),
 (225,5044,1008,29),
 (226,5054,1008,24),
 (227,5055,1008,51),
 (228,5057,1008,14),
 (229,5058,1008,6),
 (230,5058,1009,7),
 (231,5058,1010,1),
 (232,5006,1005,5),
 (233,5009,1006,80),
 (234,5019,1007,99),
 (235,5023,1007,12),
 (236,5034,1007,5),
 (237,5051,1007,8),
 (238,5020,1004,8),
 (239,5024,1004,2),
 (240,5029,1003,43),
 (241,5047,1002,70),
 (242,5048,1002,2),
 (243,5050,1003,34),
 (244,5053,1002,3),
 (245,5059,1002,25),
 (246,5001,1000,1),
 (247,5002,1001,19),
 (248,5004,1000,87),
 (249,5006,1001,10),
 (250,5024,1001,32),
 (251,5025,1001,12),
 (252,5026,1001,9),
 (253,5035,1001,53),
 (254,5040,1001,20),
 (255,5045,1001,9),
 (256,5046,1000,60),
 (257,5049,1001,8),
 (258,5050,1000,6),
 (259,2000,1016,2),
 (260,2000,1037,2),
 (261,2000,1043,3),
 (262,2000,6000,1),
 (263,2001,6001,1),
 (264,2001,1043,135),
 (265,2001,1013,35),
 (266,2002,6002,1),
 (267,2002,1014,20),
 (268,2002,1032,70),
 (269,2002,1043,10),
 (270,2002,1013,10),
 (271,2003,1049,150),
 (272,2003,1043,150),
 (273,2003,1013,50),
 (274,2003,1021,10),
 (275,2003,1034,15),
 (276,2003,6003,1),
 (277,2004,6004,1),
 (278,2004,1016,200),
 (279,2004,1043,50),
 (280,2004,1030,500),
 (281,2004,1019,100),
 (282,2005,6005,1),
 (283,2005,1043,25),
 (284,2005,1032,150),
 (285,2005,1008,25),
 (286,2005,1030,700),
 (287,4001,7001,1),
 (288,4001,2001,1),
 (289,4001,2002,1),
 (290,4001,2003,1),
 (291,4001,2004,1),
 (292,4001,2005,1),
 (293,3002,1037,1200),
 (294,3002,1030,15000),
 (295,3002,1007,1300),
 (296,3002,1043,9000),
 (297,3003,1022,1300),
 (298,3003,1045,300),
 (299,3003,1011,700),
 (300,3003,1030,10000),
 (301,3003,1013,700),
 (302,3004,1043,1200),
 (303,3004,1038,300),
 (304,3004,1030,9000),
 (305,3004,1024,800),
 (306,3004,1023,800),
 (307,3004,1001,1200),
 (308,3004,1007,500);
/*!40000 ALTER TABLE `objects_sub` ENABLE KEYS */;


--
-- Definition of table `orbit_events`
--

DROP TABLE IF EXISTS `orbit_events`;
CREATE TABLE `orbit_events` (
  `id` int(10) unsigned NOT NULL AUTO_INCREMENT,
  `event_type` int(10) unsigned NOT NULL,
  `x` int(10) unsigned NOT NULL,
  `planet_id` int(10) unsigned NOT NULL,
  `object_id` int(10) unsigned NOT NULL,
  `event_time` datetime NOT NULL,
  `timer` int(10) unsigned NOT NULL DEFAULT '0',
  `user_id` int(10) unsigned NOT NULL,
  PRIMARY KEY (`id`)
) ENGINE=MyISAM AUTO_INCREMENT=11 DEFAULT CHARSET=utf8;

--
-- Dumping data for table `orbit_events`
--

/*!40000 ALTER TABLE `orbit_events` DISABLE KEYS */;
/*!40000 ALTER TABLE `orbit_events` ENABLE KEYS */;


--
-- Definition of table `orbits_buildings`
--

DROP TABLE IF EXISTS `orbits_buildings`;
CREATE TABLE `orbits_buildings` (
  `id` int(10) unsigned NOT NULL AUTO_INCREMENT,
  `object_id` int(10) unsigned NOT NULL,
  `planet_id` int(10) unsigned NOT NULL,
  `x` int(10) unsigned NOT NULL,
  `level` int(10) unsigned NOT NULL DEFAULT '1',
  PRIMARY KEY (`id`)
) ENGINE=MyISAM AUTO_INCREMENT=6 DEFAULT CHARSET=utf8;

--
-- Dumping data for table `orbits_buildings`
--

/*!40000 ALTER TABLE `orbits_buildings` DISABLE KEYS */;
INSERT INTO `orbits_buildings` (`id`,`object_id`,`planet_id`,`x`,`level`) VALUES 
 (1,3001,20002,2,0),
 (2,3003,20002,3,4),
 (3,3004,20002,5,1),
 (4,3003,20002,4,4),
 (5,3002,20002,7,1);
/*!40000 ALTER TABLE `orbits_buildings` ENABLE KEYS */;


--
-- Definition of table `orbits_disp`
--

DROP TABLE IF EXISTS `orbits_disp`;
CREATE TABLE `orbits_disp` (
  `event_id` int(10) unsigned NOT NULL AUTO_INCREMENT,
  `res_id` int(10) unsigned NOT NULL,
  `res_cnt` int(10) unsigned NOT NULL,
  `level` int(10) unsigned NOT NULL,
  PRIMARY KEY (`event_id`)
) ENGINE=MyISAM DEFAULT CHARSET=utf8;

--
-- Dumping data for table `orbits_disp`
--

/*!40000 ALTER TABLE `orbits_disp` DISABLE KEYS */;
/*!40000 ALTER TABLE `orbits_disp` ENABLE KEYS */;


--
-- Definition of table `orbits_make`
--

DROP TABLE IF EXISTS `orbits_make`;
CREATE TABLE `orbits_make` (
  `event_id` int(10) unsigned NOT NULL AUTO_INCREMENT,
  `object_id` int(10) unsigned NOT NULL,
  `cycle` int(10) unsigned NOT NULL,
  PRIMARY KEY (`event_id`)
) ENGINE=MyISAM DEFAULT CHARSET=utf8;

--
-- Dumping data for table `orbits_make`
--

/*!40000 ALTER TABLE `orbits_make` DISABLE KEYS */;
/*!40000 ALTER TABLE `orbits_make` ENABLE KEYS */;


--
-- Definition of table `orbits_mines`
--

DROP TABLE IF EXISTS `orbits_mines`;
CREATE TABLE `orbits_mines` (
  `event_id` int(10) unsigned NOT NULL AUTO_INCREMENT,
  `res_id` int(10) unsigned NOT NULL,
  `res_cnt` int(10) unsigned NOT NULL,
  `cycle` int(10) unsigned NOT NULL,
  PRIMARY KEY (`event_id`)
) ENGINE=MyISAM DEFAULT CHARSET=utf8;

--
-- Dumping data for table `orbits_mines`
--

/*!40000 ALTER TABLE `orbits_mines` DISABLE KEYS */;
/*!40000 ALTER TABLE `orbits_mines` ENABLE KEYS */;


--
-- Definition of table `planet_events`
--

DROP TABLE IF EXISTS `planet_events`;
CREATE TABLE `planet_events` (
  `id` int(10) unsigned NOT NULL AUTO_INCREMENT,
  `x` int(10) NOT NULL,
  `y` int(10) NOT NULL,
  `planet_id` int(10) NOT NULL,
  `object_id` int(10) NOT NULL,
  `event_time` datetime NOT NULL,
  `event_type` int(10) unsigned NOT NULL COMMENT '1-build, 2-mine, 3-dispence, 4-upgrade, 5-make, 6-lab',
  `timer` int(10) unsigned NOT NULL DEFAULT '0',
  `user_id` int(10) unsigned NOT NULL,
  PRIMARY KEY (`id`),
  KEY `planet_x_y` (`planet_id`,`x`,`y`),
  KEY `by_time` (`event_time`),
  KEY `by_planet` (`planet_id`),
  KEY `event4group` (`event_type`,`x`,`y`)
) ENGINE=MyISAM AUTO_INCREMENT=6936 DEFAULT CHARSET=utf8;

--
-- Dumping data for table `planet_events`
--

/*!40000 ALTER TABLE `planet_events` DISABLE KEYS */;
/*!40000 ALTER TABLE `planet_events` ENABLE KEYS */;


--
-- Definition of table `planet_types`
--

DROP TABLE IF EXISTS `planet_types`;
CREATE TABLE `planet_types` (
  `id` int(10) unsigned NOT NULL AUTO_INCREMENT,
  `name` varchar(45) NOT NULL,
  PRIMARY KEY (`id`)
) ENGINE=MyISAM AUTO_INCREMENT=10 DEFAULT CHARSET=utf8;

--
-- Dumping data for table `planet_types`
--

/*!40000 ALTER TABLE `planet_types` DISABLE KEYS */;
INSERT INTO `planet_types` (`id`,`name`) VALUES 
 (1,'Планета игрока'),
 (2,'Газовый гигант'),
 (3,'Земного типа'),
 (4,'Мертвая планета');
/*!40000 ALTER TABLE `planet_types` ENABLE KEYS */;


--
-- Definition of table `planets`
--

DROP TABLE IF EXISTS `planets`;
CREATE TABLE `planets` (
  `id` int(10) unsigned NOT NULL AUTO_INCREMENT,
  `type` int(10) unsigned NOT NULL,
  `name` varchar(45) NOT NULL,
  `user_id` int(10) unsigned DEFAULT NULL,
  `last_pos` varchar(45) DEFAULT NULL,
  `star_id` int(10) unsigned NOT NULL,
  `planet_pos` int(10) unsigned NOT NULL,
  `rad` int(10) unsigned NOT NULL,
  `orb` int(10) unsigned NOT NULL,
  PRIMARY KEY (`id`),
  KEY `by_star` (`star_id`)
) ENGINE=MyISAM AUTO_INCREMENT=21096 DEFAULT CHARSET=utf8;

--
-- Dumping data for table `planets`
--

/*!40000 ALTER TABLE `planets` DISABLE KEYS */;
INSERT INTO `planets` (`id`,`type`,`name`,`user_id`,`last_pos`,`star_id`,`planet_pos`,`rad`,`orb`) VALUES 
 (20001,1,'Проверка земли',1,NULL,30001,3,75,120),
 (20002,1,'Сааракш',2,'44:26',30001,5,26,180),
 (20003,3,'Меркурий',NULL,NULL,30001,1,120,60),
 (20004,3,'Венера',NULL,NULL,30001,2,170,90),
 (20005,2,'Уран',NULL,NULL,30001,4,64,150),
 (20006,2,'Нептун',NULL,NULL,30001,6,92,210),
 (20007,3,'Плутон',NULL,NULL,30001,8,240,270),
 (21095,2,'Гетвосца',NULL,NULL,30169,7,111,240),
 (21094,2,'Етцот',NULL,NULL,30169,6,279,210),
 (21093,2,'Боражу',NULL,NULL,30169,5,136,180),
 (21092,3,'Бинтимба',NULL,NULL,30169,4,184,150),
 (21091,2,'Ундяр',NULL,NULL,30169,3,80,120),
 (21090,1,'Густофеа',3,'15:0',30169,2,20,90),
 (21089,2,'Стомоссов',NULL,NULL,30169,1,249,60),
 (21088,2,'Хенякфас',NULL,NULL,30168,5,56,180),
 (21087,2,'Радхосын',NULL,NULL,30168,4,24,150),
 (21086,2,'Нитфот',NULL,NULL,30168,3,238,120),
 (21085,2,'Жетлетфот',NULL,NULL,30168,2,77,90),
 (21084,1,'Ажусов',3,'29:9',30168,1,62,60),
 (21083,2,'Бувинит',NULL,NULL,30167,5,164,180),
 (21082,2,'Угет',NULL,NULL,30167,4,165,150),
 (21081,2,'Биет',NULL,NULL,30167,3,134,120),
 (21080,3,'Радзен',NULL,NULL,30167,2,35,90),
 (21079,1,'Летмуззен',3,'32:12',30167,1,280,60),
 (21078,3,'Лугетрад',NULL,NULL,30166,7,249,240),
 (21077,2,'Сажунджус',NULL,NULL,30166,6,63,210),
 (21076,3,'Адбос',NULL,NULL,30166,5,157,180),
 (21075,2,'Рузюф',NULL,NULL,30166,4,203,150),
 (21074,2,'Цажус',NULL,NULL,30166,3,170,120),
 (21073,2,'Рысфат',NULL,NULL,30166,2,29,90),
 (21072,2,'Нитдач',NULL,NULL,30166,1,28,60),
 (21071,2,'Контортор',NULL,NULL,30165,6,207,210),
 (21070,3,'Фотстором',NULL,NULL,30165,5,35,180),
 (21069,3,'Сынфас',NULL,NULL,30165,4,318,150),
 (21068,2,'Паравтор',NULL,NULL,30165,3,219,120),
 (21067,1,'Думхенцет',3,'16:21',30165,2,120,90),
 (21066,3,'Годесфас',NULL,NULL,30165,1,97,60),
 (21065,3,'Бируд',NULL,NULL,30164,6,40,210),
 (21064,1,'Дорог',3,'36:23',30164,5,213,180),
 (21063,2,'Восшот',NULL,NULL,30164,4,35,150),
 (21062,3,'Юфедпат',NULL,NULL,30164,3,274,120),
 (21061,2,'Пушфос',NULL,NULL,30164,2,335,90),
 (21060,3,'Цотго',NULL,NULL,30164,1,353,60),
 (21059,3,'Жабедом',NULL,NULL,30163,6,226,210),
 (21058,3,'Ютборало',NULL,NULL,30163,5,335,180),
 (21057,2,'Отко',NULL,NULL,30163,4,289,150),
 (21056,2,'Рудфос',NULL,NULL,30163,3,29,120),
 (21055,2,'Гопу',NULL,NULL,30163,2,12,90),
 (21054,1,'Суебиннот',3,'26:0',30163,1,12,60),
 (21053,2,'Остзослу',NULL,NULL,30162,7,253,240),
 (21052,2,'Язке',NULL,NULL,30162,6,108,210),
 (21051,2,'Касжалу',NULL,NULL,30162,5,119,180),
 (21050,2,'Тикбинмоз',NULL,NULL,30162,4,26,150),
 (21049,3,'Позгет',NULL,NULL,30162,3,17,120),
 (21048,2,'Нофсам',NULL,NULL,30162,2,135,90),
 (21047,3,'Стомоз',NULL,NULL,30162,1,344,60),
 (21046,2,'Домзу',NULL,NULL,30161,5,319,180),
 (21045,1,'Фасгасяр',3,'25:8',30161,4,61,150),
 (21044,3,'Циобоскон',NULL,NULL,30161,3,274,120),
 (21043,2,'Пудумтаф',NULL,NULL,30161,2,91,90),
 (21042,2,'Когод',NULL,NULL,30161,1,26,60),
 (21041,2,'Гетред',NULL,NULL,30160,7,285,240),
 (21040,3,'Фостаф',NULL,NULL,30160,6,324,210),
 (21039,2,'Босту',NULL,NULL,30160,5,294,180),
 (21038,3,'Небууст',NULL,NULL,30160,4,301,150),
 (21037,3,'Бонефсаж',NULL,NULL,30160,3,132,120),
 (21036,1,'Абофиаза',3,'49:23',30160,2,309,90),
 (21035,2,'Феахен',NULL,NULL,30160,1,31,60),
 (21034,3,'Янсаж',NULL,NULL,30159,8,326,270),
 (21033,1,'Жетдотбе',3,'29:3',30159,7,139,240),
 (21032,2,'Мозшудбе',NULL,NULL,30159,6,257,210),
 (21031,2,'Отор',NULL,NULL,30159,5,287,180),
 (21030,2,'Консуету',NULL,NULL,30159,4,87,150),
 (21029,2,'Перор',NULL,NULL,30159,3,314,120),
 (21028,2,'Онбипу',NULL,NULL,30159,2,41,90),
 (21027,2,'Алогет',NULL,NULL,30159,1,88,60),
 (21026,3,'Сотгод',NULL,NULL,30158,5,315,180),
 (21025,2,'Сотурку',NULL,NULL,30158,4,299,150),
 (21024,2,'Виров',NULL,NULL,30158,3,270,120),
 (21023,2,'Рудур',NULL,NULL,30158,2,67,90),
 (21022,1,'Угназ',3,'11:41',30158,1,246,60),
 (21021,1,'Судур',3,'26:13',30157,5,263,180),
 (21020,2,'Тецет',NULL,NULL,30157,4,114,150),
 (21019,3,'Гусциогод',NULL,NULL,30157,3,82,120),
 (21018,2,'Отмегви',NULL,NULL,30157,2,155,90),
 (21017,2,'Нофтор',NULL,NULL,30157,1,295,60),
 (21016,2,'Негугот',NULL,NULL,30156,6,359,210),
 (21015,1,'Торфанмоз',3,'27:38',30156,5,158,180),
 (21014,2,'Лафат',NULL,NULL,30156,4,326,150),
 (21013,2,'Тускеон',NULL,NULL,30156,3,257,120),
 (21012,3,'Гусрад',NULL,NULL,30156,2,313,90),
 (21011,3,'Ондгетпод',NULL,NULL,30156,1,240,60),
 (21010,1,'Гусгетмег',3,'41:3',30155,6,313,210),
 (21009,2,'Даспузбе',NULL,NULL,30155,5,348,180),
 (21008,2,'Ядци',NULL,NULL,30155,4,308,150),
 (21007,2,'Цондум',NULL,NULL,30155,3,281,120),
 (21006,2,'Подфот',NULL,NULL,30155,2,62,90),
 (21005,3,'Фантик',NULL,NULL,30155,1,116,60),
 (21004,2,'Досус',NULL,NULL,30154,6,72,210),
 (21003,3,'Досмефет',NULL,NULL,30154,5,159,180),
 (21002,2,'Шуддум',NULL,NULL,30154,4,251,150),
 (21001,2,'Совгенлен',NULL,NULL,30154,3,151,120),
 (21000,2,'Лаязук',NULL,NULL,30154,2,308,90),
 (20999,2,'Мефвонжет',NULL,NULL,30154,1,49,60),
 (20998,2,'Островгот',NULL,NULL,30153,5,92,180),
 (20997,3,'Пушгод',NULL,NULL,30153,4,325,150),
 (20996,3,'Жетпузгет',NULL,NULL,30153,3,66,120),
 (20995,1,'Мосуг',3,'3:34',30153,2,5,90),
 (20994,3,'Перподмос',NULL,NULL,30153,1,353,60),
 (20993,2,'Ценяд',NULL,NULL,30152,6,287,210),
 (20992,1,'Рудян',3,'42:13',30152,5,67,180),
 (20991,2,'Едкешуд',NULL,NULL,30152,4,159,150),
 (20990,2,'Касфеа',NULL,NULL,30152,3,10,120),
 (20989,3,'Окус',NULL,NULL,30152,2,174,90),
 (20988,2,'Лотпуз',NULL,NULL,30152,1,55,60),
 (20987,1,'Отфиами',3,'20:43',30151,6,213,210),
 (20986,2,'Хатдумук',NULL,NULL,30151,5,39,180),
 (20985,2,'Туалонит',NULL,NULL,30151,4,76,150),
 (20984,3,'Лотзос',NULL,NULL,30151,3,282,120),
 (20983,3,'Насуст',NULL,NULL,30151,2,89,90),
 (20982,2,'Назтик',NULL,NULL,30151,1,256,60),
 (20981,3,'Шудне',NULL,NULL,30150,5,203,180),
 (20980,2,'Ценца',NULL,NULL,30150,4,274,150),
 (20979,2,'Дотдом',NULL,NULL,30150,3,258,120),
 (20978,3,'Ундаксров',NULL,NULL,30150,2,201,90),
 (20977,1,'Усдот',3,'33:9',30150,1,354,60),
 (20976,3,'Роглен',NULL,NULL,30149,8,36,270),
 (20975,2,'Ажуфанруз',NULL,NULL,30149,7,308,240),
 (20974,2,'Позсовтус',NULL,NULL,30149,6,58,210),
 (20973,2,'Апешенко',NULL,NULL,30149,5,211,180),
 (20972,1,'Лудом',3,'23:35',30149,4,171,150),
 (20971,2,'Мосвон',NULL,NULL,30149,3,293,120),
 (20970,2,'Ровют',NULL,NULL,30149,2,9,90),
 (20969,2,'Падач',NULL,NULL,30149,1,147,60),
 (20968,1,'Цотгас',3,'40:13',30148,7,60,240),
 (20967,3,'Гусус',NULL,NULL,30148,6,83,210),
 (20966,3,'Кугет',NULL,NULL,30148,5,180,180),
 (20965,2,'Самгус',NULL,NULL,30148,4,353,150),
 (20964,2,'Нотгус',NULL,NULL,30148,3,39,120),
 (20963,2,'Борторлет',NULL,NULL,30148,2,134,90),
 (20962,2,'Дотзасаж',NULL,NULL,30148,1,239,60),
 (20961,2,'Допуштаф',NULL,NULL,30147,8,321,270),
 (20960,2,'Ондсуд',NULL,NULL,30147,7,342,240),
 (20959,1,'Кукуну',3,'17:22',30147,6,49,210),
 (20958,2,'Меттак',NULL,NULL,30147,5,311,180),
 (20957,2,'Онценлоз',NULL,NULL,30147,4,196,150),
 (20956,2,'Годлен',NULL,NULL,30147,3,48,120),
 (20955,2,'Алобал',NULL,NULL,30147,2,313,90),
 (20954,3,'Думгот',NULL,NULL,30147,1,36,60),
 (20953,2,'Якок',NULL,NULL,30146,6,56,210),
 (20952,2,'Хенбалцон',NULL,NULL,30146,5,50,180),
 (20951,2,'Мефундхен',NULL,NULL,30146,4,309,150),
 (20950,3,'Равмеф',NULL,NULL,30146,3,352,120),
 (20949,2,'Ондюк',NULL,NULL,30146,2,156,90),
 (20948,2,'Аззен',NULL,NULL,30146,1,65,60),
 (20947,1,'Ценбинсот',3,'5:12',30145,6,225,210),
 (20946,2,'Фосшотсаж',NULL,NULL,30145,5,190,180),
 (20945,2,'Азами',NULL,NULL,30145,4,321,150),
 (20944,2,'Беза',NULL,NULL,30145,3,208,120),
 (20943,2,'Еслен',NULL,NULL,30145,2,94,90),
 (20942,2,'Жетпоз',NULL,NULL,30145,1,276,60),
 (20941,3,'Сынмефот',NULL,NULL,30144,5,349,180),
 (20940,2,'Кетакед',NULL,NULL,30144,4,46,150),
 (20939,1,'Хаткуюк',3,'35:28',30144,3,333,120),
 (20938,2,'Нофуккон',NULL,NULL,30144,2,124,90),
 (20937,2,'Годзоспер',NULL,NULL,30144,1,121,60),
 (20936,1,'Фасну',3,'36:24',30143,8,336,270),
 (20935,2,'Угруд',NULL,NULL,30143,7,9,240),
 (20934,3,'Кету',NULL,NULL,30143,6,3,210),
 (20933,2,'Кожус',NULL,NULL,30143,5,109,180),
 (20932,2,'Янпузсом',NULL,NULL,30143,4,118,150),
 (20931,3,'Добуфан',NULL,NULL,30143,3,276,120),
 (20930,2,'Зодтак',NULL,NULL,30143,2,266,90),
 (20929,2,'Хатзосгод',NULL,NULL,30143,1,252,60),
 (20928,2,'Босноффан',NULL,NULL,30142,8,345,270),
 (20927,2,'Орзу',NULL,NULL,30142,7,344,240),
 (20926,1,'Заот',3,'8:0',30142,6,265,210),
 (20925,2,'Язрузтик',NULL,NULL,30142,5,238,180),
 (20924,3,'Ровла',NULL,NULL,30142,4,305,150),
 (20923,3,'Зоскон',NULL,NULL,30142,3,344,120),
 (20922,3,'Авекатте',NULL,NULL,30142,2,337,90),
 (20921,2,'Ромтак',NULL,NULL,30142,1,178,60),
 (20920,2,'Фатостпан',NULL,NULL,30141,6,102,210),
 (20919,3,'Юфдумпан',NULL,NULL,30141,5,26,180),
 (20918,3,'Балзосрог',NULL,NULL,30141,4,358,150),
 (20917,2,'Беакс',NULL,NULL,30141,3,268,120),
 (20916,1,'Патлет',3,'46:39',30141,2,29,90),
 (20915,2,'Сомбу',NULL,NULL,30141,1,189,60),
 (20914,2,'Готну',NULL,NULL,30140,8,132,270),
 (20913,2,'Сынмуз',NULL,NULL,30140,7,39,240),
 (20912,1,'Шенко',3,'47:0',30140,6,90,210),
 (20911,3,'Вибалсот',NULL,NULL,30140,5,212,180),
 (20910,2,'Насрогуст',NULL,NULL,30140,4,309,150),
 (20909,2,'Угку',NULL,NULL,30140,3,270,120),
 (20908,3,'Етшуд',NULL,NULL,30140,2,81,90),
 (20907,2,'Совпуз',NULL,NULL,30140,1,211,60),
 (20906,3,'Цетсаж',NULL,NULL,30139,8,306,270),
 (20905,2,'Шенянуст',NULL,NULL,30139,7,334,240),
 (20904,2,'Годлас',NULL,NULL,30139,6,205,210),
 (20903,3,'Юксуедом',NULL,NULL,30139,5,38,180),
 (20902,1,'Апепод',3,'40:11',30139,4,338,150),
 (20901,2,'Хатну',NULL,NULL,30139,3,130,120),
 (20900,3,'Латесот',NULL,NULL,30139,2,168,90),
 (20899,2,'Угмузби',NULL,NULL,30139,1,39,60),
 (20898,2,'Цотлу',NULL,NULL,30138,8,53,270),
 (20897,2,'Цаюк',NULL,NULL,30138,7,166,240),
 (20896,3,'Дасвосбу',NULL,NULL,30138,6,42,210),
 (20895,2,'Косомсто',NULL,NULL,30138,5,77,180),
 (20894,1,'Усаз',3,'26:19',30138,4,133,150),
 (20893,2,'Бонхат',NULL,NULL,30138,3,335,120),
 (20892,3,'Лозровтик',NULL,NULL,30138,2,283,90),
 (20891,2,'Юфбонпуш',NULL,NULL,30138,1,193,60),
 (20890,3,'Жетцаян',NULL,NULL,30137,6,170,210),
 (20889,2,'Ажухат',NULL,NULL,30137,5,258,180),
 (20888,2,'Алозодет',NULL,NULL,30137,4,37,150),
 (20887,2,'Лаус',NULL,NULL,30137,3,165,120),
 (20886,2,'Сотук',NULL,NULL,30137,2,109,90),
 (20885,2,'Сомапе',NULL,NULL,30137,1,246,60),
 (20884,2,'Фианассот',NULL,NULL,30136,5,318,180),
 (20883,3,'Урмифат',NULL,NULL,30136,4,189,150),
 (20882,2,'Устцетюф',NULL,NULL,30136,3,113,120),
 (20881,1,'Мегметбал',3,'41:22',30136,2,326,90),
 (20880,2,'Назла',NULL,NULL,30136,1,171,60),
 (20879,2,'Пузсынфан',NULL,NULL,30135,6,257,210),
 (20878,2,'Цитуе',NULL,NULL,30135,5,259,180),
 (20877,2,'Буаве',NULL,NULL,30135,4,325,150),
 (20876,2,'Зудот',NULL,NULL,30135,3,164,120),
 (20875,3,'Хендосгус',NULL,NULL,30135,2,90,90),
 (20874,2,'Ценкует',NULL,NULL,30135,1,201,60),
 (20873,2,'Кастуте',NULL,NULL,30134,8,49,270),
 (20872,3,'Алобосци',NULL,NULL,30134,7,144,240),
 (20871,1,'Пудачназ',3,'29:21',30134,6,296,210),
 (20870,2,'Кухат',NULL,NULL,30134,5,117,180),
 (20869,2,'Готну',NULL,NULL,30134,4,167,150),
 (20868,2,'Сынмуз',NULL,NULL,30134,3,47,120),
 (20867,2,'Шенко',NULL,NULL,30134,2,199,90),
 (20866,2,'Вибалсот',NULL,NULL,30134,1,67,60),
 (20865,2,'Такфатмет',NULL,NULL,30133,8,160,270),
 (20864,2,'Ципан',NULL,NULL,30133,7,166,240),
 (20863,3,'Совлас',NULL,NULL,30133,6,145,210),
 (20862,2,'Бинтик',NULL,NULL,30133,5,112,180),
 (20861,2,'Сынлозгу',NULL,NULL,30133,4,277,150),
 (20860,2,'Торзод',NULL,NULL,30133,3,82,120),
 (20859,3,'Конзу',NULL,NULL,30133,2,135,90),
 (20858,1,'Пуефну',3,'12:40',30133,1,43,60),
 (20857,3,'Меглен',NULL,NULL,30132,5,141,180),
 (20856,1,'Кокас',3,'26:30',30132,4,150,150),
 (20855,2,'Зодшуд',NULL,NULL,30132,3,54,120),
 (20854,2,'Досвон',NULL,NULL,30132,2,331,90),
 (20853,2,'Алосыт',NULL,NULL,30132,1,102,60),
 (20852,2,'Онпат',NULL,NULL,30131,7,231,240),
 (20851,3,'Борбор',NULL,NULL,30131,6,340,210),
 (20850,2,'Гусшудунд',NULL,NULL,30131,5,172,180),
 (20849,2,'Мозостют',NULL,NULL,30131,4,145,150),
 (20848,2,'Леткат',NULL,NULL,30131,3,261,120),
 (20847,2,'Оствосцен',NULL,NULL,30131,2,75,90),
 (20846,2,'Ундхатапе',NULL,NULL,30131,1,239,60),
 (20845,2,'Юттик',NULL,NULL,30130,8,192,270),
 (20844,2,'Акснутор',NULL,NULL,30130,7,86,240),
 (20843,3,'Шудгетцет',NULL,NULL,30130,6,269,210),
 (20842,1,'Фиалот',3,'25:33',30130,5,152,180),
 (20841,2,'Нуанцмег',NULL,NULL,30130,4,194,150),
 (20840,3,'Зодгетфас',NULL,NULL,30130,3,90,120),
 (20839,2,'Радго',NULL,NULL,30130,2,77,90),
 (20838,2,'Катлас',NULL,NULL,30130,1,124,60),
 (20837,3,'Лозсуе',NULL,NULL,30129,7,335,240),
 (20836,2,'Жацот',NULL,NULL,30129,6,335,210),
 (20835,3,'Абобин',NULL,NULL,30129,5,2,180),
 (20834,2,'Гетгетром',NULL,NULL,30129,4,244,150),
 (20833,2,'Тусне',NULL,NULL,30129,3,217,120),
 (20832,2,'Сытякне',NULL,NULL,30129,2,107,90),
 (20831,1,'Когасуг',3,'6:45',30129,1,128,60),
 (20830,2,'Фосокпу',NULL,NULL,30128,5,15,180),
 (20829,2,'Катцон',NULL,NULL,30128,4,209,150),
 (20828,2,'Амизенке',NULL,NULL,30128,3,275,120),
 (20827,2,'Неет',NULL,NULL,30128,2,302,90),
 (20826,1,'Дачапе',3,'19:26',30128,1,84,60),
 (20825,3,'Фатзот',NULL,NULL,30127,7,313,240),
 (20824,2,'Ромту',NULL,NULL,30127,6,357,210),
 (20823,2,'Равпат',NULL,NULL,30127,5,212,180),
 (20822,3,'Рыспоз',NULL,NULL,30127,4,314,150),
 (20821,2,'Метаве',NULL,NULL,30127,3,301,120),
 (20820,1,'Язторца',3,'28:47',30127,2,15,90),
 (20819,2,'Шудви',NULL,NULL,30127,1,255,60),
 (20818,3,'Дозусот',NULL,NULL,30126,5,154,180),
 (20817,2,'Ленфатци',NULL,NULL,30126,4,193,150),
 (20816,1,'Цетмузлас',3,'39:44',30126,3,272,120),
 (20815,3,'Балнит',NULL,NULL,30126,2,197,90),
 (20814,3,'Шуддоет',NULL,NULL,30126,1,147,60),
 (20813,3,'Пупу',NULL,NULL,30125,6,219,210),
 (20812,2,'Тусдот',NULL,NULL,30125,5,350,180),
 (20811,1,'Моссам',3,'18:10',30125,4,337,150),
 (20810,2,'Дотровбон',NULL,NULL,30125,3,145,120),
 (20809,3,'Випатрав',NULL,NULL,30125,2,145,90),
 (20808,3,'Назукжет',NULL,NULL,30125,1,207,60),
 (20807,2,'Судкас',NULL,NULL,30124,5,203,180),
 (20806,2,'Ласгетдос',NULL,NULL,30124,4,133,150),
 (20805,3,'Лумеф',NULL,NULL,30124,3,331,120),
 (20804,3,'Кету',NULL,NULL,30124,2,183,90),
 (20803,1,'Тормег',3,'9:42',30124,1,227,60),
 (20802,1,'Годсыт',3,'10:22',30123,6,350,210),
 (20801,2,'Балес',NULL,NULL,30123,5,350,180),
 (20800,3,'Торгасжет',NULL,NULL,30123,4,28,150),
 (20799,3,'Едфатдот',NULL,NULL,30123,3,235,120),
 (20798,3,'Нецио',NULL,NULL,30123,2,285,90),
 (20797,2,'Ромвонзос',NULL,NULL,30123,1,335,60),
 (20796,3,'Мосзарад',NULL,NULL,30122,5,270,180),
 (20795,2,'Шотлас',NULL,NULL,30122,4,62,150),
 (20794,1,'Туеур',3,'29:36',30122,3,48,120),
 (20793,3,'Едторлу',NULL,NULL,30122,2,355,90),
 (20792,2,'Вияк',NULL,NULL,30122,1,328,60),
 (20791,2,'Зусотанц',NULL,NULL,30121,6,205,210),
 (20790,2,'Сажкумег',NULL,NULL,30121,5,200,180),
 (20789,3,'Аднастик',NULL,NULL,30121,4,230,150),
 (20788,3,'Вонетгет',NULL,NULL,30121,3,144,120),
 (20787,2,'Мадсамтуе',NULL,NULL,30121,2,126,90),
 (20786,2,'Зодкон',NULL,NULL,30121,1,340,60),
 (20785,3,'Туабо',NULL,NULL,30120,5,129,180),
 (20784,2,'Фиаакссто',NULL,NULL,30120,4,87,150),
 (20783,3,'Торгуров',NULL,NULL,30120,3,110,120),
 (20782,3,'Аведосапе',NULL,NULL,30120,2,48,90),
 (20781,2,'Ондмисаж',NULL,NULL,30120,1,144,60),
 (20780,3,'Ефпод',NULL,NULL,30119,5,4,180),
 (20779,3,'Бетимтак',NULL,NULL,30119,4,354,150),
 (20778,2,'Тикнупу',NULL,NULL,30119,3,211,120),
 (20777,1,'Устсын',3,'2:12',30119,2,350,90),
 (20776,2,'Пушруз',NULL,NULL,30119,1,197,60),
 (20775,1,'Уствон',3,'15:17',30118,7,344,240),
 (20774,2,'Тежарог',NULL,NULL,30118,6,226,210),
 (20773,2,'Думби',NULL,NULL,30118,5,332,180),
 (20772,3,'Метсуе',NULL,NULL,30118,4,237,150),
 (20771,3,'Ютнот',NULL,NULL,30118,3,164,120),
 (20770,3,'Туеало',NULL,NULL,30118,2,51,90),
 (20769,2,'Амисуд',NULL,NULL,30118,1,139,60),
 (20768,2,'Самжа',NULL,NULL,30117,7,13,240),
 (20767,2,'Етшот',NULL,NULL,30117,6,115,210),
 (20766,2,'Сытхо',NULL,NULL,30117,5,313,180),
 (20765,2,'Циоукмеф',NULL,NULL,30117,4,104,150),
 (20764,3,'Шенсаж',NULL,NULL,30117,3,340,120),
 (20763,1,'Циажу',3,'25:30',30117,2,57,90),
 (20762,2,'Зотвослу',NULL,NULL,30117,1,229,60),
 (20761,3,'Домоняр',NULL,NULL,30116,5,99,180),
 (20760,3,'Юкласпуш',NULL,NULL,30116,4,17,150),
 (20759,1,'Кефиа',3,'42:25',30116,3,36,120),
 (20758,2,'Фаснасюф',NULL,NULL,30116,2,11,90),
 (20757,2,'Циоукца',NULL,NULL,30116,1,155,60),
 (20756,3,'Цитафхен',NULL,NULL,30115,6,78,210),
 (20755,2,'Домген',NULL,NULL,30115,5,126,180),
 (20754,2,'Юфдас',NULL,NULL,30115,4,126,150),
 (20753,3,'Ондярци',NULL,NULL,30115,3,126,120),
 (20752,1,'Совтакви',3,'44:7',30115,2,234,90),
 (20751,2,'Тордас',NULL,NULL,30115,1,79,60),
 (20750,3,'Рысмузмуз',NULL,NULL,30114,5,193,180),
 (20749,3,'Диет',NULL,NULL,30114,4,51,150),
 (20748,2,'Уфлозтуе',NULL,NULL,30114,3,176,120),
 (20747,2,'Тимаксшен',NULL,NULL,30114,2,97,90),
 (20746,1,'Лозмад',3,'13:38',30114,1,47,60),
 (20745,3,'Нофдосфас',NULL,NULL,30113,6,155,210),
 (20744,3,'Радгот',NULL,NULL,30113,5,215,180),
 (20743,2,'Конакс',NULL,NULL,30113,4,358,150),
 (20742,2,'Лоткенас',NULL,NULL,30113,3,301,120),
 (20741,2,'Алофос',NULL,NULL,30113,2,108,90),
 (20740,2,'Якпат',NULL,NULL,30113,1,257,60),
 (20739,2,'Нитярдум',NULL,NULL,30112,8,160,270),
 (20738,2,'Ромсын',NULL,NULL,30112,7,194,240),
 (20737,2,'Музапемоз',NULL,NULL,30112,6,263,210),
 (20736,3,'Гасюк',NULL,NULL,30112,5,61,180),
 (20735,1,'Аботуруз',3,'32:30',30112,4,302,150),
 (20734,3,'Урвонлу',NULL,NULL,30112,3,145,120),
 (20733,2,'Юкгенту',NULL,NULL,30112,2,96,90),
 (20732,2,'Угца',NULL,NULL,30112,1,163,60),
 (20731,3,'Випан',NULL,NULL,30111,7,296,240),
 (20730,2,'Зодрадмег',NULL,NULL,30111,6,56,210),
 (20729,2,'Гоажудум',NULL,NULL,30111,5,124,180),
 (20728,2,'Гетфантус',NULL,NULL,30111,4,1,150),
 (20727,2,'Гетсажцет',NULL,NULL,30111,3,125,120),
 (20726,2,'Гусмиес',NULL,NULL,30111,2,235,90),
 (20725,1,'Домдом',3,'21:47',30111,1,39,60);
/*!40000 ALTER TABLE `planets` ENABLE KEYS */;


--
-- Definition of table `planets_buildings`
--

DROP TABLE IF EXISTS `planets_buildings`;
CREATE TABLE `planets_buildings` (
  `id` int(10) unsigned NOT NULL AUTO_INCREMENT,
  `object_id` int(10) unsigned NOT NULL,
  `planet_id` int(10) unsigned NOT NULL,
  `x` int(10) unsigned NOT NULL,
  `y` int(10) unsigned NOT NULL,
  `level` int(10) unsigned NOT NULL DEFAULT '1',
  PRIMARY KEY (`id`),
  UNIQUE KEY `by_x_y` (`x`,`y`,`planet_id`),
  KEY `by_objects` (`object_id`),
  KEY `by_planet` (`planet_id`)
) ENGINE=MyISAM AUTO_INCREMENT=484 DEFAULT CHARSET=utf8;

--
-- Dumping data for table `planets_buildings`
--

/*!40000 ALTER TABLE `planets_buildings` DISABLE KEYS */;
INSERT INTO `planets_buildings` (`id`,`object_id`,`planet_id`,`x`,`y`,`level`) VALUES 
 (69,34,20001,6,2,10),
 (71,23,20001,5,2,10),
 (162,23,20001,6,0,5),
 (83,23,20001,8,1,10),
 (84,23,20001,8,2,10),
 (88,34,20001,7,3,10),
 (76,24,20001,4,3,10),
 (77,26,20001,6,3,0),
 (85,23,20001,4,1,10),
 (79,23,20001,7,2,10),
 (93,36,20001,3,1,10),
 (81,23,20001,6,1,10),
 (86,23,20001,4,2,10),
 (87,37,20001,5,3,10),
 (163,23,20001,0,0,10),
 (90,23,20001,2,1,10),
 (156,23,20001,5,1,5),
 (94,36,20001,3,2,10),
 (160,23,20001,4,0,10),
 (159,23,20001,3,0,10),
 (97,23,20001,8,3,10),
 (153,36,20001,10,3,6),
 (99,23,20001,7,4,10),
 (100,23,20001,6,4,10),
 (161,33,20001,5,0,10),
 (165,23,20001,0,1,4),
 (127,23,20001,3,3,10),
 (129,23,20001,7,1,10),
 (130,23,20001,4,4,9),
 (131,36,20001,3,4,9),
 (132,24,20001,5,4,10),
 (152,36,20001,10,2,6),
 (164,23,20001,1,1,8),
 (151,36,20001,10,1,5),
 (136,23,20001,2,2,9),
 (149,36,20001,9,2,7),
 (166,38,20001,7,0,1),
 (150,36,20001,9,3,7),
 (148,36,20001,9,1,6),
 (247,34,20002,24,24,9),
 (248,24,20002,26,24,10),
 (249,23,20002,27,24,10),
 (250,26,20002,25,24,0),
 (251,23,20002,26,25,10),
 (252,23,20002,27,25,10),
 (253,23,20002,35,28,10),
 (254,23,20002,34,29,10),
 (255,23,20002,35,29,10),
 (256,38,20002,26,23,4),
 (257,23,20002,36,28,10),
 (258,23,20002,36,29,10),
 (259,23,20002,35,30,10),
 (260,23,20002,36,30,10),
 (261,23,20002,26,27,10),
 (262,23,20002,27,27,10),
 (263,23,20002,28,27,10),
 (264,23,20002,24,26,10),
 (265,23,20002,24,27,10),
 (266,23,20002,25,27,10),
 (267,33,20002,25,25,5),
 (268,39,20002,24,25,3),
 (269,25,20002,25,26,10),
 (275,34,20002,24,23,5),
 (271,34,20002,25,23,5),
 (272,37,20002,26,26,6),
 (273,37,20002,27,26,4),
 (276,23,20002,44,27,10),
 (277,23,20002,45,27,10),
 (278,23,20002,45,28,10),
 (279,23,20002,44,28,10),
 (280,23,20002,46,27,10),
 (281,23,20002,46,28,10),
 (282,23,20002,47,28,10),
 (283,23,20002,44,29,10),
 (284,23,20002,45,29,10),
 (285,23,20002,46,29,10),
 (286,24,20002,47,27,10),
 (287,23,20002,22,23,7),
 (288,23,20002,22,24,8),
 (289,23,20002,21,24,6),
 (290,23,20002,47,29,10),
 (291,23,20002,48,28,10),
 (292,23,20002,49,28,10),
 (293,23,20002,48,29,10),
 (294,23,20002,49,29,10),
 (295,23,20002,44,30,10),
 (296,23,20002,45,30,10),
 (297,23,20002,46,30,10),
 (298,23,20002,47,30,10),
 (299,23,20002,48,30,10),
 (300,36,20002,28,26,6),
 (301,36,20002,29,26,5),
 (302,34,20002,44,26,10),
 (303,33,20002,45,26,10),
 (304,37,20002,48,27,7),
 (305,37,20002,49,27,8),
 (306,37,20002,46,26,10),
 (307,37,20002,47,26,9),
 (308,37,20002,48,26,10),
 (309,37,20002,49,26,10),
 (310,34,20002,43,26,10),
 (311,23,20002,49,30,10),
 (312,36,20002,45,25,10),
 (313,36,20002,46,25,10),
 (314,37,20002,48,25,10),
 (315,37,20002,47,25,10),
 (316,34,20002,42,26,8),
 (317,37,20002,49,25,10),
 (318,36,20002,44,25,10),
 (319,36,20002,43,25,10),
 (320,23,20002,44,31,10),
 (321,23,20002,45,31,10),
 (322,23,20002,46,31,10),
 (323,23,20002,47,31,10),
 (324,23,20002,48,31,10),
 (325,23,20002,49,31,10),
 (326,23,20002,4,35,10),
 (327,23,20002,5,35,10),
 (328,23,20002,6,35,10),
 (329,23,20002,7,35,10),
 (330,23,20002,8,35,10),
 (331,23,20002,9,35,10),
 (332,23,20002,4,36,10),
 (333,23,20002,5,36,10),
 (334,23,20002,22,26,10),
 (335,23,20002,22,25,10),
 (336,23,20002,21,23,10),
 (337,23,20002,23,23,10),
 (338,34,20002,41,26,8),
 (339,36,20002,42,27,2),
 (340,37,20002,43,27,1),
 (341,37,20002,43,28,1),
 (342,37,20002,42,28,1),
 (343,26,20036,43,32,0),
 (344,26,20041,2,4,0),
 (345,26,20051,45,36,0),
 (346,26,20054,42,9,0),
 (347,26,20070,6,19,0),
 (348,26,20077,46,19,0),
 (349,26,20081,20,1,0),
 (350,26,20092,34,34,0),
 (351,26,20096,35,17,0),
 (352,26,20101,39,34,0),
 (353,26,20120,18,26,0),
 (354,26,20126,0,3,0),
 (355,26,20129,19,8,0),
 (356,26,20134,30,38,0),
 (357,26,20140,9,37,0),
 (358,26,20148,8,8,0),
 (359,26,20150,39,18,0),
 (360,26,20166,33,22,0),
 (361,26,20172,13,41,0),
 (362,26,20177,17,46,0),
 (363,26,20184,30,14,0),
 (364,26,20191,40,17,0),
 (365,26,20202,17,6,0),
 (366,26,20208,6,3,0),
 (367,26,20212,20,32,0),
 (368,26,20219,39,35,0),
 (369,26,20228,2,41,0),
 (370,26,20235,19,5,0),
 (371,26,20247,24,8,0),
 (372,26,20252,40,16,0),
 (373,26,20263,20,17,0),
 (374,26,20266,27,6,0),
 (375,26,20279,11,13,0),
 (376,26,20282,32,49,0),
 (377,26,20288,44,43,0),
 (378,26,20300,15,32,0),
 (379,26,20303,44,15,0),
 (380,26,20312,38,2,0),
 (381,26,20316,18,33,0),
 (382,26,20322,42,16,0),
 (383,26,20328,46,32,0),
 (384,26,20335,34,41,0),
 (385,26,20342,15,9,0),
 (386,26,20355,1,20,0),
 (387,26,20363,3,34,0),
 (388,26,20369,49,30,0),
 (389,26,20375,37,24,0),
 (390,26,20381,42,18,0),
 (391,26,20391,19,6,0),
 (392,26,20395,20,2,0),
 (393,26,20402,29,20,0),
 (394,26,20415,17,11,0),
 (395,26,20423,18,18,0),
 (396,26,20433,14,35,0),
 (397,26,20437,10,20,0),
 (398,26,20445,19,14,0),
 (399,26,20450,7,20,0),
 (400,26,20456,46,40,0),
 (401,26,20467,3,39,0),
 (402,26,20469,46,23,0),
 (403,26,20479,37,40,0),
 (404,26,20487,47,46,0),
 (405,26,20496,33,21,0),
 (406,26,20511,36,4,0),
 (407,26,20516,13,6,0),
 (408,26,20533,8,30,0),
 (409,26,20538,38,46,0),
 (410,26,20547,11,48,0),
 (411,26,20555,27,45,0),
 (412,26,20563,32,41,0),
 (413,26,20567,7,18,0),
 (414,26,20574,5,47,0),
 (415,26,20585,22,18,0),
 (416,26,20591,47,39,0),
 (417,26,20595,2,12,0),
 (418,26,20601,38,38,0),
 (419,26,20606,11,17,0),
 (420,26,20621,28,36,0),
 (421,26,20631,26,0,0),
 (422,26,20641,36,23,0),
 (423,26,20644,16,21,0),
 (424,26,20656,32,12,0),
 (425,26,20661,29,9,0),
 (426,26,20667,15,0,0),
 (427,26,20677,10,14,0),
 (428,26,20681,6,27,0),
 (429,26,20684,36,43,0),
 (430,26,20692,44,7,0),
 (431,26,20697,48,22,0),
 (432,26,20707,11,29,0),
 (433,26,20714,20,23,0),
 (434,26,20720,48,46,0),
 (435,26,20725,21,47,0),
 (436,26,20735,32,30,0),
 (437,26,20746,13,38,0),
 (438,26,20752,44,7,0),
 (439,26,20759,42,25,0),
 (440,26,20763,25,30,0),
 (441,26,20775,15,17,0),
 (442,26,20777,2,12,0),
 (443,26,20794,29,36,0),
 (444,26,20802,10,22,0),
 (445,26,20803,9,42,0),
 (446,26,20811,18,10,0),
 (447,26,20816,39,44,0),
 (448,26,20820,28,47,0),
 (449,26,20826,19,26,0),
 (450,26,20831,6,45,0),
 (451,26,20842,25,33,0),
 (452,26,20856,26,30,0),
 (453,26,20858,12,40,0),
 (454,26,20871,29,21,0),
 (455,26,20881,41,22,0),
 (456,26,20894,26,19,0),
 (457,26,20902,40,11,0),
 (458,26,20912,47,0,0),
 (459,26,20916,46,39,0),
 (460,26,20926,8,0,0),
 (461,26,20936,36,24,0),
 (462,26,20939,35,28,0),
 (463,26,20947,5,12,0),
 (464,26,20959,17,22,0),
 (465,26,20968,40,13,0),
 (466,26,20972,23,35,0),
 (467,26,20977,33,9,0),
 (468,26,20987,20,43,0),
 (469,26,20992,42,13,0),
 (470,26,20995,3,34,0),
 (471,26,21010,41,3,0),
 (472,26,21015,27,38,0),
 (473,26,21021,26,13,0),
 (474,26,21022,11,41,0),
 (475,26,21033,29,3,0),
 (476,26,21036,49,23,0),
 (477,26,21045,25,8,0),
 (478,26,21054,26,0,0),
 (479,26,21064,36,23,0),
 (480,26,21067,16,21,0),
 (481,26,21079,32,12,0),
 (482,26,21084,29,9,0),
 (483,26,21090,15,0,0);
/*!40000 ALTER TABLE `planets_buildings` ENABLE KEYS */;


--
-- Definition of table `planets_disp`
--

DROP TABLE IF EXISTS `planets_disp`;
CREATE TABLE `planets_disp` (
  `event_id` int(10) unsigned NOT NULL AUTO_INCREMENT,
  `res_id` int(10) unsigned NOT NULL,
  `res_cnt` int(10) unsigned NOT NULL,
  `level` int(10) unsigned NOT NULL DEFAULT '1',
  PRIMARY KEY (`event_id`)
) ENGINE=MyISAM AUTO_INCREMENT=6930 DEFAULT CHARSET=utf8;

--
-- Dumping data for table `planets_disp`
--

/*!40000 ALTER TABLE `planets_disp` DISABLE KEYS */;
/*!40000 ALTER TABLE `planets_disp` ENABLE KEYS */;


--
-- Definition of table `planets_make`
--

DROP TABLE IF EXISTS `planets_make`;
CREATE TABLE `planets_make` (
  `event_id` int(10) unsigned NOT NULL AUTO_INCREMENT,
  `object_id` int(10) unsigned NOT NULL,
  `cycle` int(10) unsigned NOT NULL DEFAULT '1',
  PRIMARY KEY (`event_id`)
) ENGINE=MyISAM AUTO_INCREMENT=6053 DEFAULT CHARSET=utf8;

--
-- Dumping data for table `planets_make`
--

/*!40000 ALTER TABLE `planets_make` DISABLE KEYS */;
/*!40000 ALTER TABLE `planets_make` ENABLE KEYS */;


--
-- Definition of table `planets_mines`
--

DROP TABLE IF EXISTS `planets_mines`;
CREATE TABLE `planets_mines` (
  `event_id` int(10) unsigned NOT NULL AUTO_INCREMENT,
  `res_id` int(10) unsigned NOT NULL,
  `res_cnt` int(10) unsigned NOT NULL,
  `cycle` int(10) unsigned NOT NULL,
  PRIMARY KEY (`event_id`)
) ENGINE=MyISAM AUTO_INCREMENT=6934 DEFAULT CHARSET=utf8;

--
-- Dumping data for table `planets_mines`
--

/*!40000 ALTER TABLE `planets_mines` DISABLE KEYS */;
/*!40000 ALTER TABLE `planets_mines` ENABLE KEYS */;


--
-- Definition of table `ship_types`
--

DROP TABLE IF EXISTS `ship_types`;
CREATE TABLE `ship_types` (
  `object_id` int(10) unsigned NOT NULL AUTO_INCREMENT,
  `agrav` int(10) unsigned NOT NULL DEFAULT '0',
  `planet` int(10) unsigned NOT NULL DEFAULT '0',
  `hyper` int(10) unsigned NOT NULL DEFAULT '0',
  `shield` int(10) unsigned NOT NULL DEFAULT '0',
  `cargo` int(10) unsigned NOT NULL DEFAULT '0',
  `w_power` int(10) unsigned NOT NULL DEFAULT '0',
  `w_count` int(10) unsigned NOT NULL DEFAULT '0',
  `code` varchar(8) NOT NULL,
  `planet_cnt` int(10) unsigned NOT NULL,
  `hyper_cnt` int(10) unsigned NOT NULL,
  PRIMARY KEY (`object_id`)
) ENGINE=MyISAM AUTO_INCREMENT=4002 DEFAULT CHARSET=utf8;

--
-- Dumping data for table `ship_types`
--

/*!40000 ALTER TABLE `ship_types` DISABLE KEYS */;
INSERT INTO `ship_types` (`object_id`,`agrav`,`planet`,`hyper`,`shield`,`cargo`,`w_power`,`w_count`,`code`,`planet_cnt`,`hyper_cnt`) VALUES 
 (4001,1,10,10,0,1500,0,0,'МШ4001',1,1);
/*!40000 ALTER TABLE `ship_types` ENABLE KEYS */;


--
-- Definition of table `ships`
--

DROP TABLE IF EXISTS `ships`;
CREATE TABLE `ships` (
  `id` int(10) unsigned NOT NULL AUTO_INCREMENT,
  `object_id` int(10) unsigned NOT NULL,
  `place_id` int(10) unsigned NOT NULL,
  `place_type` int(10) unsigned NOT NULL COMMENT '0-orbit, 1-planet, 2-ship, 3-station, 5-in fly, 7-system point, 8-galaxy point',
  `user_id` int(10) unsigned DEFAULT NULL,
  `name` varchar(45) DEFAULT NULL,
  `arg1` int(10) unsigned DEFAULT NULL,
  `arg2` int(10) unsigned DEFAULT NULL,
  `fleet_id` int(10) unsigned DEFAULT NULL,
  PRIMARY KEY (`id`),
  KEY `by_place` (`place_type`,`place_id`)
) ENGINE=MyISAM AUTO_INCREMENT=10014 DEFAULT CHARSET=utf8;

--
-- Dumping data for table `ships`
--

/*!40000 ALTER TABLE `ships` DISABLE KEYS */;
INSERT INTO `ships` (`id`,`object_id`,`place_id`,`place_type`,`user_id`,`name`,`arg1`,`arg2`,`fleet_id`) VALUES 
 (10001,4001,30001,5,2,'МШ4001-1',NULL,NULL,57),
 (10002,4001,1,3,2,'МШ4001-2',NULL,NULL,NULL),
 (10003,4001,1,3,2,'МШ4001-3',NULL,NULL,NULL),
 (10004,4001,1,3,2,'МШ4001-4',NULL,NULL,NULL),
 (10008,4001,1,3,2,'МШ4001-8',NULL,NULL,NULL),
 (10007,4001,1,3,2,'МШ4001-7',NULL,NULL,NULL),
 (10009,4001,1,3,2,'МШ4001-9',NULL,NULL,NULL),
 (10010,4001,20002,0,2,'МШ4001-10',NULL,NULL,NULL),
 (10011,4001,30001,5,2,'МШ4001-11',NULL,NULL,57),
 (10012,4001,1,3,2,'МШ4001-12',NULL,NULL,NULL),
 (10013,4001,1,3,2,'МШ4001-13',NULL,NULL,NULL);
/*!40000 ALTER TABLE `ships` ENABLE KEYS */;


--
-- Definition of table `space_events`
--

DROP TABLE IF EXISTS `space_events`;
CREATE TABLE `space_events` (
  `id` int(10) unsigned NOT NULL AUTO_INCREMENT,
  `event_type` int(10) unsigned NOT NULL COMMENT '0/100-land ship/fleet,1/101-flyout ship/fleet, 2/102-fly planet ship/fleet, 3/103-fly point ship/fleet, 4/104-fly star ship/fleet, 5/105-fly galaxy ship/fleet',
  `ship_id` int(10) unsigned NOT NULL,
  `event_time` datetime NOT NULL,
  `timer` int(10) unsigned NOT NULL,
  `user_id` int(10) unsigned NOT NULL,
  `arg1` int(10) unsigned DEFAULT NULL,
  `arg2` int(10) unsigned DEFAULT NULL,
  PRIMARY KEY (`id`),
  KEY `by_time` (`event_time`),
  KEY `by_ship` (`ship_id`)
) ENGINE=MyISAM AUTO_INCREMENT=217 DEFAULT CHARSET=utf8;

--
-- Dumping data for table `space_events`
--

/*!40000 ALTER TABLE `space_events` DISABLE KEYS */;
INSERT INTO `space_events` (`id`,`event_type`,`ship_id`,`event_time`,`timer`,`user_id`,`arg1`,`arg2`) VALUES 
 (216,103,57,'2009-10-20 00:27:26',50,2,0,20002);
/*!40000 ALTER TABLE `space_events` ENABLE KEYS */;


--
-- Definition of table `stars`
--

DROP TABLE IF EXISTS `stars`;
CREATE TABLE `stars` (
  `id` int(10) unsigned NOT NULL AUTO_INCREMENT,
  `name` varchar(45) NOT NULL,
  `x` int(10) NOT NULL,
  `y` int(10) NOT NULL,
  `type` int(10) unsigned NOT NULL,
  PRIMARY KEY (`id`),
  KEY `by_x` (`x`),
  KEY `by_y` (`y`)
) ENGINE=MyISAM AUTO_INCREMENT=30170 DEFAULT CHARSET=utf8;

--
-- Dumping data for table `stars`
--

/*!40000 ALTER TABLE `stars` DISABLE KEYS */;
INSERT INTO `stars` (`id`,`name`,`x`,`y`,`type`) VALUES 
 (30001,'Сонтару',0,0,1),
 (30131,'Урпозсом',-32,-55,3),
 (30130,'Багетхо',-34,29,1),
 (30129,'Шенравакс',53,-31,2),
 (30128,'Алолендум',58,7,3),
 (30127,'Ядпозфеа',-37,-11,2),
 (30126,'Мефапекат',-5,-29,3),
 (30125,'Усподров',-52,16,2),
 (30124,'Зодсомлен',-12,38,3),
 (30123,'Такром',20,-30,2),
 (30122,'Жасуеакс',-7,-12,2),
 (30121,'Шудтор',18,30,2),
 (30120,'Думдас',1,-44,2),
 (30119,'Ласын',28,-11,2),
 (30118,'Ценяд',-17,16,1),
 (30117,'Контак',-22,0,3),
 (30116,'Редзавос',-22,-22,1),
 (30115,'Катют',7,-13,3),
 (30114,'Адко',11,1,3),
 (30113,'Жусров',4,9,2),
 (30112,'Сынтус',24,9,2),
 (30111,'Диок',0,18,2),
 (30132,'Отсотсаж',1,32,2),
 (30133,'Оксынур',11,64,2),
 (30134,'Цике',46,35,2),
 (30135,'Дасмег',31,-63,3),
 (30136,'Амидомбал',-51,-35,1),
 (30137,'Музфотте',26,49,2),
 (30138,'Стоязпод',-35,60,3),
 (30139,'Акссовсаж',0,57,3),
 (30140,'Кухат',51,21,2),
 (30141,'Сотпа',-76,-11,1),
 (30142,'Кошот',58,-11,3),
 (30143,'Бими',0,-79,2),
 (30144,'Геттик',24,62,1),
 (30145,'Жеттим',-66,46,1),
 (30146,'Мефнотла',45,-45,3),
 (30147,'Пузяд',13,-61,3),
 (30148,'Музвосус',-16,71,1),
 (30149,'Тешен',0,69,2),
 (30150,'Фатлас',-5,-62,3),
 (30151,'Фатторон',48,60,1),
 (30152,'Ефзот',-58,-18,1),
 (30153,'Рысяз',-78,15,3),
 (30154,'Роваз',-64,-1,3),
 (30155,'Кеабопер',-45,44,3),
 (30156,'Подютяр',69,37,1),
 (30157,'Тактимяр',77,-1,1),
 (30158,'Думсуд',-62,-64,2),
 (30159,'Рузхо',-22,-71,3),
 (30160,'Жетшен',36,67,2),
 (30161,'Нофнеаз',73,18,1),
 (30162,'Шуднасук',0,79,1),
 (30163,'Дасукбе',12,76,1),
 (30164,'Бонфан',57,48,3),
 (30165,'Буусмос',86,-33,2),
 (30166,'Стотимров',-78,-40,3),
 (30167,'Домуф',64,-46,3),
 (30168,'Урту',59,-78,3),
 (30169,'Паамиту',22,-83,1);
/*!40000 ALTER TABLE `stars` ENABLE KEYS */;


--
-- Definition of table `users`
--

DROP TABLE IF EXISTS `users`;
CREATE TABLE `users` (
  `id` int(10) unsigned NOT NULL AUTO_INCREMENT,
  `login` varchar(45) NOT NULL,
  `password` varchar(45) NOT NULL,
  `firstname` varchar(45) NOT NULL,
  `lastname` varchar(45) NOT NULL,
  `email` varchar(150) NOT NULL,
  `ssid` varchar(200) NOT NULL,
  `lastlogin` timestamp NOT NULL DEFAULT CURRENT_TIMESTAMP ON UPDATE CURRENT_TIMESTAMP,
  `status` decimal(10,0) NOT NULL DEFAULT '1',
  `place_id` int(10) unsigned NOT NULL COMMENT 'Object ID where user is',
  `place_type` int(10) unsigned NOT NULL COMMENT '0-orbit, 1-planet, 2-ship, 3-station, 4-star, 5-in fly, 7-system point, 8-galaxy point',
  PRIMARY KEY (`id`),
  KEY `by_ssid` (`ssid`),
  KEY `by_login_pass` (`login`,`password`)
) ENGINE=MyISAM AUTO_INCREMENT=4 DEFAULT CHARSET=utf8 COMMENT='Users table';

--
-- Dumping data for table `users`
--

/*!40000 ALTER TABLE `users` DISABLE KEYS */;
INSERT INTO `users` (`id`,`login`,`password`,`firstname`,`lastname`,`email`,`ssid`,`lastlogin`,`status`,`place_id`,`place_type`) VALUES 
 (1,'root','827ccb0eea8a706c4c34a16891f84e7b','admin','admin','root@localhost','1','2009-09-21 23:10:55','1',20001,1),
 (2,'admin','827ccb0eea8a706c4c34a16891f84e7b','admin','admin','admin@localhost','ehosv2vohtg82e4s3ql66dgbd5','2009-10-19 22:55:22','1',57,6),
 (3,'tester','827ccb0eea8a706c4c34a16891f84e7b','test','tester','test@localhost','l88361l5uambfavbj93547pge7','2009-10-17 23:14:27','1',21090,1);
/*!40000 ALTER TABLE `users` ENABLE KEYS */;


--
-- Definition of table `users_books`
--

DROP TABLE IF EXISTS `users_books`;
CREATE TABLE `users_books` (
  `user_id` int(10) unsigned NOT NULL,
  `book_id` int(10) unsigned NOT NULL,
  `level` int(10) unsigned NOT NULL,
  PRIMARY KEY (`user_id`,`book_id`)
) ENGINE=MyISAM DEFAULT CHARSET=utf8;

--
-- Dumping data for table `users_books`
--

/*!40000 ALTER TABLE `users_books` DISABLE KEYS */;
INSERT INTO `users_books` (`user_id`,`book_id`,`level`) VALUES 
 (1,1,2),
 (1,4,4),
 (2,4,9),
 (2,2,10),
 (2,5,10),
 (2,1,9),
 (2,3,10),
 (2,6,10),
 (2,7,10);
/*!40000 ALTER TABLE `users_books` ENABLE KEYS */;


--
-- Definition of table `users_chr`
--

DROP TABLE IF EXISTS `users_chr`;
CREATE TABLE `users_chr` (
  `user_id` int(10) unsigned NOT NULL,
  `exp` int(10) unsigned NOT NULL DEFAULT '0',
  `level` int(10) unsigned NOT NULL DEFAULT '0',
  `relationship` int(11) NOT NULL DEFAULT '100',
  PRIMARY KEY (`user_id`)
) ENGINE=MyISAM DEFAULT CHARSET=utf8;

--
-- Dumping data for table `users_chr`
--

/*!40000 ALTER TABLE `users_chr` DISABLE KEYS */;
INSERT INTO `users_chr` (`user_id`,`exp`,`level`,`relationship`) VALUES 
 (1,0,1,100),
 (2,10,1,100);
/*!40000 ALTER TABLE `users_chr` ENABLE KEYS */;


--
-- Definition of table `users_messages`
--

DROP TABLE IF EXISTS `users_messages`;
CREATE TABLE `users_messages` (
  `id` int(10) unsigned NOT NULL AUTO_INCREMENT,
  `msg_date` datetime NOT NULL,
  `to_user` int(10) unsigned NOT NULL,
  `from_user` int(10) unsigned NOT NULL,
  `text` longtext NOT NULL,
  PRIMARY KEY (`id`),
  KEY `by_user` (`to_user`),
  KEY `by_date` (`msg_date`)
) ENGINE=MyISAM AUTO_INCREMENT=15627 DEFAULT CHARSET=utf8;

--
-- Dumping data for table `users_messages`
--

/*!40000 ALTER TABLE `users_messages` DISABLE KEYS */;
INSERT INTO `users_messages` (`id`,`msg_date`,`to_user`,`from_user`,`text`) VALUES 
 (15576,'2009-09-27 03:11:05',2,1,'Переработка материала \'Кварц\' на объекте с координатами 26,24 завершена успешно.'),
 (15577,'2009-09-27 03:11:20',2,1,'Переработка материала \'Вода\' на объекте с координатами 47,27 завершена успешно.'),
 (15578,'2009-09-28 01:18:05',2,1,'Переработка материала \'Турманит\' на объекте с координатами 47,27 завершена успешно.'),
 (15579,'2009-09-28 10:07:39',2,1,'Изучение науки \'Скорочтение\' завершено успешно.'),
 (15580,'2009-09-28 01:19:31',2,1,'Усовершенствование объекта \'Буровая\' с координатами 48,26 завершено успешно.'),
 (15581,'2009-09-28 01:21:27',2,1,'Переработка материала \'Колвезит\' на объекте с координатами 47,27 завершена успешно.'),
 (15582,'2009-09-28 01:24:01',2,1,'Циклы добычи материала \'Иллит\' на объекте с координатами 43,27 завершены успешно.'),
 (15583,'2009-09-28 01:24:04',2,1,'Циклы добычи материала \'Монацит\' на объекте с координатами 43,28 завершены успешно.'),
 (15584,'2009-09-28 01:24:11',2,1,'Циклы добычи материала \'Иллит\' на объекте с координатами 42,28 завершены успешно.'),
 (15585,'2009-09-28 01:19:30',2,1,'Усовершенствование объекта \'Электростанция\' с координатами 41,26 завершено успешно.'),
 (15586,'2009-09-28 01:19:34',2,1,'Усовершенствование объекта \'Электростанция\' с координатами 42,26 завершено успешно.'),
 (15587,'2009-09-28 01:26:08',2,1,'Циклы добычи материала \'Каинит\' на объекте с координатами 42,27 завершены успешно.'),
 (15588,'2009-09-28 01:53:42',2,1,'Циклы добычи материала \'Эвдиалит\' на объекте с координатами 48,27 завершены успешно.'),
 (15589,'2009-09-28 01:58:46',2,1,'Циклы добычи материала \'Пираргирит\' на объекте с координатами 49,27 завершены успешно.'),
 (15590,'2009-09-28 01:40:38',2,1,'Циклы добычи материала \'Гематит\' на объекте с координатами 44,27 завершены успешно.'),
 (15591,'2009-09-28 01:40:41',2,1,'Циклы добычи материала \'Гематит\' на объекте с координатами 45,27 завершены успешно.'),
 (15592,'2009-09-28 01:40:43',2,1,'Циклы добычи материала \'Гематит\' на объекте с координатами 46,27 завершены успешно.'),
 (15593,'2009-09-28 01:40:46',2,1,'Циклы добычи материала \'Гематит\' на объекте с координатами 44,28 завершены успешно.'),
 (15594,'2009-09-28 01:40:49',2,1,'Циклы добычи материала \'Гематит\' на объекте с координатами 45,28 завершены успешно.'),
 (15595,'2009-09-28 01:40:51',2,1,'Циклы добычи материала \'Гематит\' на объекте с координатами 46,28 завершены успешно.'),
 (15596,'2009-09-28 01:40:54',2,1,'Циклы добычи материала \'Гематит\' на объекте с координатами 47,28 завершены успешно.'),
 (15597,'2009-09-28 01:40:57',2,1,'Циклы добычи материала \'Гематит\' на объекте с координатами 48,28 завершены успешно.'),
 (15598,'2009-09-28 01:41:00',2,1,'Циклы добычи материала \'Гематит\' на объекте с координатами 49,28 завершены успешно.'),
 (15599,'2009-09-28 01:41:47',2,1,'Циклы добычи материала \'Гематит\' на объекте с координатами 44,29 завершены успешно.'),
 (15600,'2009-09-28 01:41:50',2,1,'Циклы добычи материала \'Гематит\' на объекте с координатами 45,29 завершены успешно.'),
 (15601,'2009-09-28 01:41:53',2,1,'Циклы добычи материала \'Гематит\' на объекте с координатами 46,29 завершены успешно.'),
 (15602,'2009-09-28 02:03:49',2,1,'Циклы добычи материала \'Каломель\' на объекте с координатами 47,26 завершены успешно.'),
 (15603,'2009-09-28 01:53:05',2,1,'Циклы добычи материала \'Гемиморфит\' на объекте с координатами 46,25 завершены успешно.'),
 (15604,'2009-09-28 01:41:56',2,1,'Циклы добычи материала \'Гематит\' на объекте с координатами 47,29 завершены успешно.'),
 (15605,'2009-09-28 01:42:00',2,1,'Циклы добычи материала \'Гематит\' на объекте с координатами 48,29 завершены успешно.'),
 (15606,'2009-09-28 01:42:03',2,1,'Циклы добычи материала \'Гематит\' на объекте с координатами 49,29 завершены успешно.'),
 (15607,'2009-09-28 01:42:07',2,1,'Циклы добычи материала \'Гематит\' на объекте с координатами 44,30 завершены успешно.'),
 (15608,'2009-09-28 01:42:10',2,1,'Циклы добычи материала \'Гематит\' на объекте с координатами 45,30 завершены успешно.'),
 (15609,'2009-09-28 01:42:13',2,1,'Циклы добычи материала \'Гематит\' на объекте с координатами 46,30 завершены успешно.'),
 (15610,'2009-09-28 01:42:17',2,1,'Циклы добычи материала \'Гематит\' на объекте с координатами 47,30 завершены успешно.'),
 (15611,'2009-09-28 01:42:20',2,1,'Циклы добычи материала \'Гематит\' на объекте с координатами 48,30 завершены успешно.'),
 (15612,'2009-09-28 01:42:23',2,1,'Циклы добычи материала \'Гематит\' на объекте с координатами 49,30 завершены успешно.'),
 (15613,'2009-09-28 01:42:28',2,1,'Циклы добычи материала \'Гематит\' на объекте с координатами 44,31 завершены успешно.'),
 (15614,'2009-09-28 01:42:31',2,1,'Циклы добычи материала \'Гематит\' на объекте с координатами 45,31 завершены успешно.'),
 (15615,'2009-09-28 01:42:34',2,1,'Циклы добычи материала \'Гематит\' на объекте с координатами 46,31 завершены успешно.'),
 (15616,'2009-09-28 01:42:38',2,1,'Циклы добычи материала \'Гематит\' на объекте с координатами 47,31 завершены успешно.'),
 (15617,'2009-09-28 01:42:42',2,1,'Циклы добычи материала \'Гематит\' на объекте с координатами 48,31 завершены успешно.'),
 (15618,'2009-09-28 01:42:46',2,1,'Циклы добычи материала \'Гематит\' на объекте с координатами 49,31 завершены успешно.'),
 (15619,'2009-09-28 01:52:53',2,1,'Циклы добычи материала \'Брусит\' на объекте с координатами 43,25 завершены успешно.'),
 (15620,'2009-09-28 01:52:57',2,1,'Циклы добычи материала \'Гаусманит\' на объекте с координатами 44,25 завершены успешно.'),
 (15621,'2009-09-28 01:53:01',2,1,'Циклы добычи материала \'Данбурит\' на объекте с координатами 45,25 завершены успешно.'),
 (15622,'2009-09-28 02:08:09',2,1,'Циклы добычи материала \'Рубицин\' на объекте с координатами 47,25 завершены успешно.'),
 (15623,'2009-09-28 02:08:15',2,1,'Циклы добычи материала \'Настуран\' на объекте с координатами 48,25 завершены успешно.'),
 (15624,'2009-09-28 02:08:19',2,1,'Циклы добычи материала \'Опал\' на объекте с координатами 49,25 завершены успешно.'),
 (15625,'2009-09-28 02:08:23',2,1,'Циклы добычи материала \'Турманит\' на объекте с координатами 46,26 завершены успешно.'),
 (15626,'2009-09-28 02:08:39',2,1,'Циклы добычи материала \'Колвезит\' на объекте с координатами 49,26 завершены успешно.');
/*!40000 ALTER TABLE `users_messages` ENABLE KEYS */;


--
-- Definition of table `warehouse`
--

DROP TABLE IF EXISTS `warehouse`;
CREATE TABLE `warehouse` (
  `id` int(10) unsigned NOT NULL AUTO_INCREMENT,
  `place_id` int(10) unsigned NOT NULL,
  `place_type` int(10) unsigned NOT NULL COMMENT '1-planet, 2-ship, 3-station',
  `object_id` int(10) unsigned NOT NULL,
  `object_cnt` int(10) unsigned NOT NULL,
  PRIMARY KEY (`id`),
  KEY `index_places` (`place_id`,`place_type`)
) ENGINE=MyISAM AUTO_INCREMENT=830 DEFAULT CHARSET=utf8;

--
-- Dumping data for table `warehouse`
--

/*!40000 ALTER TABLE `warehouse` DISABLE KEYS */;
INSERT INTO `warehouse` (`id`,`place_id`,`place_type`,`object_id`,`object_cnt`) VALUES 
 (400,20002,1,1020,2775),
 (399,20002,1,6002,1),
 (398,20002,1,2001,5),
 (396,20002,1,1029,231),
 (590,20002,1,6000,5),
 (801,20002,1,5015,2700),
 (571,20002,1,2000,22),
 (391,20002,1,1043,12865),
 (390,20002,1,1032,1194),
 (406,20002,1,1021,43),
 (405,20002,1,6003,1),
 (389,8,6,1034,754),
 (388,8,6,1049,718),
 (385,20002,1,1030,11307),
 (715,20002,1,5060,60),
 (714,20002,1,5018,29),
 (378,20002,1,1013,2071),
 (376,20002,1,1016,3473),
 (403,20002,1,2002,5),
 (411,20002,1,6005,1),
 (412,20002,1,1008,376),
 (413,20002,1,2005,6),
 (415,20002,1,4001,11),
 (417,20002,1,5024,70),
 (419,20002,1,1048,1086),
 (421,20002,1,1001,122),
 (422,20002,1,1027,136),
 (443,20002,1,2004,7),
 (442,20002,1,2003,8),
 (471,20002,1,1039,1302),
 (829,20002,1,1046,199),
 (473,20002,1,1022,10),
 (592,20002,1,7001,1),
 (507,20002,1,1011,254),
 (782,20002,1,5058,140),
 (769,20002,0,1037,800),
 (510,20002,1,1045,127),
 (511,20002,1,1024,2086),
 (512,20002,1,1023,547),
 (513,20002,1,1002,77),
 (515,20002,1,1010,186),
 (528,20002,1,1044,827),
 (520,20002,1,1035,271),
 (521,20002,1,1000,738),
 (522,20002,1,1047,11),
 (523,20002,1,1009,81),
 (588,20002,1,6001,2),
 (562,20002,1,1033,202),
 (601,20002,1,6004,1),
 (788,20002,1,5049,200),
 (605,20002,0,1022,1500),
 (606,20002,0,1045,6499),
 (607,20002,0,1011,4500),
 (609,20002,0,1013,4500),
 (610,20002,0,1043,300),
 (611,20002,0,1038,4700),
 (608,20002,0,1030,10000),
 (617,20002,0,7001,1),
 (647,20002,0,1007,700),
 (645,20002,0,1023,100),
 (646,20002,0,1024,100),
 (732,20002,1,1034,80),
 (784,20002,1,5030,180),
 (694,8,2,1019,4633),
 (701,8,2,5018,1),
 (712,8,6,1014,1345),
 (717,20002,1,1014,51),
 (726,20002,1,1004,119),
 (797,20002,1,1037,184),
 (751,20002,1,1049,400),
 (742,20002,1,5033,50),
 (743,20002,1,5045,60),
 (750,20002,0,1016,1500),
 (802,20002,1,5016,100),
 (803,20002,1,5008,100),
 (804,20002,1,5014,100),
 (805,20002,1,5020,100),
 (806,20002,1,5041,100),
 (807,20002,1,5042,100),
 (808,20002,1,5053,100),
 (809,20002,1,5034,100),
 (810,20002,1,5046,80),
 (811,20002,1,1007,5),
 (812,20002,1,5026,20),
 (813,20002,1,5039,10),
 (814,20002,1,5028,20),
 (823,10010,2,1019,11),
 (825,10011,2,1044,261),
 (826,10002,2,1019,1335),
 (827,10001,2,1019,762);
/*!40000 ALTER TABLE `warehouse` ENABLE KEYS */;




/*!40101 SET SQL_MODE=@OLD_SQL_MODE */;
/*!40014 SET FOREIGN_KEY_CHECKS=@OLD_FOREIGN_KEY_CHECKS */;
/*!40014 SET UNIQUE_CHECKS=@OLD_UNIQUE_CHECKS */;
/*!40101 SET CHARACTER_SET_CLIENT=@OLD_CHARACTER_SET_CLIENT */;
/*!40101 SET CHARACTER_SET_RESULTS=@OLD_CHARACTER_SET_RESULTS */;
/*!40101 SET COLLATION_CONNECTION=@OLD_COLLATION_CONNECTION */;
/*!40101 SET CHARACTER_SET_CLIENT=@OLD_CHARACTER_SET_CLIENT */;
